train_id,station_id,planned_arrival,planned_departure,actual_arrival,actual_departure,platform,stop_type,observations,timestamp,stop_sequence,composition
25663,71801,2026-03-16 16:46:00,2026-03-16 16:46:00,2026-03-16 17:02:00,2026-03-16 17:02:00,,C,,2026-03-16 16:27:54,,
25663,71801,2026-03-16 16:56:19,2026-03-16 16:57:19,2026-03-16 17:12:19,2026-03-16 17:13:19,,C,,2026-03-16 16:02:27,,
25663,71801,2026-03-16 17:22:49,2026-03-16 17:22:49,2026-03-16 17:38:49,2026-03-16 17:38:49,,C,,2026-03-16 17:02:11,,
25663,71801,2026-03-16 17:32:00,2026-03-16 17:47:00,2026-03-16 17:48:00,2026-03-16 18:03:00,,C,,2026-03-16 15:55:52,,
25663,71801,2026-03-16 17:48:32,2026-03-16 17:49:32,2026-03-16 18:04:32,2026-03-16 18:05:32,,C,,2026-03-16 17:48:04,,
25663,71801,2026-03-16 17:54:00,2026-03-16 17:39:36,2026-03-16 18:10:00,2026-03-16 17:55:36,,C,,2026-03-16 16:37:38,,
25663,71801,2026-03-16 17:54:00,2026-03-16 17:48:00,2026-03-16 18:10:00,2026-03-16 18:04:00,,C,,2026-03-16 16:52:36,,
25663,71801,2026-03-16 17:54:00,2026-03-16 17:15:00,2026-03-16 18:10:00,2026-03-16 17:31:00,,C,,2026-03-16 17:15:10,,
25663,71801,2026-03-16 17:54:00,2026-03-16 17:55:00,2026-03-16 18:10:00,2026-03-16 18:11:00,,C,,2026-03-16 17:41:27,,
25663,71801,2026-03-16 17:55:47,2026-03-16 17:56:47,2026-03-16 18:11:47,2026-03-16 18:12:47,9,C,,2026-03-16 17:51:28,,
25663,71801,2026-03-16 18:06:00,2026-03-16 18:09:00,2026-03-16 18:22:00,2026-03-16 18:25:00,,C,,2026-03-16 16:55:52,,
25663,71801,2026-03-16 18:12:47,2026-03-16 18:17:47,2026-03-16 18:28:47,2026-03-16 18:33:47,,C,,2026-03-16 17:41:27,,
25663,71801,2026-03-16 18:21:00,2026-03-16 18:24:00,2026-03-16 18:37:00,2026-03-16 18:40:00,,C,,2026-03-16 16:21:30,,
25663,71801,2026-03-16 18:21:00,2026-03-16 18:22:00,2026-03-16 18:37:00,2026-03-16 18:38:00,,C,,2026-03-16 16:37:38,,
25663,71801,2026-03-16 19:30:00,2026-03-16 19:35:00,2026-03-16 19:46:00,2026-03-16 19:51:00,,C,,2026-03-16 17:34:40,,
25663,72305,2026-03-16 15:46:00,2026-03-16 17:34:00,2026-03-16 16:02:00,2026-03-16 17:50:00,,C,,2026-03-16 17:15:10,,
25663,72305,2026-03-16 16:40:23,2026-03-16 16:43:23,2026-03-16 16:56:23,2026-03-16 16:59:23,,C,,2026-03-16 16:15:00,,
25663,72305,2026-03-16 16:43:00,2026-03-16 16:43:00,2026-03-16 16:59:00,2026-03-16 16:59:00,,C,,2026-03-16 16:27:54,,
25663,72305,2026-03-16 16:53:19,2026-03-16 16:53:19,2026-03-16 17:09:19,2026-03-16 17:09:19,,C,,2026-03-16 16:02:27,,
25663,72305,2026-03-16 16:58:12,2026-03-16 17:01:12,2026-03-16 17:14:12,2026-03-16 17:17:12,,C,,2026-03-16 16:15:00,,
25663,72305,2026-03-16 17:16:00,2026-03-16 18:20:00,2026-03-16 17:32:00,2026-03-16 18:36:00,,C,,2026-03-16 16:21:30,,
25663,72305,2026-03-16 17:24:00,2026-03-16 17:31:00,2026-03-16 17:40:00,2026-03-16 17:47:00,,C,,2026-03-16 15:55:52,,
25663,72305,2026-03-16 17:24:00,2026-03-16 17:28:00,2026-03-16 17:40:00,2026-03-16 17:44:00,,C,,2026-03-16 16:15:00,,
25663,72305,2026-03-16 17:48:00,2026-03-16 17:40:00,2026-03-16 18:04:00,2026-03-16 17:56:00,,C,,2026-03-16 16:27:54,,
25663,72305,2026-03-16 17:48:00,2026-03-16 17:56:00,2026-03-16 18:04:00,2026-03-16 18:12:00,,C,,2026-03-16 16:37:38,,
25663,72305,2026-03-16 17:48:00,2026-03-16 18:18:00,2026-03-16 18:04:00,2026-03-16 18:34:00,,C,,2026-03-16 16:37:38,,
25663,72305,2026-03-16 17:48:00,2026-03-16 18:21:00,2026-03-16 18:04:00,2026-03-16 18:37:00,,C,,2026-03-16 16:40:18,,
25663,72305,2026-03-16 17:48:00,2026-03-16 17:48:52,2026-03-16 18:04:00,2026-03-16 18:04:52,,C,,2026-03-16 16:46:26,,
25663,72305,2026-03-16 17:48:00,2026-03-16 19:40:00,2026-03-16 18:04:00,2026-03-16 19:56:00,,C,,2026-03-16 17:02:11,,
25663,72305,2026-03-16 17:48:00,2026-03-16 17:09:00,2026-03-16 18:04:00,2026-03-16 17:25:00,,C,,2026-03-16 17:15:10,,
25663,72305,2026-03-16 17:48:00,2026-03-16 18:06:00,2026-03-16 18:04:00,2026-03-16 18:22:00,11,C,,2026-03-16 17:31:36,,
25663,72305,2026-03-16 17:48:00,2026-03-16 18:38:06,2026-03-16 18:04:00,2026-03-16 18:54:06,11,C,,2026-03-16 17:34:40,,
25663,72305,2026-03-16 17:48:00,2026-03-16 18:11:47,2026-03-16 18:04:00,2026-03-16 18:27:47,11,C,,2026-03-16 17:41:27,,
25663,72305,2026-03-16 17:48:00,2026-03-16 17:48:00,2026-03-16 18:04:00,2026-03-16 18:04:00,11,C,,2026-03-16 17:41:27,,
25663,72305,2026-03-16 18:32:00,2026-03-16 18:33:00,2026-03-16 18:48:00,2026-03-16 18:49:00,,C,,2026-03-16 16:15:00,,
25663,72305,2026-03-16 19:09:00,2026-03-16 19:14:00,2026-03-16 19:25:00,2026-03-16 19:30:00,,C,,2026-03-16 17:21:34,,
25663,72305,2026-03-16 19:19:00,2026-03-16 19:30:00,2026-03-16 19:35:00,2026-03-16 19:46:00,11,C,,2026-03-16 17:34:40,,
25663,78804,2026-03-16 16:45:00,2026-03-16 17:47:00,2026-03-16 17:01:00,2026-03-16 18:03:00,1,C,,2026-03-16 15:55:52,,
25663,78804,2026-03-16 17:19:00,2026-03-16 18:19:00,2026-03-16 17:35:00,2026-03-16 18:35:00,1,C,,2026-03-16 17:15:10,,
25663,78804,2026-03-16 17:57:32,2026-03-16 17:57:32,2026-03-16 18:13:32,2026-03-16 18:13:32,1,C,,2026-03-16 17:48:04,,
25663,78804,2026-03-16 18:03:00,2026-03-16 19:13:00,2026-03-16 18:19:00,2026-03-16 19:29:00,1,C,,2026-03-16 16:21:30,,
25663,78804,2026-03-16 18:03:00,2026-03-16 16:53:00,2026-03-16 18:19:00,2026-03-16 17:09:00,1,C,,2026-03-16 16:27:54,,
25663,78804,2026-03-16 18:03:00,2026-03-16 17:48:00,2026-03-16 18:19:00,2026-03-16 18:04:00,1,C,,2026-03-16 16:46:26,,
25663,78804,2026-03-16 18:03:00,2026-03-16 17:49:00,2026-03-16 18:19:00,2026-03-16 18:05:00,1,C,,2026-03-16 17:24:56,,
25663,78804,2026-03-16 18:03:00,2026-03-16 18:15:00,2026-03-16 18:19:00,2026-03-16 18:31:00,1,C,,2026-03-16 17:31:36,,
25663,78804,2026-03-16 18:03:00,2026-03-16 18:03:00,2026-03-16 18:19:00,2026-03-16 18:19:00,1,C,,2026-03-16 17:41:27,,
25663,78804,2026-03-16 18:03:01,2026-03-16 18:03:01,2026-03-16 18:19:01,2026-03-16 18:19:01,1,C,,2026-03-16 17:57:55,,
25663,78804,2026-03-16 18:03:02,2026-03-16 18:46:00,2026-03-16 18:19:02,2026-03-16 19:02:00,1,C,,2026-03-16 17:54:36,,
25663,78804,2026-03-16 18:03:02,2026-03-16 18:03:02,2026-03-16 18:19:02,2026-03-16 18:19:02,1,C,,2026-03-16 17:54:36,,
25663,78804,2026-03-16 18:03:11,2026-03-16 18:03:11,2026-03-16 18:19:11,2026-03-16 18:19:11,1,C,,2026-03-16 18:01:18,,
25663,78804,2026-03-16 18:03:36,2026-03-16 18:03:36,2026-03-16 18:19:36,2026-03-16 18:19:36,1,C,,2026-03-16 16:37:38,,
25663,78804,2026-03-16 18:04:47,2026-03-16 18:04:47,2026-03-16 18:20:47,2026-03-16 18:20:47,1,C,,2026-03-16 17:51:28,,
25663,78804,2026-03-16 18:20:00,2026-03-16 18:21:00,2026-03-16 18:36:00,2026-03-16 18:37:00,1,C,,2026-03-16 17:48:04,,
25663,78804,2026-03-16 18:22:51,2026-03-16 18:49:45,2026-03-16 18:38:51,2026-03-16 19:05:45,1,C,,2026-03-16 17:08:46,,
25663,78804,2026-03-16 18:29:47,2026-03-16 18:30:47,2026-03-16 18:45:47,2026-03-16 18:46:47,1,C,,2026-03-16 17:41:27,,
25663,78804,2026-03-16 18:30:00,2026-03-16 18:38:00,2026-03-16 18:46:00,2026-03-16 18:54:00,1,C,,2026-03-16 16:37:38,,
25663,78804,2026-03-16 18:30:00,2026-03-16 18:30:00,2026-03-16 18:46:00,2026-03-16 18:46:00,1,C,,2026-03-16 16:40:18,,
25663,78804,2026-03-16 19:23:00,2026-03-16 17:56:00,2026-03-16 19:39:00,2026-03-16 18:12:00,1,C,,2026-03-16 17:48:04,,
25663,78804,2026-03-16 19:33:00,2026-03-16 19:33:00,2026-03-16 19:49:00,2026-03-16 19:49:00,1,C,,2026-03-16 17:21:34,,
25663,78805,2026-03-16 15:53:11,2026-03-16 18:00:23,2026-03-16 16:09:11,2026-03-16 18:16:23,1,C,,2026-03-16 16:02:27,,
25663,78805,2026-03-16 17:25:47,2026-03-16 18:25:47,2026-03-16 17:41:47,2026-03-16 18:41:47,1,C,,2026-03-16 17:41:27,,
25663,78805,2026-03-16 17:25:49,2026-03-16 18:00:49,2026-03-16 17:41:49,2026-03-16 18:16:49,1,C,,2026-03-16 17:02:11,,
25663,78805,2026-03-16 17:34:00,2026-03-16 17:35:00,2026-03-16 17:50:00,2026-03-16 17:51:00,1,C,,2026-03-16 17:24:56,,
25663,78805,2026-03-16 17:53:32,2026-03-16 17:54:32,2026-03-16 18:09:32,2026-03-16 18:10:32,1,C,,2026-03-16 17:48:04,,
25663,78805,2026-03-16 17:59:00,2026-03-16 17:41:00,2026-03-16 18:15:00,2026-03-16 17:57:00,1,C,,2026-03-16 16:15:00,,
25663,78805,2026-03-16 17:59:00,2026-03-16 18:29:00,2026-03-16 18:15:00,2026-03-16 18:45:00,1,C,,2026-03-16 17:21:34,,
25663,78805,2026-03-16 17:59:00,2026-03-16 18:45:00,2026-03-16 18:15:00,2026-03-16 19:01:00,1,C,,2026-03-16 17:34:40,,
25663,78805,2026-03-16 17:59:00,2026-03-16 18:00:00,2026-03-16 18:15:00,2026-03-16 18:16:00,1,C,,2026-03-16 17:41:27,,
25663,78805,2026-03-16 17:59:01,2026-03-16 18:00:01,2026-03-16 18:15:01,2026-03-16 18:16:01,1,C,,2026-03-16 17:57:55,,
25663,78805,2026-03-16 17:59:02,2026-03-16 18:00:02,2026-03-16 18:15:02,2026-03-16 18:16:02,1,C,,2026-03-16 17:54:36,,
25663,78805,2026-03-16 17:59:36,2026-03-16 18:00:36,2026-03-16 18:15:36,2026-03-16 18:16:36,1,C,,2026-03-16 16:37:38,,
25663,78805,2026-03-16 18:00:47,2026-03-16 18:01:47,2026-03-16 18:16:47,2026-03-16 18:17:47,1,C,,2026-03-16 17:51:28,,
25663,78805,2026-03-16 18:16:00,2026-03-16 18:16:00,2026-03-16 18:32:00,2026-03-16 18:32:00,1,C,,2026-03-16 17:48:04,,
25663,78805,2026-03-16 18:25:00,2026-03-16 19:02:00,2026-03-16 18:41:00,2026-03-16 19:18:00,1,C,,2026-03-16 16:21:30,,
25663,78805,2026-03-16 18:27:00,2026-03-16 18:27:00,2026-03-16 18:43:00,2026-03-16 18:43:00,1,C,,2026-03-16 16:40:18,,
25663,78805,2026-03-16 19:23:00,2026-03-16 20:56:00,2026-03-16 19:39:00,2026-03-16 21:12:00,1,C,,2026-03-16 17:48:04,,
25663,78805,2026-03-16 19:35:00,2026-03-16 19:41:00,2026-03-16 19:51:00,2026-03-16 19:57:00,1,C,,2026-03-16 17:34:40,,
25663,78805,2026-03-16 20:35:00,2026-03-16 20:40:00,2026-03-16 20:51:00,2026-03-16 20:56:00,1,C,,2026-03-16 17:54:36,,
25663,79009,2026-03-16 16:49:36,2026-03-16 18:52:36,2026-03-16 17:05:36,2026-03-16 19:08:36,4,C,,2026-03-16 16:37:38,,
25663,79009,2026-03-16 16:56:00,2026-03-16 16:56:00,2026-03-16 17:12:00,2026-03-16 17:12:00,4,C,,2026-03-16 16:27:54,,
25663,79009,2026-03-16 18:00:32,2026-03-16 18:01:32,2026-03-16 18:16:32,2026-03-16 18:17:32,4,C,,2026-03-16 17:48:04,,
25663,79009,2026-03-16 18:05:53,2026-03-16 18:06:53,2026-03-16 18:21:53,2026-03-16 18:22:53,4,C,,2026-03-16 18:04:26,,
25663,79009,2026-03-16 18:06:00,2026-03-16 15:45:00,2026-03-16 18:22:00,2026-03-16 16:01:00,4,C,,2026-03-16 16:27:54,,
25663,79009,2026-03-16 18:06:00,2026-03-16 18:07:22,2026-03-16 18:22:00,2026-03-16 18:23:22,4,C,,2026-03-16 17:02:11,,
25663,79009,2026-03-16 18:06:00,2026-03-16 18:16:00,2026-03-16 18:22:00,2026-03-16 18:32:00,4,C,,2026-03-16 17:08:46,,
25663,79009,2026-03-16 18:06:00,2026-03-16 18:07:00,2026-03-16 18:22:00,2026-03-16 18:23:00,4,C,,2026-03-16 17:41:27,,
25663,79009,2026-03-16 18:06:01,2026-03-16 18:07:01,2026-03-16 18:22:01,2026-03-16 18:23:01,4,C,,2026-03-16 17:57:55,,
25663,79009,2026-03-16 18:06:02,2026-03-16 18:46:00,2026-03-16 18:22:02,2026-03-16 19:02:00,4,C,,2026-03-16 17:54:36,,
25663,79009,2026-03-16 18:06:02,2026-03-16 18:07:02,2026-03-16 18:22:02,2026-03-16 18:23:02,4,C,,2026-03-16 17:54:36,,
25663,79009,2026-03-16 18:06:11,2026-03-16 18:07:11,2026-03-16 18:22:11,2026-03-16 18:23:11,4,C,,2026-03-16 18:01:18,,
25663,79009,2026-03-16 18:07:47,2026-03-16 18:08:47,2026-03-16 18:23:47,2026-03-16 18:24:47,4,C,,2026-03-16 17:51:28,,
25663,79009,2026-03-16 18:22:12,2026-03-16 18:23:12,2026-03-16 18:38:12,2026-03-16 18:39:12,4,C,,2026-03-16 16:15:00,,
25663,79009,2026-03-16 18:33:00,2026-03-16 18:33:00,2026-03-16 18:49:00,2026-03-16 18:49:00,4,C,,2026-03-16 16:40:18,,
25663,79009,2026-03-16 18:36:47,2026-03-16 18:36:47,2026-03-16 18:52:47,2026-03-16 18:52:47,4,C,,2026-03-16 17:41:27,,
25663,79009,2026-03-16 18:39:00,2026-03-16 18:45:00,2026-03-16 18:55:00,2026-03-16 19:01:00,4,C,,2026-03-16 16:37:38,,
25663,79009,2026-03-16 19:14:00,2026-03-16 19:19:00,2026-03-16 19:30:00,2026-03-16 19:35:00,4,C,,2026-03-16 16:21:30,,
25663,79403,2026-03-16 17:00:00,2026-03-16 17:00:00,2026-03-16 17:16:00,2026-03-16 17:16:00,1,C,,2026-03-16 16:27:54,,
25663,79403,2026-03-16 18:10:32,2026-03-16 18:10:32,2026-03-16 18:26:32,2026-03-16 18:26:32,1,C,,2026-03-16 17:48:04,,
25663,79403,2026-03-16 18:14:19,2026-03-16 18:14:19,2026-03-16 18:30:19,2026-03-16 18:30:19,1,C,,2026-03-16 18:14:19,,
25663,79403,2026-03-16 18:15:53,2026-03-16 18:15:53,2026-03-16 18:31:53,2026-03-16 18:31:53,1,C,,2026-03-16 18:04:26,,
25663,79403,2026-03-16 18:16:00,2026-03-16 18:50:00,2026-03-16 18:32:00,2026-03-16 19:06:00,1,C,,2026-03-16 16:15:00,,
25663,79403,2026-03-16 18:16:00,2026-03-16 16:56:23,2026-03-16 18:32:00,2026-03-16 17:12:23,1,C,,2026-03-16 16:15:00,,
25663,79403,2026-03-16 18:16:00,2026-03-16 15:46:00,2026-03-16 18:32:00,2026-03-16 16:02:00,1,C,,2026-03-16 16:27:54,,
25663,79403,2026-03-16 18:16:00,2026-03-16 18:38:00,2026-03-16 18:32:00,2026-03-16 18:54:00,1,C,,2026-03-16 16:40:18,,
25663,79403,2026-03-16 18:16:00,2026-03-16 16:47:11,2026-03-16 18:32:00,2026-03-16 17:03:11,1,C,,2026-03-16 16:46:26,,
25663,79403,2026-03-16 18:16:00,2026-03-16 18:30:00,2026-03-16 18:32:00,2026-03-16 18:46:00,1,C,,2026-03-16 17:02:11,,
25663,79403,2026-03-16 18:16:00,2026-03-16 17:24:11,2026-03-16 18:32:00,2026-03-16 17:40:11,1,C,,2026-03-16 17:02:11,,
25663,79403,2026-03-16 18:16:00,2026-03-16 17:20:58,2026-03-16 18:32:00,2026-03-16 17:36:58,1,C,,2026-03-16 17:15:10,,
25663,79403,2026-03-16 18:16:00,2026-03-16 18:11:00,2026-03-16 18:32:00,2026-03-16 18:27:00,1,C,,2026-03-16 17:24:56,,
25663,79403,2026-03-16 18:16:00,2026-03-16 18:20:00,2026-03-16 18:32:00,2026-03-16 18:36:00,1,C,,2026-03-16 17:31:36,,
25663,79403,2026-03-16 18:16:00,2026-03-16 17:15:37,2026-03-16 18:32:00,2026-03-16 17:31:37,1,C,,2026-03-16 17:41:27,,
25663,79403,2026-03-16 18:16:00,2026-03-16 18:16:00,2026-03-16 18:32:00,2026-03-16 18:32:00,1,C,,2026-03-16 17:41:27,,
25663,79403,2026-03-16 18:16:01,2026-03-16 18:16:01,2026-03-16 18:32:01,2026-03-16 18:32:01,1,C,,2026-03-16 17:57:55,,
25663,79403,2026-03-16 18:16:02,2026-03-16 18:16:02,2026-03-16 18:32:02,2026-03-16 18:32:02,1,C,,2026-03-16 17:54:36,,
25663,79403,2026-03-16 18:16:11,2026-03-16 18:16:11,2026-03-16 18:32:11,2026-03-16 18:32:11,1,C,,2026-03-16 18:01:18,,
25663,79403,2026-03-16 18:16:13,2026-03-16 18:16:13,2026-03-16 18:32:13,2026-03-16 18:32:13,1,C,,2026-03-16 18:10:57,,
25663,79403,2026-03-16 18:17:47,2026-03-16 18:17:47,2026-03-16 18:33:47,2026-03-16 18:33:47,1,C,,2026-03-16 17:51:28,,
25663,79403,2026-03-16 18:30:12,2026-03-16 17:30:12,2026-03-16 18:46:12,2026-03-16 17:46:12,1,C,,2026-03-16 16:15:00,,
25663,79403,2026-03-16 18:52:36,2026-03-16 18:55:36,2026-03-16 19:08:36,2026-03-16 19:11:36,1,C,,2026-03-16 16:37:38,,
25663,79403,2026-03-16 19:02:00,2026-03-16 19:03:00,2026-03-16 19:18:00,2026-03-16 19:19:00,1,C,,2026-03-16 17:48:04,,
25663,79403,2026-03-16 19:08:00,2026-03-16 19:12:00,2026-03-16 19:24:00,2026-03-16 19:28:00,1,C,,2026-03-16 18:14:19,,
25663,79403,2026-03-16 19:20:00,2026-03-16 19:25:00,2026-03-16 19:36:00,2026-03-16 19:41:00,1,C,,2026-03-16 16:21:30,,
25663,79403,2026-03-16 19:21:00,2026-03-16 19:23:00,2026-03-16 19:37:00,2026-03-16 19:39:00,1,C,,2026-03-16 17:48:04,,
25663,79404,2026-03-16 16:48:00,2026-03-16 18:06:00,2026-03-16 17:04:00,2026-03-16 18:22:00,1,C,,2026-03-16 16:52:36,,
25663,79404,2026-03-16 17:02:00,2026-03-16 17:02:00,2026-03-16 17:18:00,2026-03-16 17:18:00,1,C,,2026-03-16 16:27:54,,
25663,79404,2026-03-16 17:20:58,2026-03-16 17:32:58,2026-03-16 17:36:58,2026-03-16 17:48:58,1,C,,2026-03-16 17:15:10,,
25663,79404,2026-03-16 17:28:00,2026-03-16 17:29:00,2026-03-16 17:44:00,2026-03-16 17:45:00,1,C,,2026-03-16 17:15:10,,
25663,79404,2026-03-16 17:55:31,2026-03-16 17:56:31,2026-03-16 18:11:31,2026-03-16 18:12:31,1,C,,2026-03-16 17:54:36,,
25663,79404,2026-03-16 18:11:00,2026-03-16 18:22:00,2026-03-16 18:27:00,2026-03-16 18:38:00,1,C,,2026-03-16 17:24:56,,
25663,79404,2026-03-16 18:13:32,2026-03-16 18:14:32,2026-03-16 18:29:32,2026-03-16 18:30:32,1,C,,2026-03-16 17:48:04,,
25663,79404,2026-03-16 18:17:19,2026-03-16 18:18:19,2026-03-16 18:33:19,2026-03-16 18:34:19,1,C,,2026-03-16 18:14:19,,
25663,79404,2026-03-16 18:18:53,2026-03-16 18:19:53,2026-03-16 18:34:53,2026-03-16 18:35:53,1,C,,2026-03-16 18:04:26,,
25663,79404,2026-03-16 18:19:00,2026-03-16 17:48:00,2026-03-16 18:35:00,2026-03-16 18:04:00,1,C,,2026-03-16 16:15:00,,
25663,79404,2026-03-16 18:19:00,2026-03-16 17:00:23,2026-03-16 18:35:00,2026-03-16 17:16:23,1,C,,2026-03-16 16:15:00,,
25663,79404,2026-03-16 18:19:00,2026-03-16 18:57:00,2026-03-16 18:35:00,2026-03-16 19:13:00,1,C,,2026-03-16 16:15:00,,
25663,79404,2026-03-16 18:19:00,2026-03-16 18:20:00,2026-03-16 18:35:00,2026-03-16 18:36:00,1,C,,2026-03-16 17:41:27,,
25663,79404,2026-03-16 18:19:01,2026-03-16 18:20:01,2026-03-16 18:35:01,2026-03-16 18:36:01,1,C,,2026-03-16 17:57:55,,
25663,79404,2026-03-16 18:19:02,2026-03-16 18:20:02,2026-03-16 18:35:02,2026-03-16 18:36:02,1,C,,2026-03-16 17:54:36,,
25663,79404,2026-03-16 18:19:11,2026-03-16 18:20:11,2026-03-16 18:35:11,2026-03-16 18:36:11,1,C,,2026-03-16 18:01:18,,
25663,79404,2026-03-16 18:19:13,2026-03-16 18:20:13,2026-03-16 18:35:13,2026-03-16 18:36:13,1,C,,2026-03-16 18:10:57,,
25663,79404,2026-03-16 18:19:45,2026-03-16 17:16:45,2026-03-16 18:35:45,2026-03-16 17:32:45,1,C,,2026-03-16 17:08:46,,
25663,79404,2026-03-16 18:19:54,2026-03-16 18:20:54,2026-03-16 18:35:54,2026-03-16 18:36:54,1,C,,2026-03-16 18:17:34,,
25663,79404,2026-03-16 18:20:47,2026-03-16 18:21:47,2026-03-16 18:36:47,2026-03-16 18:37:47,1,C,,2026-03-16 17:51:28,,
25663,79404,2026-03-16 18:42:00,2026-03-16 18:43:00,2026-03-16 18:58:00,2026-03-16 18:59:00,1,C,,2026-03-16 16:40:18,,
25663,79404,2026-03-16 18:46:00,2026-03-16 18:46:00,2026-03-16 19:02:00,2026-03-16 19:02:00,1,C,,2026-03-16 17:54:36,,
25663,79404,2026-03-16 18:49:00,2026-03-16 18:54:00,2026-03-16 19:05:00,2026-03-16 19:10:00,1,C,,2026-03-16 16:37:38,,
25663,79404,2026-03-16 18:52:00,2026-03-16 18:53:00,2026-03-16 19:08:00,2026-03-16 19:09:00,1,C,,2026-03-16 16:15:00,,
25663,79404,2026-03-16 19:13:00,2026-03-16 19:14:00,2026-03-16 19:29:00,2026-03-16 19:30:00,1,C,,2026-03-16 17:48:04,,
25663,79404,2026-03-16 19:26:00,2026-03-16 19:35:00,2026-03-16 19:42:00,2026-03-16 19:51:00,1,C,,2026-03-16 16:21:30,,
25663,79404,2026-03-16 19:51:00,2026-03-16 19:52:00,2026-03-16 20:07:00,2026-03-16 20:08:00,1,C,,2026-03-16 17:21:34,,
25663,79405,2026-03-16 17:05:00,2026-03-16 17:05:00,2026-03-16 17:21:00,2026-03-16 17:21:00,1,C,,2026-03-16 16:27:54,,
25663,79405,2026-03-16 17:22:45,2026-03-16 17:23:45,2026-03-16 17:38:45,2026-03-16 17:39:45,1,C,,2026-03-16 17:08:46,,
25663,79405,2026-03-16 17:32:00,2026-03-16 17:56:00,2026-03-16 17:48:00,2026-03-16 18:12:00,1,C,,2026-03-16 16:37:38,,
25663,79405,2026-03-16 17:32:58,2026-03-16 17:37:58,2026-03-16 17:48:58,2026-03-16 17:53:58,1,C,,2026-03-16 17:15:10,,
25663,79405,2026-03-16 17:42:09,2026-03-16 17:42:09,2026-03-16 17:58:09,2026-03-16 17:58:09,1,C,,2026-03-16 17:05:23,,
25663,79405,2026-03-16 18:11:31,2026-03-16 18:12:31,2026-03-16 18:27:31,2026-03-16 18:28:31,1,C,,2026-03-16 17:54:36,,
25663,79405,2026-03-16 18:16:32,2026-03-16 18:16:32,2026-03-16 18:32:32,2026-03-16 18:32:32,1,C,,2026-03-16 17:48:04,,
25663,79405,2026-03-16 18:20:19,2026-03-16 19:20:00,2026-03-16 18:36:19,2026-03-16 19:36:00,1,C,,2026-03-16 18:14:19,,
25663,79405,2026-03-16 18:20:19,2026-03-16 18:20:19,2026-03-16 18:36:19,2026-03-16 18:36:19,1,C,,2026-03-16 18:14:19,,
25663,79405,2026-03-16 18:21:53,2026-03-16 18:21:53,2026-03-16 18:37:53,2026-03-16 18:37:53,1,C,,2026-03-16 18:04:26,,
25663,79405,2026-03-16 18:22:00,2026-03-16 16:50:00,2026-03-16 18:38:00,2026-03-16 17:06:00,1,C,,2026-03-16 15:55:52,,
25663,79405,2026-03-16 18:22:00,2026-03-16 16:50:11,2026-03-16 18:38:00,2026-03-16 17:06:11,1,C,,2026-03-16 16:46:26,,
25663,79405,2026-03-16 18:22:00,2026-03-16 18:35:00,2026-03-16 18:38:00,2026-03-16 18:51:00,1,C,,2026-03-16 17:02:11,,
25663,79405,2026-03-16 18:22:00,2026-03-16 17:34:00,2026-03-16 18:38:00,2026-03-16 17:50:00,1,C,,2026-03-16 17:15:10,,
25663,79405,2026-03-16 18:22:00,2026-03-16 18:22:00,2026-03-16 18:38:00,2026-03-16 18:38:00,1,C,,2026-03-16 17:41:27,,
25663,79405,2026-03-16 18:22:01,2026-03-16 18:22:01,2026-03-16 18:38:01,2026-03-16 18:38:01,1,C,,2026-03-16 17:57:55,,
25663,79405,2026-03-16 18:22:02,2026-03-16 18:22:02,2026-03-16 18:38:02,2026-03-16 18:38:02,1,C,,2026-03-16 17:54:36,,
25663,79405,2026-03-16 18:22:11,2026-03-16 18:22:11,2026-03-16 18:38:11,2026-03-16 18:38:11,1,C,,2026-03-16 18:01:18,,
25663,79405,2026-03-16 18:22:13,2026-03-16 18:22:13,2026-03-16 18:38:13,2026-03-16 18:38:13,1,C,,2026-03-16 18:10:57,,
25663,79405,2026-03-16 18:22:23,2026-03-16 18:22:23,2026-03-16 18:38:23,2026-03-16 18:38:23,1,C,,2026-03-16 16:02:27,,
25663,79405,2026-03-16 18:22:23,2026-03-16 17:02:23,2026-03-16 18:38:23,2026-03-16 17:18:23,1,C,,2026-03-16 16:15:00,,
25663,79405,2026-03-16 18:22:34,2026-03-16 18:22:34,2026-03-16 18:38:34,2026-03-16 18:38:34,1,C,,2026-03-16 18:20:44,,
25663,79405,2026-03-16 18:22:54,2026-03-16 18:22:54,2026-03-16 18:38:54,2026-03-16 18:38:54,1,C,,2026-03-16 18:17:34,,
25663,79405,2026-03-16 18:23:00,2026-03-16 18:59:00,2026-03-16 18:39:00,2026-03-16 19:15:00,1,C,,2026-03-16 17:24:56,,
25663,79405,2026-03-16 18:23:47,2026-03-16 18:23:47,2026-03-16 18:39:47,2026-03-16 18:39:47,1,C,,2026-03-16 17:51:28,,
25663,79405,2026-03-16 18:47:00,2026-03-16 18:47:00,2026-03-16 19:03:00,2026-03-16 19:03:00,1,C,,2026-03-16 16:40:18,,
25663,79405,2026-03-16 18:50:00,2026-03-16 18:52:00,2026-03-16 19:06:00,2026-03-16 19:08:00,1,C,,2026-03-16 17:54:36,,
25663,79405,2026-03-16 18:54:00,2026-03-16 18:58:00,2026-03-16 19:10:00,2026-03-16 19:14:00,1,C,,2026-03-16 16:37:38,,
25663,79405,2026-03-16 18:57:00,2026-03-16 18:57:00,2026-03-16 19:13:00,2026-03-16 19:13:00,1,C,,2026-03-16 16:15:00,,
25663,79405,2026-03-16 19:33:00,2026-03-16 19:33:00,2026-03-16 19:49:00,2026-03-16 19:49:00,1,C,,2026-03-16 18:20:44,,
25663,79405,2026-03-16 19:56:00,2026-03-16 20:00:00,2026-03-16 20:12:00,2026-03-16 20:16:00,1,C,,2026-03-16 17:21:34,,
25663,79406,2026-03-16 16:50:00,2026-03-16 16:55:00,2026-03-16 17:06:00,2026-03-16 17:11:00,1,C,,2026-03-16 15:55:52,,
25663,79406,2026-03-16 17:08:23,2026-03-16 17:08:23,2026-03-16 17:24:23,2026-03-16 17:24:23,1,C,,2026-03-16 16:15:00,,
25663,79406,2026-03-16 17:16:43,2026-03-16 18:52:53,2026-03-16 17:32:43,2026-03-16 19:08:53,1,C,,2026-03-16 17:34:40,,
25663,79406,2026-03-16 17:27:45,2026-03-16 18:24:45,2026-03-16 17:43:45,2026-03-16 18:40:45,1,C,,2026-03-16 17:08:46,,
25663,79406,2026-03-16 17:50:58,2026-03-16 17:50:58,2026-03-16 18:06:58,2026-03-16 18:06:58,1,C,,2026-03-16 17:15:10,,
25663,79406,2026-03-16 18:18:32,2026-03-16 19:26:00,2026-03-16 18:34:32,2026-03-16 19:42:00,1,C,,2026-03-16 17:48:04,,
25663,79406,2026-03-16 18:18:32,2026-03-16 18:18:32,2026-03-16 18:34:32,2026-03-16 18:34:32,1,C,,2026-03-16 17:48:04,,
25663,79406,2026-03-16 18:22:19,2026-03-16 18:22:19,2026-03-16 18:38:19,2026-03-16 18:38:19,1,C,,2026-03-16 18:14:19,,
25663,79406,2026-03-16 18:23:53,2026-03-16 18:23:53,2026-03-16 18:39:53,2026-03-16 18:39:53,1,C,,2026-03-16 18:04:26,,
25663,79406,2026-03-16 18:24:00,2026-03-16 17:48:00,2026-03-16 18:40:00,2026-03-16 18:04:00,1,C,,2026-03-16 16:15:00,,
25663,79406,2026-03-16 18:24:00,2026-03-16 18:08:00,2026-03-16 18:40:00,2026-03-16 18:24:00,1,C,,2026-03-16 16:27:54,,
25663,79406,2026-03-16 18:24:00,2026-03-16 16:58:00,2026-03-16 18:40:00,2026-03-16 17:14:00,1,C,,2026-03-16 16:52:36,,
25663,79406,2026-03-16 18:24:00,2026-03-16 17:18:00,2026-03-16 18:40:00,2026-03-16 17:34:00,1,C,,2026-03-16 17:02:11,,
25663,79406,2026-03-16 18:24:00,2026-03-16 17:45:09,2026-03-16 18:40:00,2026-03-16 18:01:09,1,C,,2026-03-16 17:05:23,,
25663,79406,2026-03-16 18:24:00,2026-03-16 18:50:00,2026-03-16 18:40:00,2026-03-16 19:06:00,1,C,,2026-03-16 17:12:00,,
25663,79406,2026-03-16 18:24:00,2026-03-16 18:27:00,2026-03-16 18:40:00,2026-03-16 18:43:00,1,C,,2026-03-16 17:31:36,,
25663,79406,2026-03-16 18:24:00,2026-03-16 18:54:00,2026-03-16 18:40:00,2026-03-16 19:10:00,1,C,,2026-03-16 17:34:40,,
25663,79406,2026-03-16 18:24:00,2026-03-16 18:24:00,2026-03-16 18:40:00,2026-03-16 18:40:00,1,C,,2026-03-16 17:41:27,,
25663,79406,2026-03-16 18:24:01,2026-03-16 18:24:01,2026-03-16 18:40:01,2026-03-16 18:40:01,1,C,,2026-03-16 17:57:55,,
25663,79406,2026-03-16 18:24:02,2026-03-16 18:24:02,2026-03-16 18:40:02,2026-03-16 18:40:02,1,C,,2026-03-16 17:54:36,,
25663,79406,2026-03-16 18:24:11,2026-03-16 18:24:11,2026-03-16 18:40:11,2026-03-16 18:40:11,1,C,,2026-03-16 18:01:18,,
25663,79406,2026-03-16 18:24:13,2026-03-16 18:24:13,2026-03-16 18:40:13,2026-03-16 18:40:13,1,C,,2026-03-16 18:10:57,,
25663,79406,2026-03-16 18:24:21,2026-03-16 18:24:21,2026-03-16 18:40:21,2026-03-16 18:40:21,1,C,,2026-03-16 18:24:08,,
25663,79406,2026-03-16 18:24:23,2026-03-16 16:17:23,2026-03-16 18:40:23,2026-03-16 16:33:23,1,C,,2026-03-16 16:02:27,,
25663,79406,2026-03-16 18:24:34,2026-03-16 18:24:34,2026-03-16 18:40:34,2026-03-16 18:40:34,1,C,,2026-03-16 18:20:44,,
25663,79406,2026-03-16 18:24:54,2026-03-16 18:24:54,2026-03-16 18:40:54,2026-03-16 18:40:54,1,C,,2026-03-16 18:17:34,,
25663,79406,2026-03-16 18:25:47,2026-03-16 18:25:47,2026-03-16 18:41:47,2026-03-16 18:41:47,1,C,,2026-03-16 17:51:28,,
25663,79406,2026-03-16 18:25:48,2026-03-16 18:25:48,2026-03-16 18:41:48,2026-03-16 18:41:48,1,C,,2026-03-16 18:24:08,,
25663,79406,2026-03-16 18:28:31,2026-03-16 18:29:31,2026-03-16 18:44:31,2026-03-16 18:45:31,1,C,,2026-03-16 17:54:36,,
25663,79406,2026-03-16 18:50:00,2026-03-16 18:51:00,2026-03-16 19:06:00,2026-03-16 19:07:00,1,C,,2026-03-16 16:40:18,,
25663,79406,2026-03-16 18:55:00,2026-03-16 18:56:00,2026-03-16 19:11:00,2026-03-16 19:12:00,1,C,,2026-03-16 17:54:36,,
25663,79406,2026-03-16 19:00:00,2026-03-16 19:04:00,2026-03-16 19:16:00,2026-03-16 19:20:00,1,C,,2026-03-16 17:24:56,,
25663,79406,2026-03-16 19:20:00,2026-03-16 19:22:00,2026-03-16 19:36:00,2026-03-16 19:38:00,1,C,,2026-03-16 18:14:19,,
25663,79406,2026-03-16 19:36:00,2026-03-16 19:36:00,2026-03-16 19:52:00,2026-03-16 19:52:00,1,C,,2026-03-16 18:20:44,,
25663,79406,2026-03-16 19:50:00,2026-03-16 20:07:00,2026-03-16 20:06:00,2026-03-16 20:23:00,1,C,,2026-03-16 16:21:30,,
25663,79406,2026-03-16 20:08:00,2026-03-16 20:09:00,2026-03-16 20:24:00,2026-03-16 20:25:00,1,C,,2026-03-16 17:21:34,,
25663,79407,2026-03-16 16:17:23,2026-03-16 18:21:23,2026-03-16 16:33:23,2026-03-16 18:37:23,1,C,,2026-03-16 16:02:27,,
25663,79407,2026-03-16 17:33:45,2026-03-16 17:38:45,2026-03-16 17:49:45,2026-03-16 17:54:45,1,C,,2026-03-16 17:08:46,,
25663,79407,2026-03-16 18:20:32,2026-03-16 19:38:00,2026-03-16 18:36:32,2026-03-16 19:54:00,1,C,,2026-03-16 17:48:04,,
25663,79407,2026-03-16 18:20:32,2026-03-16 18:21:32,2026-03-16 18:36:32,2026-03-16 18:37:32,1,C,,2026-03-16 17:48:04,,
25663,79407,2026-03-16 18:24:00,2026-03-16 18:25:00,2026-03-16 18:40:00,2026-03-16 18:41:00,1,C,,2026-03-16 18:14:19,,
25663,79407,2026-03-16 18:24:19,2026-03-16 18:25:19,2026-03-16 18:40:19,2026-03-16 18:41:19,1,C,,2026-03-16 18:14:19,,
25663,79407,2026-03-16 18:25:53,2026-03-16 18:26:53,2026-03-16 18:41:53,2026-03-16 18:42:53,1,C,,2026-03-16 18:04:26,,
25663,79407,2026-03-16 18:26:00,2026-03-16 16:59:00,2026-03-16 18:42:00,2026-03-16 17:15:00,1,C,,2026-03-16 15:55:52,,
25663,79407,2026-03-16 18:26:00,2026-03-16 16:12:56,2026-03-16 18:42:00,2026-03-16 16:28:56,1,C,,2026-03-16 16:15:00,,
25663,79407,2026-03-16 18:26:00,2026-03-16 18:15:00,2026-03-16 18:42:00,2026-03-16 18:31:00,1,C,,2026-03-16 16:15:00,,
25663,79407,2026-03-16 18:26:00,2026-03-16 18:53:00,2026-03-16 18:42:00,2026-03-16 19:09:00,1,C,,2026-03-16 16:40:18,,
25663,79407,2026-03-16 18:26:00,2026-03-16 16:59:11,2026-03-16 18:42:00,2026-03-16 17:15:11,1,C,,2026-03-16 16:46:26,,
25663,79407,2026-03-16 18:26:00,2026-03-16 15:22:00,2026-03-16 18:42:00,2026-03-16 15:38:00,1,C,,2026-03-16 16:55:52,,
25663,79407,2026-03-16 18:26:00,2026-03-16 18:39:00,2026-03-16 18:42:00,2026-03-16 18:55:00,1,C,,2026-03-16 17:15:10,,
25663,79407,2026-03-16 18:26:00,2026-03-16 15:42:00,2026-03-16 18:42:00,2026-03-16 15:58:00,1,C,,2026-03-16 17:15:10,,
25663,79407,2026-03-16 18:26:00,2026-03-16 19:10:00,2026-03-16 18:42:00,2026-03-16 19:26:00,1,C,,2026-03-16 17:24:56,,
25663,79407,2026-03-16 18:26:00,2026-03-16 18:27:00,2026-03-16 18:42:00,2026-03-16 18:43:00,1,C,,2026-03-16 17:41:27,,
25663,79407,2026-03-16 18:26:01,2026-03-16 18:27:01,2026-03-16 18:42:01,2026-03-16 18:43:01,1,C,,2026-03-16 17:57:55,,
25663,79407,2026-03-16 18:26:02,2026-03-16 18:27:02,2026-03-16 18:42:02,2026-03-16 18:43:02,1,C,,2026-03-16 17:54:36,,
25663,79407,2026-03-16 18:26:11,2026-03-16 18:27:11,2026-03-16 18:42:11,2026-03-16 18:43:11,1,C,,2026-03-16 18:01:18,,
25663,79407,2026-03-16 18:26:13,2026-03-16 18:27:13,2026-03-16 18:42:13,2026-03-16 18:43:13,1,C,,2026-03-16 18:10:57,,
25663,79407,2026-03-16 18:26:21,2026-03-16 18:27:21,2026-03-16 18:42:21,2026-03-16 18:43:21,1,C,,2026-03-16 18:24:08,,
25663,79407,2026-03-16 18:26:34,2026-03-16 18:27:34,2026-03-16 18:42:34,2026-03-16 18:43:34,1,C,,2026-03-16 18:20:44,,
25663,79407,2026-03-16 18:26:54,2026-03-16 18:27:54,2026-03-16 18:42:54,2026-03-16 18:43:54,1,C,,2026-03-16 18:17:34,,
25663,79407,2026-03-16 18:27:37,2026-03-16 18:28:37,2026-03-16 18:43:37,2026-03-16 18:44:37,1,C,,2026-03-16 18:27:25,,
25663,79407,2026-03-16 18:27:38,2026-03-16 18:28:38,2026-03-16 18:43:38,2026-03-16 18:44:38,1,C,,2026-03-16 18:27:25,,
25663,79407,2026-03-16 18:27:47,2026-03-16 18:28:47,2026-03-16 18:43:47,2026-03-16 18:44:47,1,C,,2026-03-16 17:51:28,,
25663,79407,2026-03-16 18:27:48,2026-03-16 18:28:48,2026-03-16 18:43:48,2026-03-16 18:44:48,1,C,,2026-03-16 18:24:08,,
25663,79407,2026-03-16 18:33:31,2026-03-16 18:34:31,2026-03-16 18:49:31,2026-03-16 18:50:31,1,C,,2026-03-16 17:54:36,,
25663,79407,2026-03-16 19:07:00,2026-03-16 18:08:00,2026-03-16 19:23:00,2026-03-16 18:24:00,1,C,,2026-03-16 16:15:00,,
25663,79407,2026-03-16 19:40:00,2026-03-16 19:41:00,2026-03-16 19:56:00,2026-03-16 19:57:00,1,C,,2026-03-16 18:20:44,,
25663,79408,2026-03-16 16:27:23,2026-03-16 16:28:23,2026-03-16 16:43:23,2026-03-16 16:44:23,1,C,,2026-03-16 16:02:27,,
25663,79408,2026-03-16 17:01:11,2026-03-16 17:02:11,2026-03-16 17:17:11,2026-03-16 17:18:11,1,C,,2026-03-16 16:46:26,,
25663,79408,2026-03-16 18:02:00,2026-03-16 19:04:00,2026-03-16 18:18:00,2026-03-16 19:20:00,1,C,,2026-03-16 17:54:36,,
25663,79408,2026-03-16 18:11:00,2026-03-16 18:11:00,2026-03-16 18:27:00,2026-03-16 18:27:00,1,C,,2026-03-16 16:15:00,,
25663,79408,2026-03-16 18:16:00,2026-03-16 17:17:00,2026-03-16 18:32:00,2026-03-16 17:33:00,1,C,,2026-03-16 16:27:54,,
25663,79408,2026-03-16 18:23:32,2026-03-16 18:23:32,2026-03-16 18:39:32,2026-03-16 18:39:32,1,C,,2026-03-16 17:48:04,,
25663,79408,2026-03-16 18:27:19,2026-03-16 18:27:19,2026-03-16 18:43:19,2026-03-16 18:43:19,1,C,,2026-03-16 18:14:19,,
25663,79408,2026-03-16 18:28:53,2026-03-16 18:28:53,2026-03-16 18:44:53,2026-03-16 18:44:53,1,C,,2026-03-16 18:04:26,,
25663,79408,2026-03-16 18:29:00,2026-03-16 17:02:00,2026-03-16 18:45:00,2026-03-16 17:18:00,1,C,,2026-03-16 15:55:52,,
25663,79408,2026-03-16 18:29:00,2026-03-16 17:48:00,2026-03-16 18:45:00,2026-03-16 18:04:00,1,C,,2026-03-16 16:15:00,,
25663,79408,2026-03-16 18:29:00,2026-03-16 19:10:00,2026-03-16 18:45:00,2026-03-16 19:26:00,1,C,,2026-03-16 16:21:30,,
25663,79408,2026-03-16 18:29:00,2026-03-16 17:32:00,2026-03-16 18:45:00,2026-03-16 17:48:00,1,C,,2026-03-16 16:37:38,,
25663,79408,2026-03-16 18:29:00,2026-03-16 18:56:00,2026-03-16 18:45:00,2026-03-16 19:12:00,1,C,,2026-03-16 16:40:18,,
25663,79408,2026-03-16 18:29:00,2026-03-16 17:06:00,2026-03-16 18:45:00,2026-03-16 17:22:00,1,C,,2026-03-16 16:52:36,,
25663,79408,2026-03-16 18:29:00,2026-03-16 18:53:00,2026-03-16 18:45:00,2026-03-16 19:09:00,1,C,,2026-03-16 17:02:11,,
25663,79408,2026-03-16 18:29:00,2026-03-16 18:55:00,2026-03-16 18:45:00,2026-03-16 19:11:00,1,C,,2026-03-16 17:12:00,,
25663,79408,2026-03-16 18:29:00,2026-03-16 20:24:00,2026-03-16 18:45:00,2026-03-16 20:40:00,1,C,,2026-03-16 17:21:34,,
25663,79408,2026-03-16 18:29:00,2026-03-16 19:05:00,2026-03-16 18:45:00,2026-03-16 19:21:00,1,C,,2026-03-16 17:34:40,,
25663,79408,2026-03-16 18:29:00,2026-03-16 18:24:00,2026-03-16 18:45:00,2026-03-16 18:40:00,1,C,,2026-03-16 18:17:34,,
25663,79408,2026-03-16 18:29:00,2026-03-16 18:29:00,2026-03-16 18:45:00,2026-03-16 18:45:00,1,C,,2026-03-16 18:20:44,,
25663,79408,2026-03-16 18:29:01,2026-03-16 18:29:01,2026-03-16 18:45:01,2026-03-16 18:45:01,1,C,,2026-03-16 17:57:55,,
25663,79408,2026-03-16 18:29:02,2026-03-16 18:29:02,2026-03-16 18:45:02,2026-03-16 18:45:02,1,C,,2026-03-16 17:54:36,,
25663,79408,2026-03-16 18:29:11,2026-03-16 18:29:11,2026-03-16 18:45:11,2026-03-16 18:45:11,1,C,,2026-03-16 18:01:18,,
25663,79408,2026-03-16 18:29:13,2026-03-16 18:29:13,2026-03-16 18:45:13,2026-03-16 18:45:13,1,C,,2026-03-16 18:10:57,,
25663,79408,2026-03-16 18:29:21,2026-03-16 18:29:21,2026-03-16 18:45:21,2026-03-16 18:45:21,1,C,,2026-03-16 18:24:08,,
25663,79408,2026-03-16 18:29:34,2026-03-16 18:29:34,2026-03-16 18:45:34,2026-03-16 18:45:34,1,C,,2026-03-16 18:20:44,,
25663,79408,2026-03-16 18:29:54,2026-03-16 18:29:54,2026-03-16 18:45:54,2026-03-16 18:45:54,1,C,,2026-03-16 18:17:34,,
25663,79408,2026-03-16 18:30:37,2026-03-16 18:30:37,2026-03-16 18:46:37,2026-03-16 18:46:37,1,C,,2026-03-16 18:27:25,,
25663,79408,2026-03-16 18:30:38,2026-03-16 18:30:38,2026-03-16 18:46:38,2026-03-16 18:46:38,1,C,,2026-03-16 18:27:25,,
25663,79408,2026-03-16 18:30:47,2026-03-16 18:30:47,2026-03-16 18:46:47,2026-03-16 18:46:47,1,C,,2026-03-16 17:51:28,,
25663,79408,2026-03-16 18:30:48,2026-03-16 18:30:48,2026-03-16 18:46:48,2026-03-16 18:46:48,1,C,,2026-03-16 18:24:08,,
25663,79408,2026-03-16 18:38:31,2026-03-16 18:44:31,2026-03-16 18:54:31,2026-03-16 19:00:31,1,C,,2026-03-16 17:54:36,,
25663,79408,2026-03-16 19:09:00,2026-03-16 19:14:00,2026-03-16 19:25:00,2026-03-16 19:30:00,1,C,,2026-03-16 16:37:38,,
25663,79408,2026-03-16 19:37:00,2026-03-16 18:49:00,2026-03-16 19:53:00,2026-03-16 19:05:00,1,C,,2026-03-16 17:48:04,,
25663,79408,2026-03-16 19:42:00,2026-03-16 19:43:00,2026-03-16 19:58:00,2026-03-16 19:59:00,1,C,,2026-03-16 17:48:04,,
25663,79408,2026-03-16 20:14:00,2026-03-16 20:14:00,2026-03-16 20:30:00,2026-03-16 20:30:00,1,C,,2026-03-16 18:24:08,,
25663,79409,2026-03-16 17:02:00,2026-03-16 17:08:00,2026-03-16 17:18:00,2026-03-16 17:24:00,1,C,,2026-03-16 15:55:52,,
25663,79409,2026-03-16 17:32:00,2026-03-16 17:37:00,2026-03-16 17:48:00,2026-03-16 17:53:00,1,C,,2026-03-16 16:37:38,,
25663,79409,2026-03-16 17:46:04,2026-03-16 17:47:04,2026-03-16 18:02:04,2026-03-16 18:03:04,1,C,,2026-03-16 17:41:27,,
25663,79409,2026-03-16 18:21:00,2026-03-16 17:22:00,2026-03-16 18:37:00,2026-03-16 17:38:00,1,C,,2026-03-16 16:27:54,,
25663,79409,2026-03-16 18:25:00,2026-03-16 18:33:00,2026-03-16 18:41:00,2026-03-16 18:49:00,1,C,,2026-03-16 18:17:34,,
25663,79409,2026-03-16 18:26:32,2026-03-16 18:27:32,2026-03-16 18:42:32,2026-03-16 18:43:32,1,C,,2026-03-16 17:48:04,,
25663,79409,2026-03-16 18:30:19,2026-03-16 19:37:00,2026-03-16 18:46:19,2026-03-16 19:53:00,1,C,,2026-03-16 18:14:19,,
25663,79409,2026-03-16 18:30:19,2026-03-16 18:31:19,2026-03-16 18:46:19,2026-03-16 18:47:19,1,C,,2026-03-16 18:14:19,,
25663,79409,2026-03-16 18:31:53,2026-03-16 18:32:53,2026-03-16 18:47:53,2026-03-16 18:48:53,1,C,,2026-03-16 18:04:26,,
25663,79409,2026-03-16 18:32:00,2026-03-16 19:10:00,2026-03-16 18:48:00,2026-03-16 19:26:00,1,C,,2026-03-16 16:21:30,,
25663,79409,2026-03-16 18:32:00,2026-03-16 17:07:11,2026-03-16 18:48:00,2026-03-16 17:23:11,1,C,,2026-03-16 16:46:26,,
25663,79409,2026-03-16 18:32:00,2026-03-16 17:01:11,2026-03-16 18:48:00,2026-03-16 17:17:11,1,C,,2026-03-16 17:02:11,,
25663,79409,2026-03-16 18:32:00,2026-03-16 18:47:00,2026-03-16 18:48:00,2026-03-16 19:03:00,1,C,,2026-03-16 17:15:10,,
25663,79409,2026-03-16 18:32:00,2026-03-16 20:40:00,2026-03-16 18:48:00,2026-03-16 20:56:00,1,C,,2026-03-16 17:24:56,,
25663,79409,2026-03-16 18:32:00,2026-03-16 18:05:00,2026-03-16 18:48:00,2026-03-16 18:21:00,1,C,,2026-03-16 17:34:40,,
25663,79409,2026-03-16 18:32:01,2026-03-16 18:33:01,2026-03-16 18:48:01,2026-03-16 18:49:01,1,C,,2026-03-16 17:57:55,,
25663,79409,2026-03-16 18:32:02,2026-03-16 18:33:02,2026-03-16 18:48:02,2026-03-16 18:49:02,1,C,,2026-03-16 17:54:36,,
25663,79409,2026-03-16 18:32:11,2026-03-16 18:33:11,2026-03-16 18:48:11,2026-03-16 18:49:11,1,C,,2026-03-16 18:01:18,,
25663,79409,2026-03-16 18:32:13,2026-03-16 18:33:13,2026-03-16 18:48:13,2026-03-16 18:49:13,1,C,,2026-03-16 18:10:57,,
25663,79409,2026-03-16 18:32:17,2026-03-16 18:33:17,2026-03-16 18:48:17,2026-03-16 18:49:17,1,C,,2026-03-16 18:31:01,,
25663,79409,2026-03-16 18:32:21,2026-03-16 20:17:00,2026-03-16 18:48:21,2026-03-16 20:33:00,1,C,,2026-03-16 18:24:08,,
25663,79409,2026-03-16 18:32:21,2026-03-16 18:33:21,2026-03-16 18:48:21,2026-03-16 18:49:21,1,C,,2026-03-16 18:24:08,,
25663,79409,2026-03-16 18:32:23,2026-03-16 16:36:23,2026-03-16 18:48:23,2026-03-16 16:52:23,1,C,,2026-03-16 16:02:27,,
25663,79409,2026-03-16 18:32:34,2026-03-16 18:33:34,2026-03-16 18:48:34,2026-03-16 18:49:34,1,C,,2026-03-16 18:20:44,,
25663,79409,2026-03-16 18:32:54,2026-03-16 18:33:54,2026-03-16 18:48:54,2026-03-16 18:49:54,1,C,,2026-03-16 18:17:34,,
25663,79409,2026-03-16 18:33:37,2026-03-16 18:34:37,2026-03-16 18:49:37,2026-03-16 18:50:37,1,C,,2026-03-16 18:27:25,,
25663,79409,2026-03-16 18:33:38,2026-03-16 18:34:38,2026-03-16 18:49:38,2026-03-16 18:50:38,1,C,,2026-03-16 18:27:25,,
25663,79409,2026-03-16 18:33:47,2026-03-16 18:34:47,2026-03-16 18:49:47,2026-03-16 18:50:47,1,C,,2026-03-16 17:51:28,,
25663,79409,2026-03-16 18:33:48,2026-03-16 18:34:48,2026-03-16 18:49:48,2026-03-16 18:50:48,1,C,,2026-03-16 18:24:08,,
25663,79409,2026-03-16 19:04:00,2026-03-16 19:06:00,2026-03-16 19:20:00,2026-03-16 19:22:00,1,C,,2026-03-16 17:54:36,,
25663,79409,2026-03-16 19:14:00,2026-03-16 19:14:00,2026-03-16 19:30:00,2026-03-16 19:30:00,1,C,,2026-03-16 16:15:00,,
25663,79409,2026-03-16 19:14:00,2026-03-16 19:17:00,2026-03-16 19:30:00,2026-03-16 19:33:00,1,C,,2026-03-16 16:37:38,,
25663,79409,2026-03-16 19:32:00,2026-03-16 19:33:00,2026-03-16 19:48:00,2026-03-16 19:49:00,1,C,,2026-03-16 17:12:00,,
25663,79409,2026-03-16 19:47:00,2026-03-16 19:47:00,2026-03-16 20:03:00,2026-03-16 20:03:00,1,C,,2026-03-16 17:48:04,,
25663,79409,2026-03-16 20:28:00,2026-03-16 20:29:00,2026-03-16 20:44:00,2026-03-16 20:45:00,1,C,,2026-03-16 17:21:34,,
25663,79410,2026-03-16 15:42:00,2026-03-16 17:21:00,2026-03-16 15:58:00,2026-03-16 17:37:00,1,C,,2026-03-16 17:15:10,,
25663,79410,2026-03-16 17:02:11,2026-03-16 18:08:11,2026-03-16 17:18:11,2026-03-16 18:24:11,1,C,,2026-03-16 17:02:11,,
25663,79410,2026-03-16 17:08:00,2026-03-16 17:17:00,2026-03-16 17:24:00,2026-03-16 17:33:00,1,C,,2026-03-16 15:55:52,,
25663,79410,2026-03-16 17:14:11,2026-03-16 17:15:11,2026-03-16 17:30:11,2026-03-16 17:31:11,1,C,,2026-03-16 16:46:26,,
25663,79410,2026-03-16 17:29:00,2026-03-16 17:30:00,2026-03-16 17:45:00,2026-03-16 17:46:00,1,C,,2026-03-16 16:27:54,,
25663,79410,2026-03-16 17:37:00,2026-03-16 17:40:00,2026-03-16 17:53:00,2026-03-16 17:56:00,1,C,,2026-03-16 16:37:38,,
25663,79410,2026-03-16 17:53:04,2026-03-16 17:53:04,2026-03-16 18:09:04,2026-03-16 18:09:04,1,C,,2026-03-16 17:41:27,,
25663,79410,2026-03-16 18:16:00,2026-03-16 19:37:00,2026-03-16 18:32:00,2026-03-16 19:53:00,1,C,,2026-03-16 17:08:46,,
25663,79410,2026-03-16 18:19:00,2026-03-16 19:40:00,2026-03-16 18:35:00,2026-03-16 19:56:00,1,C,,2026-03-16 17:54:36,,
25663,79410,2026-03-16 18:30:32,2026-03-16 18:30:32,2026-03-16 18:46:32,2026-03-16 18:46:32,1,C,,2026-03-16 17:48:04,,
25663,79410,2026-03-16 18:34:19,2026-03-16 18:34:19,2026-03-16 18:50:19,2026-03-16 18:50:19,1,C,,2026-03-16 18:14:19,,
25663,79410,2026-03-16 18:35:53,2026-03-16 18:35:53,2026-03-16 18:51:53,2026-03-16 18:51:53,1,C,,2026-03-16 18:04:26,,
25663,79410,2026-03-16 18:36:00,2026-03-16 17:55:00,2026-03-16 18:52:00,2026-03-16 18:11:00,1,C,,2026-03-16 16:15:00,,
25663,79410,2026-03-16 18:36:00,2026-03-16 16:41:00,2026-03-16 18:52:00,2026-03-16 16:57:00,1,C,,2026-03-16 16:27:54,,
25663,79410,2026-03-16 18:36:00,2026-03-16 19:05:00,2026-03-16 18:52:00,2026-03-16 19:21:00,1,C,,2026-03-16 16:40:18,,
25663,79410,2026-03-16 18:36:00,2026-03-16 17:00:00,2026-03-16 18:52:00,2026-03-16 17:16:00,1,C,,2026-03-16 17:05:23,,
25663,79410,2026-03-16 18:36:00,2026-03-16 19:43:00,2026-03-16 18:52:00,2026-03-16 19:59:00,1,C,,2026-03-16 17:12:00,,
25663,79410,2026-03-16 18:36:00,2026-03-16 18:36:00,2026-03-16 18:52:00,2026-03-16 18:52:00,1,C,,2026-03-16 17:41:27,,
25663,79410,2026-03-16 18:36:01,2026-03-16 18:36:01,2026-03-16 18:52:01,2026-03-16 18:52:01,1,C,,2026-03-16 17:57:55,,
25663,79410,2026-03-16 18:36:02,2026-03-16 18:36:02,2026-03-16 18:52:02,2026-03-16 18:52:02,1,C,,2026-03-16 17:54:36,,
25663,79410,2026-03-16 18:36:11,2026-03-16 18:36:11,2026-03-16 18:52:11,2026-03-16 18:52:11,1,C,,2026-03-16 18:01:18,,
25663,79410,2026-03-16 18:36:13,2026-03-16 18:36:13,2026-03-16 18:52:13,2026-03-16 18:52:13,1,C,,2026-03-16 18:10:57,,
25663,79410,2026-03-16 18:36:17,2026-03-16 18:36:17,2026-03-16 18:52:17,2026-03-16 18:52:17,1,C,,2026-03-16 18:31:01,,
25663,79410,2026-03-16 18:36:21,2026-03-16 18:36:21,2026-03-16 18:52:21,2026-03-16 18:52:21,1,C,,2026-03-16 18:24:08,,
25663,79410,2026-03-16 18:36:34,2026-03-16 18:36:34,2026-03-16 18:52:34,2026-03-16 18:52:34,1,C,,2026-03-16 18:20:44,,
25663,79410,2026-03-16 18:36:54,2026-03-16 18:36:54,2026-03-16 18:52:54,2026-03-16 18:52:54,1,C,,2026-03-16 18:17:34,,
25663,79410,2026-03-16 18:36:55,2026-03-16 18:36:55,2026-03-16 18:52:55,2026-03-16 18:52:55,1,C,,2026-03-16 18:34:22,,
25663,79410,2026-03-16 18:37:37,2026-03-16 18:37:37,2026-03-16 18:53:37,2026-03-16 18:53:37,1,C,,2026-03-16 18:27:25,,
25663,79410,2026-03-16 18:37:38,2026-03-16 18:37:38,2026-03-16 18:53:38,2026-03-16 18:53:38,1,C,,2026-03-16 18:27:25,,
25663,79410,2026-03-16 18:37:47,2026-03-16 18:37:47,2026-03-16 18:53:47,2026-03-16 18:53:47,1,C,,2026-03-16 17:51:28,,
25663,79410,2026-03-16 18:37:48,2026-03-16 18:37:48,2026-03-16 18:53:48,2026-03-16 18:53:48,1,C,,2026-03-16 18:24:08,,
25663,79410,2026-03-16 18:46:00,2026-03-16 20:40:00,2026-03-16 19:02:00,2026-03-16 20:56:00,1,C,,2026-03-16 17:24:56,,
25663,79410,2026-03-16 18:51:00,2026-03-16 18:30:00,2026-03-16 19:07:00,2026-03-16 18:46:00,1,C,,2026-03-16 17:48:04,,
25663,79410,2026-03-16 19:17:00,2026-03-16 19:21:00,2026-03-16 19:33:00,2026-03-16 19:37:00,1,C,,2026-03-16 16:37:38,,
25663,79410,2026-03-16 19:51:00,2026-03-16 19:56:00,2026-03-16 20:07:00,2026-03-16 20:12:00,1,C,,2026-03-16 18:20:44,,
25663,79410,2026-03-16 20:07:00,2026-03-16 20:07:00,2026-03-16 20:23:00,2026-03-16 20:23:00,1,C,,2026-03-16 17:48:04,,
25663,79410,2026-03-16 20:19:00,2026-03-16 18:21:00,2026-03-16 20:35:00,2026-03-16 18:37:00,1,C,,2026-03-16 18:24:08,,
25663,79410,2026-03-16 20:35:00,2026-03-16 20:39:00,2026-03-16 20:51:00,2026-03-16 20:55:00,1,C,,2026-03-16 17:21:34,,
25663,79412,2026-03-16 16:12:56,2026-03-16 16:12:56,2026-03-16 16:28:56,2026-03-16 16:28:56,1,C,,2026-03-16 16:15:00,,
25663,79412,2026-03-16 17:59:00,2026-03-16 18:00:00,2026-03-16 18:15:00,2026-03-16 18:16:00,1,C,,2026-03-16 16:15:00,,
25663,79412,2026-03-16 18:09:11,2026-03-16 18:12:11,2026-03-16 18:25:11,2026-03-16 18:28:11,1,C,,2026-03-16 17:02:11,,
25663,79412,2026-03-16 18:12:00,2026-03-16 19:21:00,2026-03-16 18:28:00,2026-03-16 19:37:00,1,C,,2026-03-16 17:54:36,,
25663,79412,2026-03-16 18:19:00,2026-03-16 19:40:00,2026-03-16 18:35:00,2026-03-16 19:56:00,1,C,,2026-03-16 17:54:36,,
25663,79412,2026-03-16 18:32:32,2026-03-16 18:32:32,2026-03-16 18:48:32,2026-03-16 18:48:32,1,C,,2026-03-16 17:48:04,,
25663,79412,2026-03-16 18:36:19,2026-03-16 18:36:19,2026-03-16 18:52:19,2026-03-16 18:52:19,1,C,,2026-03-16 18:14:19,,
25663,79412,2026-03-16 18:37:53,2026-03-16 18:37:53,2026-03-16 18:53:53,2026-03-16 18:53:53,1,C,,2026-03-16 18:04:26,,
25663,79412,2026-03-16 18:38:00,2026-03-16 17:26:00,2026-03-16 18:54:00,2026-03-16 17:42:00,1,C,,2026-03-16 15:55:52,,
25663,79412,2026-03-16 18:38:00,2026-03-16 19:23:00,2026-03-16 18:54:00,2026-03-16 19:39:00,1,C,,2026-03-16 16:15:00,,
25663,79412,2026-03-16 18:38:00,2026-03-16 17:33:00,2026-03-16 18:54:00,2026-03-16 17:49:00,1,C,,2026-03-16 16:27:54,,
25663,79412,2026-03-16 18:38:00,2026-03-16 17:44:00,2026-03-16 18:54:00,2026-03-16 18:00:00,1,C,,2026-03-16 16:37:38,,
25663,79412,2026-03-16 18:38:00,2026-03-16 18:16:00,2026-03-16 18:54:00,2026-03-16 18:32:00,1,C,,2026-03-16 17:08:46,,
25663,79412,2026-03-16 18:38:00,2026-03-16 19:49:00,2026-03-16 18:54:00,2026-03-16 20:05:00,1,C,,2026-03-16 17:12:00,,
25663,79412,2026-03-16 18:38:00,2026-03-16 17:48:53,2026-03-16 18:54:00,2026-03-16 18:04:53,1,C,,2026-03-16 17:34:40,,
25663,79412,2026-03-16 18:38:00,2026-03-16 18:38:00,2026-03-16 18:54:00,2026-03-16 18:54:00,1,C,,2026-03-16 17:41:27,,
25663,79412,2026-03-16 18:38:01,2026-03-16 18:38:01,2026-03-16 18:54:01,2026-03-16 18:54:01,1,C,,2026-03-16 17:57:55,,
25663,79412,2026-03-16 18:38:02,2026-03-16 18:38:02,2026-03-16 18:54:02,2026-03-16 18:54:02,1,C,,2026-03-16 17:54:36,,
25663,79412,2026-03-16 18:38:11,2026-03-16 18:38:11,2026-03-16 18:54:11,2026-03-16 18:54:11,1,C,,2026-03-16 18:01:18,,
25663,79412,2026-03-16 18:38:13,2026-03-16 18:38:13,2026-03-16 18:54:13,2026-03-16 18:54:13,1,C,,2026-03-16 18:10:57,,
25663,79412,2026-03-16 18:38:17,2026-03-16 18:38:17,2026-03-16 18:54:17,2026-03-16 18:54:17,1,C,,2026-03-16 18:31:01,,
25663,79412,2026-03-16 18:38:21,2026-03-16 18:38:21,2026-03-16 18:54:21,2026-03-16 18:54:21,1,C,,2026-03-16 18:24:08,,
25663,79412,2026-03-16 18:38:34,2026-03-16 18:38:34,2026-03-16 18:54:34,2026-03-16 18:54:34,1,C,,2026-03-16 18:20:44,,
25663,79412,2026-03-16 18:38:36,2026-03-16 18:38:36,2026-03-16 18:54:36,2026-03-16 18:54:36,1,C,,2026-03-16 18:37:39,,
25663,79412,2026-03-16 18:38:54,2026-03-16 18:38:54,2026-03-16 18:54:54,2026-03-16 18:54:54,1,C,,2026-03-16 18:17:34,,
25663,79412,2026-03-16 18:38:55,2026-03-16 18:38:55,2026-03-16 18:54:55,2026-03-16 18:54:55,1,C,,2026-03-16 18:34:22,,
25663,79412,2026-03-16 18:39:37,2026-03-16 18:39:37,2026-03-16 18:55:37,2026-03-16 18:55:37,1,C,,2026-03-16 18:27:25,,
25663,79412,2026-03-16 18:39:38,2026-03-16 18:39:38,2026-03-16 18:55:38,2026-03-16 18:55:38,1,C,,2026-03-16 18:27:25,,
25663,79412,2026-03-16 18:39:47,2026-03-16 18:39:47,2026-03-16 18:55:47,2026-03-16 18:55:47,1,C,,2026-03-16 17:51:28,,
25663,79412,2026-03-16 18:39:48,2026-03-16 18:39:48,2026-03-16 18:55:48,2026-03-16 18:55:48,1,C,,2026-03-16 18:24:08,,
25663,79412,2026-03-16 18:39:57,2026-03-16 18:39:57,2026-03-16 18:55:57,2026-03-16 18:55:57,1,C,,2026-03-16 18:41:05,,
25663,79412,2026-03-16 19:33:00,2026-03-16 19:37:00,2026-03-16 19:49:00,2026-03-16 19:53:00,1,C,,2026-03-16 18:17:34,,
25663,79412,2026-03-16 19:41:00,2026-03-16 18:36:00,2026-03-16 19:57:00,2026-03-16 18:52:00,1,C,,2026-03-16 18:14:19,,
25663,79412,2026-03-16 19:53:00,2026-03-16 19:56:00,2026-03-16 20:09:00,2026-03-16 20:12:00,1,C,,2026-03-16 17:48:04,,
25663,79412,2026-03-16 20:21:00,2026-03-16 20:23:00,2026-03-16 20:37:00,2026-03-16 20:39:00,1,C,,2026-03-16 18:24:08,,
25663,79412,2026-03-16 20:44:00,2026-03-16 20:44:00,2026-03-16 21:00:00,2026-03-16 21:00:00,1,C,,2026-03-16 17:21:34,,
25663,79500,2026-03-16 15:42:00,2026-03-16 15:54:00,2026-03-16 15:58:00,2026-03-16 16:10:00,1,C,,2026-03-16 17:15:10,,
25663,79500,2026-03-16 16:20:56,2026-03-16 16:25:56,2026-03-16 16:36:56,2026-03-16 16:41:56,1,C,,2026-03-16 16:15:00,,
25663,79500,2026-03-16 17:16:00,2026-03-16 17:16:00,2026-03-16 17:32:00,2026-03-16 17:32:00,1,C,,2026-03-16 16:21:30,,
25663,79500,2026-03-16 17:17:00,2026-03-16 17:17:00,2026-03-16 17:33:00,2026-03-16 17:33:00,1,C,,2026-03-16 16:52:36,,
25663,79500,2026-03-16 17:36:00,2026-03-16 17:36:00,2026-03-16 17:52:00,2026-03-16 17:52:00,1,C,,2026-03-16 16:27:54,,
25663,79500,2026-03-16 17:49:53,2026-03-16 18:04:53,2026-03-16 18:05:53,2026-03-16 18:20:53,1,C,,2026-03-16 17:34:40,,
25663,79500,2026-03-16 18:03:00,2026-03-16 18:03:00,2026-03-16 18:19:00,2026-03-16 18:19:00,1,C,,2026-03-16 16:15:00,,
25663,79500,2026-03-16 18:30:00,2026-03-16 17:30:00,2026-03-16 18:46:00,2026-03-16 17:46:00,1,C,,2026-03-16 15:55:52,,
25663,79500,2026-03-16 18:36:32,2026-03-16 18:37:32,2026-03-16 18:52:32,2026-03-16 18:53:32,1,C,,2026-03-16 17:48:04,,
25663,79500,2026-03-16 18:40:19,2026-03-16 19:44:00,2026-03-16 18:56:19,2026-03-16 20:00:00,1,C,,2026-03-16 18:14:19,,
25663,79500,2026-03-16 18:40:19,2026-03-16 18:41:19,2026-03-16 18:56:19,2026-03-16 18:57:19,1,C,,2026-03-16 18:14:19,,
25663,79500,2026-03-16 18:41:53,2026-03-16 18:42:53,2026-03-16 18:57:53,2026-03-16 18:58:53,1,C,,2026-03-16 18:04:26,,
25663,79500,2026-03-16 18:42:00,2026-03-16 18:48:23,2026-03-16 18:58:00,2026-03-16 19:04:23,1,C,,2026-03-16 16:02:27,,
25663,79500,2026-03-16 18:42:00,2026-03-16 16:07:01,2026-03-16 18:58:00,2026-03-16 16:23:01,1,C,,2026-03-16 16:15:00,,
25663,79500,2026-03-16 18:42:00,2026-03-16 18:07:00,2026-03-16 18:58:00,2026-03-16 18:23:00,1,C,,2026-03-16 17:15:10,,
25663,79500,2026-03-16 18:42:00,2026-03-16 18:40:00,2026-03-16 18:58:00,2026-03-16 18:56:00,1,C,,2026-03-16 17:31:36,,
25663,79500,2026-03-16 18:42:00,2026-03-16 19:18:00,2026-03-16 18:58:00,2026-03-16 19:34:00,1,C,,2026-03-16 17:34:40,,
25663,79500,2026-03-16 18:42:00,2026-03-16 18:43:00,2026-03-16 18:58:00,2026-03-16 18:59:00,1,C,,2026-03-16 17:41:27,,
25663,79500,2026-03-16 18:42:00,2026-03-16 19:26:00,2026-03-16 18:58:00,2026-03-16 19:42:00,1,C,,2026-03-16 17:54:36,,
25663,79500,2026-03-16 18:42:01,2026-03-16 18:43:01,2026-03-16 18:58:01,2026-03-16 18:59:01,1,C,,2026-03-16 17:57:55,,
25663,79500,2026-03-16 18:42:02,2026-03-16 18:43:02,2026-03-16 18:58:02,2026-03-16 18:59:02,1,C,,2026-03-16 17:54:36,,
25663,79500,2026-03-16 18:42:11,2026-03-16 18:43:11,2026-03-16 18:58:11,2026-03-16 18:59:11,1,C,,2026-03-16 18:01:18,,
25663,79500,2026-03-16 18:42:13,2026-03-16 18:43:13,2026-03-16 18:58:13,2026-03-16 18:59:13,1,C,,2026-03-16 18:10:57,,
25663,79500,2026-03-16 18:42:17,2026-03-16 18:43:17,2026-03-16 18:58:17,2026-03-16 18:59:17,1,C,,2026-03-16 18:31:01,,
25663,79500,2026-03-16 18:42:21,2026-03-16 18:43:21,2026-03-16 18:58:21,2026-03-16 18:59:21,1,C,,2026-03-16 18:24:08,,
25663,79500,2026-03-16 18:42:34,2026-03-16 18:43:34,2026-03-16 18:58:34,2026-03-16 18:59:34,1,C,,2026-03-16 18:20:44,,
25663,79500,2026-03-16 18:42:36,2026-03-16 18:43:36,2026-03-16 18:58:36,2026-03-16 18:59:36,1,C,,2026-03-16 18:37:39,,
25663,79500,2026-03-16 18:42:54,2026-03-16 18:43:54,2026-03-16 18:58:54,2026-03-16 18:59:54,1,C,,2026-03-16 18:17:34,,
25663,79500,2026-03-16 18:42:55,2026-03-16 18:43:55,2026-03-16 18:58:55,2026-03-16 18:59:55,1,C,,2026-03-16 18:34:22,,
25663,79500,2026-03-16 18:43:37,2026-03-16 18:44:37,2026-03-16 18:59:37,2026-03-16 19:00:37,1,C,,2026-03-16 18:27:25,,
25663,79500,2026-03-16 18:43:38,2026-03-16 18:44:38,2026-03-16 18:59:38,2026-03-16 19:00:38,1,C,,2026-03-16 18:27:25,,
25663,79500,2026-03-16 18:43:47,2026-03-16 18:44:47,2026-03-16 18:59:47,2026-03-16 19:00:47,1,C,,2026-03-16 17:51:28,,
25663,79500,2026-03-16 18:43:48,2026-03-16 18:44:48,2026-03-16 18:59:48,2026-03-16 19:00:48,1,C,,2026-03-16 18:24:08,,
25663,79500,2026-03-16 18:43:57,2026-03-16 18:44:57,2026-03-16 18:59:57,2026-03-16 19:00:57,1,C,,2026-03-16 18:41:05,,
25663,79500,2026-03-16 18:46:00,2026-03-16 19:46:00,2026-03-16 19:02:00,2026-03-16 20:02:00,1,C,,2026-03-16 18:17:34,,
25663,79500,2026-03-16 19:38:00,2026-03-16 19:54:00,2026-03-16 19:54:00,2026-03-16 20:10:00,1,C,,2026-03-16 16:37:38,,
25663,79500,2026-03-16 19:50:00,2026-03-16 19:55:00,2026-03-16 20:06:00,2026-03-16 20:11:00,1,C,,2026-03-16 17:12:00,,
25663,79500,2026-03-16 19:56:00,2026-03-16 20:01:00,2026-03-16 20:12:00,2026-03-16 20:17:00,1,C,,2026-03-16 17:48:04,,
25663,79500,2026-03-16 20:24:00,2026-03-16 18:27:00,2026-03-16 20:40:00,2026-03-16 18:43:00,1,C,,2026-03-16 18:24:08,,
25663,79500,2026-03-16 20:47:00,2026-03-16 20:51:00,2026-03-16 21:03:00,2026-03-16 21:07:00,1,C,,2026-03-16 17:21:34,,
25663,79501,2026-03-16 15:54:00,2026-03-16 15:59:00,2026-03-16 16:10:00,2026-03-16 16:15:00,1,C,,2026-03-16 17:15:10,,
25663,79501,2026-03-16 16:32:56,2026-03-16 16:35:56,2026-03-16 16:48:56,2026-03-16 16:51:56,1,C,,2026-03-16 16:15:00,,
25663,79501,2026-03-16 16:50:23,2026-03-16 16:50:23,2026-03-16 17:06:23,2026-03-16 17:06:23,1,C,,2026-03-16 16:02:27,,
25663,79501,2026-03-16 16:58:17,2026-03-16 17:01:17,2026-03-16 17:14:17,2026-03-16 17:17:17,1,C,,2026-03-16 16:55:52,,
25663,79501,2026-03-16 17:17:00,2026-03-16 17:24:00,2026-03-16 17:33:00,2026-03-16 17:40:00,1,C,,2026-03-16 16:52:36,,
25663,79501,2026-03-16 17:32:00,2026-03-16 17:32:00,2026-03-16 17:48:00,2026-03-16 17:48:00,1,C,,2026-03-16 15:55:52,,
25663,79501,2026-03-16 17:34:00,2026-03-16 17:35:00,2026-03-16 17:50:00,2026-03-16 17:51:00,1,C,,2026-03-16 16:21:30,,
25663,79501,2026-03-16 17:40:00,2026-03-16 17:41:00,2026-03-16 17:56:00,2026-03-16 17:57:00,1,C,,2026-03-16 16:27:54,,
25663,79501,2026-03-16 18:05:53,2026-03-16 18:09:53,2026-03-16 18:21:53,2026-03-16 18:25:53,1,C,,2026-03-16 17:34:40,,
25663,79501,2026-03-16 18:06:00,2026-03-16 18:07:00,2026-03-16 18:22:00,2026-03-16 18:23:00,1,C,,2026-03-16 16:15:00,,
25663,79501,2026-03-16 18:25:00,2026-03-16 18:26:00,2026-03-16 18:41:00,2026-03-16 18:42:00,1,C,,2026-03-16 17:08:46,,
25663,79501,2026-03-16 18:27:00,2026-03-16 18:47:00,2026-03-16 18:43:00,2026-03-16 19:03:00,1,C,,2026-03-16 18:24:08,,
25663,79501,2026-03-16 18:41:32,2026-03-16 18:41:32,2026-03-16 18:57:32,2026-03-16 18:57:32,1,C,,2026-03-16 17:48:04,,
25663,79501,2026-03-16 18:45:19,2026-03-16 18:45:19,2026-03-16 19:01:19,2026-03-16 19:01:19,1,C,,2026-03-16 18:14:19,,
25663,79501,2026-03-16 18:46:53,2026-03-16 18:46:53,2026-03-16 19:02:53,2026-03-16 19:02:53,1,C,,2026-03-16 18:04:26,,
25663,79501,2026-03-16 18:47:00,2026-03-16 17:29:00,2026-03-16 19:03:00,2026-03-16 17:45:00,1,C,,2026-03-16 16:27:54,,
25663,79501,2026-03-16 18:47:00,2026-03-16 19:59:00,2026-03-16 19:03:00,2026-03-16 20:15:00,1,C,,2026-03-16 16:37:38,,
25663,79501,2026-03-16 18:47:00,2026-03-16 18:21:00,2026-03-16 19:03:00,2026-03-16 18:37:00,1,C,,2026-03-16 17:05:23,,
25663,79501,2026-03-16 18:47:00,2026-03-16 20:07:00,2026-03-16 19:03:00,2026-03-16 20:23:00,1,C,,2026-03-16 17:12:00,,
25663,79501,2026-03-16 18:47:00,2026-03-16 19:25:00,2026-03-16 19:03:00,2026-03-16 19:41:00,1,C,,2026-03-16 17:34:40,,
25663,79501,2026-03-16 18:47:01,2026-03-16 18:47:01,2026-03-16 19:03:01,2026-03-16 19:03:01,1,C,,2026-03-16 17:57:55,,
25663,79501,2026-03-16 18:47:02,2026-03-16 18:47:02,2026-03-16 19:03:02,2026-03-16 19:03:02,1,C,,2026-03-16 17:54:36,,
25663,79501,2026-03-16 18:47:11,2026-03-16 18:47:11,2026-03-16 19:03:11,2026-03-16 19:03:11,1,C,,2026-03-16 18:01:18,,
25663,79501,2026-03-16 18:47:13,2026-03-16 18:47:13,2026-03-16 19:03:13,2026-03-16 19:03:13,1,C,,2026-03-16 18:10:57,,
25663,79501,2026-03-16 18:47:17,2026-03-16 18:47:17,2026-03-16 19:03:17,2026-03-16 19:03:17,1,C,,2026-03-16 18:31:01,,
25663,79501,2026-03-16 18:47:21,2026-03-16 18:47:21,2026-03-16 19:03:21,2026-03-16 19:03:21,1,C,,2026-03-16 18:24:08,,
25663,79501,2026-03-16 18:47:34,2026-03-16 18:47:34,2026-03-16 19:03:34,2026-03-16 19:03:34,1,C,,2026-03-16 18:20:44,,
25663,79501,2026-03-16 18:47:36,2026-03-16 18:47:36,2026-03-16 19:03:36,2026-03-16 19:03:36,1,C,,2026-03-16 18:37:39,,
25663,79501,2026-03-16 18:47:54,2026-03-16 18:47:54,2026-03-16 19:03:54,2026-03-16 19:03:54,1,C,,2026-03-16 18:17:34,,
25663,79501,2026-03-16 18:47:55,2026-03-16 18:47:55,2026-03-16 19:03:55,2026-03-16 19:03:55,1,C,,2026-03-16 18:34:22,,
25663,79501,2026-03-16 18:48:37,2026-03-16 18:48:37,2026-03-16 19:04:37,2026-03-16 19:04:37,1,C,,2026-03-16 18:27:25,,
25663,79501,2026-03-16 18:48:38,2026-03-16 18:48:38,2026-03-16 19:04:38,2026-03-16 19:04:38,1,C,,2026-03-16 18:27:25,,
25663,79501,2026-03-16 18:48:47,2026-03-16 18:48:47,2026-03-16 19:04:47,2026-03-16 19:04:47,1,C,,2026-03-16 17:51:28,,
25663,79501,2026-03-16 18:48:48,2026-03-16 18:48:48,2026-03-16 19:04:48,2026-03-16 19:04:48,1,C,,2026-03-16 18:24:08,,
25663,79501,2026-03-16 18:48:53,2026-03-16 18:48:53,2026-03-16 19:04:53,2026-03-16 19:04:53,1,C,,2026-03-16 18:47:55,,
25663,79501,2026-03-16 18:48:57,2026-03-16 18:48:57,2026-03-16 19:04:57,2026-03-16 19:04:57,1,C,,2026-03-16 18:41:05,,
25663,79501,2026-03-16 18:49:15,2026-03-16 18:49:15,2026-03-16 19:05:15,2026-03-16 19:05:15,1,C,,2026-03-16 18:44:30,,
25663,79501,2026-03-16 18:50:35,2026-03-16 18:50:35,2026-03-16 19:06:35,2026-03-16 19:06:35,1,C,,2026-03-16 18:47:55,,
25663,79501,2026-03-16 19:00:00,2026-03-16 20:30:00,2026-03-16 19:16:00,2026-03-16 20:46:00,1,C,,2026-03-16 18:20:44,,
25663,79501,2026-03-16 19:28:00,2026-03-16 19:33:00,2026-03-16 19:44:00,2026-03-16 19:49:00,1,C,,2026-03-16 17:54:36,,
25663,79501,2026-03-16 20:05:00,2026-03-16 20:05:00,2026-03-16 20:21:00,2026-03-16 20:21:00,1,C,,2026-03-16 17:48:04,,
25663,79502,2026-03-16 16:40:56,2026-03-16 16:43:56,2026-03-16 16:56:56,2026-03-16 16:59:56,1,C,,2026-03-16 16:15:00,,
25663,79502,2026-03-16 16:53:23,2026-03-16 16:53:23,2026-03-16 17:09:23,2026-03-16 17:09:23,1,C,,2026-03-16 16:02:27,,
25663,79502,2026-03-16 17:01:17,2026-03-16 17:05:17,2026-03-16 17:17:17,2026-03-16 17:21:17,1,C,,2026-03-16 16:55:52,,
25663,79502,2026-03-16 17:25:00,2026-03-16 17:31:00,2026-03-16 17:41:00,2026-03-16 17:47:00,1,C,,2026-03-16 16:52:36,,
25663,79502,2026-03-16 17:32:11,2026-03-16 17:33:11,2026-03-16 17:48:11,2026-03-16 17:49:11,1,C,,2026-03-16 16:46:26,,
25663,79502,2026-03-16 17:35:00,2026-03-16 17:35:00,2026-03-16 17:51:00,2026-03-16 17:51:00,1,C,,2026-03-16 15:55:52,,
25663,79502,2026-03-16 17:47:00,2026-03-16 18:49:00,2026-03-16 18:03:00,2026-03-16 19:05:00,1,C,,2026-03-16 16:21:30,,
25663,79502,2026-03-16 18:17:00,2026-03-16 18:19:00,2026-03-16 18:33:00,2026-03-16 18:35:00,1,C,,2026-03-16 17:54:36,,
25663,79502,2026-03-16 18:24:00,2026-03-16 18:25:00,2026-03-16 18:40:00,2026-03-16 18:41:00,1,C,,2026-03-16 17:15:10,,
25663,79502,2026-03-16 18:32:00,2026-03-16 18:34:00,2026-03-16 18:48:00,2026-03-16 18:50:00,1,C,,2026-03-16 17:08:46,,
25663,79502,2026-03-16 18:37:00,2026-03-16 20:41:00,2026-03-16 18:53:00,2026-03-16 20:57:00,1,C,,2026-03-16 18:24:08,,
25663,79502,2026-03-16 18:44:32,2026-03-16 19:46:00,2026-03-16 19:00:32,2026-03-16 20:02:00,1,C,,2026-03-16 17:48:04,,
25663,79502,2026-03-16 18:44:32,2026-03-16 18:10:00,2026-03-16 19:00:32,2026-03-16 18:26:00,1,C,,2026-03-16 17:48:04,,
25663,79502,2026-03-16 18:44:32,2026-03-16 18:44:32,2026-03-16 19:00:32,2026-03-16 19:00:32,1,C,,2026-03-16 17:48:04,,
25663,79502,2026-03-16 18:48:19,2026-03-16 18:48:19,2026-03-16 19:04:19,2026-03-16 19:04:19,1,C,,2026-03-16 18:14:19,,
25663,79502,2026-03-16 18:49:53,2026-03-16 18:49:53,2026-03-16 19:05:53,2026-03-16 19:05:53,1,C,,2026-03-16 18:04:26,,
25663,79502,2026-03-16 18:50:00,2026-03-16 17:56:00,2026-03-16 19:06:00,2026-03-16 18:12:00,1,C,,2026-03-16 16:15:00,,
25663,79502,2026-03-16 18:50:00,2026-03-16 17:48:00,2026-03-16 19:06:00,2026-03-16 18:04:00,1,C,,2026-03-16 16:27:54,,
25663,79502,2026-03-16 18:50:00,2026-03-16 19:17:00,2026-03-16 19:06:00,2026-03-16 19:33:00,1,C,,2026-03-16 16:40:18,,
25663,79502,2026-03-16 18:50:00,2026-03-16 18:50:00,2026-03-16 19:06:00,2026-03-16 19:06:00,1,C,,2026-03-16 17:41:27,,
25663,79502,2026-03-16 18:50:01,2026-03-16 18:50:01,2026-03-16 19:06:01,2026-03-16 19:06:01,1,C,,2026-03-16 17:57:55,,
25663,79502,2026-03-16 18:50:02,2026-03-16 18:50:02,2026-03-16 19:06:02,2026-03-16 19:06:02,1,C,,2026-03-16 17:54:36,,
25663,79502,2026-03-16 18:50:11,2026-03-16 18:50:11,2026-03-16 19:06:11,2026-03-16 19:06:11,1,C,,2026-03-16 18:01:18,,
25663,79502,2026-03-16 18:50:13,2026-03-16 18:50:13,2026-03-16 19:06:13,2026-03-16 19:06:13,1,C,,2026-03-16 18:10:57,,
25663,79502,2026-03-16 18:50:17,2026-03-16 18:50:17,2026-03-16 19:06:17,2026-03-16 19:06:17,1,C,,2026-03-16 18:31:01,,
25663,79502,2026-03-16 18:50:21,2026-03-16 18:50:21,2026-03-16 19:06:21,2026-03-16 19:06:21,1,C,,2026-03-16 18:24:08,,
25663,79502,2026-03-16 18:50:34,2026-03-16 19:00:00,2026-03-16 19:06:34,2026-03-16 19:16:00,1,C,,2026-03-16 18:20:44,,
25663,79502,2026-03-16 18:50:34,2026-03-16 18:50:34,2026-03-16 19:06:34,2026-03-16 19:06:34,1,C,,2026-03-16 18:20:44,,
25663,79502,2026-03-16 18:50:36,2026-03-16 18:50:36,2026-03-16 19:06:36,2026-03-16 19:06:36,1,C,,2026-03-16 18:37:39,,
25663,79502,2026-03-16 18:50:54,2026-03-16 18:50:54,2026-03-16 19:06:54,2026-03-16 19:06:54,1,C,,2026-03-16 18:17:34,,
25663,79502,2026-03-16 18:50:55,2026-03-16 18:50:55,2026-03-16 19:06:55,2026-03-16 19:06:55,1,C,,2026-03-16 18:34:22,,
25663,79502,2026-03-16 18:51:37,2026-03-16 18:51:37,2026-03-16 19:07:37,2026-03-16 19:07:37,1,C,,2026-03-16 18:27:25,,
25663,79502,2026-03-16 18:51:38,2026-03-16 18:51:38,2026-03-16 19:07:38,2026-03-16 19:07:38,1,C,,2026-03-16 18:27:25,,
25663,79502,2026-03-16 18:51:47,2026-03-16 18:51:47,2026-03-16 19:07:47,2026-03-16 19:07:47,1,C,,2026-03-16 17:51:28,,
25663,79502,2026-03-16 18:51:48,2026-03-16 18:51:48,2026-03-16 19:07:48,2026-03-16 19:07:48,1,C,,2026-03-16 18:24:08,,
25663,79502,2026-03-16 18:51:52,2026-03-16 18:51:52,2026-03-16 19:07:52,2026-03-16 19:07:52,1,C,,2026-03-16 18:51:09,,
25663,79502,2026-03-16 18:51:53,2026-03-16 18:51:53,2026-03-16 19:07:53,2026-03-16 19:07:53,1,C,,2026-03-16 18:47:55,,
25663,79502,2026-03-16 18:51:57,2026-03-16 18:51:57,2026-03-16 19:07:57,2026-03-16 19:07:57,1,C,,2026-03-16 18:41:05,,
25663,79502,2026-03-16 18:52:00,2026-03-16 18:52:00,2026-03-16 19:08:00,2026-03-16 19:08:00,1,C,,2026-03-16 18:17:34,,
25663,79502,2026-03-16 18:52:15,2026-03-16 22:02:00,2026-03-16 19:08:15,2026-03-16 22:18:00,1,C,,2026-03-16 18:44:30,,
25663,79502,2026-03-16 18:52:15,2026-03-16 18:52:15,2026-03-16 19:08:15,2026-03-16 19:08:15,1,C,,2026-03-16 18:44:30,,
25663,79502,2026-03-16 18:53:35,2026-03-16 18:53:35,2026-03-16 19:09:35,2026-03-16 19:09:35,1,C,,2026-03-16 18:47:55,,
25663,79502,2026-03-16 19:34:00,2026-03-16 18:41:00,2026-03-16 19:50:00,2026-03-16 18:57:00,1,C,,2026-03-16 17:54:36,,
25663,79502,2026-03-16 19:47:00,2026-03-16 19:48:00,2026-03-16 20:03:00,2026-03-16 20:04:00,1,C,,2026-03-16 18:14:19,,
25663,79502,2026-03-16 21:25:00,2026-03-16 18:30:00,2026-03-16 21:41:00,2026-03-16 18:46:00,1,C,,2026-03-16 17:21:34,,
25663,79600,2026-03-16 16:57:23,2026-03-16 16:57:23,2026-03-16 17:13:23,2026-03-16 17:13:23,1,C,,2026-03-16 16:02:27,,
25663,79600,2026-03-16 17:32:00,2026-03-16 17:37:00,2026-03-16 17:48:00,2026-03-16 17:53:00,1,C,,2026-03-16 16:52:36,,
25663,79600,2026-03-16 17:36:11,2026-03-16 17:36:11,2026-03-16 17:52:11,2026-03-16 17:52:11,1,C,,2026-03-16 16:46:26,,
25663,79600,2026-03-16 18:00:00,2026-03-16 18:00:00,2026-03-16 18:16:00,2026-03-16 18:16:00,1,C,,2026-03-16 16:21:30,,
25663,79600,2026-03-16 18:12:04,2026-03-16 18:12:04,2026-03-16 18:28:04,2026-03-16 18:28:04,1,C,,2026-03-16 17:41:27,,
25663,79600,2026-03-16 18:40:00,2026-03-16 18:40:00,2026-03-16 18:56:00,2026-03-16 18:56:00,1,C,,2026-03-16 16:37:38,,
25663,79600,2026-03-16 18:46:32,2026-03-16 21:37:00,2026-03-16 19:02:32,2026-03-16 21:53:00,1,C,,2026-03-16 17:48:04,,
25663,79600,2026-03-16 18:46:32,2026-03-16 18:47:32,2026-03-16 19:02:32,2026-03-16 19:03:32,1,C,,2026-03-16 17:48:04,,
25663,79600,2026-03-16 18:50:19,2026-03-16 18:51:19,2026-03-16 19:06:19,2026-03-16 19:07:19,1,C,,2026-03-16 18:14:19,,
25663,79600,2026-03-16 18:51:53,2026-03-16 18:52:53,2026-03-16 19:07:53,2026-03-16 19:08:53,1,C,,2026-03-16 18:04:26,,
25663,79600,2026-03-16 18:52:00,2026-03-16 18:11:01,2026-03-16 19:08:00,2026-03-16 18:27:01,1,C,,2026-03-16 16:15:00,,
25663,79600,2026-03-16 18:52:00,2026-03-16 18:22:00,2026-03-16 19:08:00,2026-03-16 18:38:00,1,C,,2026-03-16 16:15:00,,
25663,79600,2026-03-16 18:52:00,2026-03-16 18:18:00,2026-03-16 19:08:00,2026-03-16 18:34:00,1,C,,2026-03-16 17:15:10,,
25663,79600,2026-03-16 18:52:00,2026-03-16 19:17:00,2026-03-16 19:08:00,2026-03-16 19:33:00,1,C,,2026-03-16 17:24:56,,
25663,79600,2026-03-16 18:52:00,2026-03-16 18:47:00,2026-03-16 19:08:00,2026-03-16 19:03:00,1,C,,2026-03-16 17:31:36,,
25663,79600,2026-03-16 18:52:00,2026-03-16 18:17:53,2026-03-16 19:08:00,2026-03-16 18:33:53,1,C,,2026-03-16 17:34:40,,
25663,79600,2026-03-16 18:52:00,2026-03-16 18:53:00,2026-03-16 19:08:00,2026-03-16 19:09:00,1,C,,2026-03-16 17:54:36,,
25663,79600,2026-03-16 18:52:01,2026-03-16 18:53:01,2026-03-16 19:08:01,2026-03-16 19:09:01,1,C,,2026-03-16 17:57:55,,
25663,79600,2026-03-16 18:52:02,2026-03-16 18:46:00,2026-03-16 19:08:02,2026-03-16 19:02:00,1,C,,2026-03-16 17:54:36,,
25663,79600,2026-03-16 18:52:02,2026-03-16 18:53:02,2026-03-16 19:08:02,2026-03-16 19:09:02,1,C,,2026-03-16 17:54:36,,
25663,79600,2026-03-16 18:52:11,2026-03-16 18:53:11,2026-03-16 19:08:11,2026-03-16 19:09:11,1,C,,2026-03-16 18:01:18,,
25663,79600,2026-03-16 18:52:13,2026-03-16 18:53:13,2026-03-16 19:08:13,2026-03-16 19:09:13,1,C,,2026-03-16 18:10:57,,
25663,79600,2026-03-16 18:52:17,2026-03-16 18:53:17,2026-03-16 19:08:17,2026-03-16 19:09:17,1,C,,2026-03-16 18:31:01,,
25663,79600,2026-03-16 18:52:21,2026-03-16 18:53:21,2026-03-16 19:08:21,2026-03-16 19:09:21,1,C,,2026-03-16 18:24:08,,
25663,79600,2026-03-16 18:52:34,2026-03-16 18:53:34,2026-03-16 19:08:34,2026-03-16 19:09:34,1,C,,2026-03-16 18:20:44,,
25663,79600,2026-03-16 18:52:36,2026-03-16 18:53:36,2026-03-16 19:08:36,2026-03-16 19:09:36,1,C,,2026-03-16 18:37:39,,
25663,79600,2026-03-16 18:52:54,2026-03-16 18:53:54,2026-03-16 19:08:54,2026-03-16 19:09:54,1,C,,2026-03-16 18:17:34,,
25663,79600,2026-03-16 18:52:55,2026-03-16 18:53:55,2026-03-16 19:08:55,2026-03-16 19:09:55,1,C,,2026-03-16 18:34:22,,
25663,79600,2026-03-16 18:52:56,2026-03-16 16:49:56,2026-03-16 19:08:56,2026-03-16 17:05:56,1,C,,2026-03-16 16:15:00,,
25663,79600,2026-03-16 18:53:37,2026-03-16 18:54:37,2026-03-16 19:09:37,2026-03-16 19:10:37,1,C,,2026-03-16 18:27:25,,
25663,79600,2026-03-16 18:53:38,2026-03-16 18:54:38,2026-03-16 19:09:38,2026-03-16 19:10:38,1,C,,2026-03-16 18:27:25,,
25663,79600,2026-03-16 18:53:47,2026-03-16 18:54:47,2026-03-16 19:09:47,2026-03-16 19:10:47,1,C,,2026-03-16 17:51:28,,
25663,79600,2026-03-16 18:53:48,2026-03-16 18:54:48,2026-03-16 19:09:48,2026-03-16 19:10:48,1,C,,2026-03-16 18:24:08,,
25663,79600,2026-03-16 18:53:52,2026-03-16 18:54:52,2026-03-16 19:09:52,2026-03-16 19:10:52,1,C,,2026-03-16 18:51:09,,
25663,79600,2026-03-16 18:53:53,2026-03-16 18:54:53,2026-03-16 19:09:53,2026-03-16 19:10:53,1,C,,2026-03-16 18:47:55,,
25663,79600,2026-03-16 18:53:57,2026-03-16 18:54:57,2026-03-16 19:09:57,2026-03-16 19:10:57,1,C,,2026-03-16 18:41:05,,
25663,79600,2026-03-16 18:54:15,2026-03-16 18:55:15,2026-03-16 19:10:15,2026-03-16 19:11:15,1,C,,2026-03-16 18:44:30,,
25663,79600,2026-03-16 18:54:29,2026-03-16 18:55:29,2026-03-16 19:10:29,2026-03-16 19:11:29,1,C,,2026-03-16 18:54:28,,
25663,79600,2026-03-16 18:55:35,2026-03-16 18:56:35,2026-03-16 19:11:35,2026-03-16 19:12:35,1,C,,2026-03-16 18:47:55,,
25663,79600,2026-03-16 19:19:00,2026-03-16 18:19:00,2026-03-16 19:35:00,2026-03-16 18:35:00,1,C,,2026-03-16 16:40:18,,
25663,79600,2026-03-16 19:52:00,2026-03-16 18:51:00,2026-03-16 20:08:00,2026-03-16 19:07:00,1,C,,2026-03-16 18:14:19,,
25663,79600,2026-03-16 20:41:00,2026-03-16 20:43:00,2026-03-16 20:57:00,2026-03-16 20:59:00,1,C,,2026-03-16 18:24:08,,
25663,79600,2026-03-16 21:34:00,2026-03-16 21:40:00,2026-03-16 21:50:00,2026-03-16 21:56:00,1,C,,2026-03-16 17:21:34,,
25663,79600,2026-03-16 22:02:00,2026-03-16 18:05:00,2026-03-16 22:18:00,2026-03-16 18:21:00,1,C,,2026-03-16 18:44:30,,
25663,79601,2026-03-16 15:34:32,2026-03-16 18:11:37,2026-03-16 15:50:32,2026-03-16 18:27:37,,C,,2026-03-16 15:55:52,,
25663,79601,2026-03-16 16:11:01,2026-03-16 16:14:01,2026-03-16 16:27:01,2026-03-16 16:30:01,,C,,2026-03-16 16:15:00,,
25663,79601,2026-03-16 16:55:56,2026-03-16 16:58:56,2026-03-16 17:11:56,2026-03-16 17:14:56,,C,,2026-03-16 16:15:00,,
25663,79601,2026-03-16 17:00:23,2026-03-16 17:00:23,2026-03-16 17:16:23,2026-03-16 17:16:23,,C,,2026-03-16 16:02:27,,
25663,79601,2026-03-16 17:35:00,2026-03-16 20:10:00,2026-03-16 17:51:00,2026-03-16 20:26:00,,C,,2026-03-16 17:02:11,,
25663,79601,2026-03-16 17:56:00,2026-03-16 17:56:00,2026-03-16 18:12:00,2026-03-16 18:12:00,,C,,2026-03-16 16:27:54,,
25663,79601,2026-03-16 18:17:04,2026-03-16 18:57:04,2026-03-16 18:33:04,2026-03-16 19:13:04,,C,,2026-03-16 17:41:27,,
25663,79601,2026-03-16 18:21:00,2026-03-16 19:21:00,2026-03-16 18:37:00,2026-03-16 19:37:00,,C,,2026-03-16 16:40:18,,
25663,79601,2026-03-16 18:21:53,2026-03-16 18:22:53,2026-03-16 18:37:53,2026-03-16 18:38:53,,C,,2026-03-16 17:34:40,,
25663,79601,2026-03-16 18:22:00,2026-03-16 18:24:00,2026-03-16 18:38:00,2026-03-16 18:40:00,,C,,2026-03-16 16:15:00,,
25663,79601,2026-03-16 18:35:00,2026-03-16 18:41:00,2026-03-16 18:51:00,2026-03-16 18:57:00,,C,,2026-03-16 17:54:36,,
25663,79601,2026-03-16 18:51:32,2026-03-16 18:51:32,2026-03-16 19:07:32,2026-03-16 19:07:32,,C,,2026-03-16 17:48:04,,
25663,79601,2026-03-16 18:55:19,2026-03-16 18:55:19,2026-03-16 19:11:19,2026-03-16 19:11:19,,C,,2026-03-16 18:14:19,,
25663,79601,2026-03-16 18:56:53,2026-03-16 18:56:53,2026-03-16 19:12:53,2026-03-16 19:12:53,,C,,2026-03-16 18:04:26,,
25663,79601,2026-03-16 18:57:00,2026-03-16 18:44:00,2026-03-16 19:13:00,2026-03-16 19:00:00,,C,,2026-03-16 16:37:38,,
25663,79601,2026-03-16 18:57:00,2026-03-16 18:57:41,2026-03-16 19:13:00,2026-03-16 19:13:41,,C,,2026-03-16 16:37:38,,
25663,79601,2026-03-16 18:57:00,2026-03-16 19:45:00,2026-03-16 19:13:00,2026-03-16 20:01:00,,C,,2026-03-16 17:34:40,,
25663,79601,2026-03-16 18:57:00,2026-03-16 18:57:00,2026-03-16 19:13:00,2026-03-16 19:13:00,,C,,2026-03-16 17:41:27,,
25663,79601,2026-03-16 18:57:01,2026-03-16 18:57:01,2026-03-16 19:13:01,2026-03-16 19:13:01,,C,,2026-03-16 17:57:55,,
25663,79601,2026-03-16 18:57:02,2026-03-16 18:57:02,2026-03-16 19:13:02,2026-03-16 19:13:02,,C,,2026-03-16 17:54:36,,
25663,79601,2026-03-16 18:57:11,2026-03-16 18:57:11,2026-03-16 19:13:11,2026-03-16 19:13:11,,C,,2026-03-16 18:01:18,,
25663,79601,2026-03-16 18:57:13,2026-03-16 18:57:13,2026-03-16 19:13:13,2026-03-16 19:13:13,,C,,2026-03-16 18:10:57,,
25663,79601,2026-03-16 18:57:17,2026-03-16 18:57:17,2026-03-16 19:13:17,2026-03-16 19:13:17,,C,,2026-03-16 18:31:01,,
25663,79601,2026-03-16 18:57:21,2026-03-16 18:57:21,2026-03-16 19:13:21,2026-03-16 19:13:21,,C,,2026-03-16 18:24:08,,
25663,79601,2026-03-16 18:57:34,2026-03-16 18:57:34,2026-03-16 19:13:34,2026-03-16 19:13:34,,C,,2026-03-16 18:20:44,,
25663,79601,2026-03-16 18:57:36,2026-03-16 18:57:36,2026-03-16 19:13:36,2026-03-16 19:13:36,,C,,2026-03-16 18:37:39,,
25663,79601,2026-03-16 18:57:54,2026-03-16 18:57:54,2026-03-16 19:13:54,2026-03-16 19:13:54,,C,,2026-03-16 18:17:34,,
25663,79601,2026-03-16 18:57:55,2026-03-16 18:57:55,2026-03-16 19:13:55,2026-03-16 19:13:55,,C,,2026-03-16 18:34:22,,
25663,79601,2026-03-16 18:58:37,2026-03-16 18:58:37,2026-03-16 19:14:37,2026-03-16 19:14:37,,C,,2026-03-16 18:27:25,,
25663,79601,2026-03-16 18:58:38,2026-03-16 18:58:38,2026-03-16 19:14:38,2026-03-16 19:14:38,,C,,2026-03-16 18:27:25,,
25663,79601,2026-03-16 18:58:47,2026-03-16 18:58:47,2026-03-16 19:14:47,2026-03-16 19:14:47,,C,,2026-03-16 17:51:28,,
25663,79601,2026-03-16 18:58:48,2026-03-16 18:58:48,2026-03-16 19:14:48,2026-03-16 19:14:48,,C,,2026-03-16 18:24:08,,
25663,79601,2026-03-16 18:58:52,2026-03-16 18:58:52,2026-03-16 19:14:52,2026-03-16 19:14:52,,C,,2026-03-16 18:51:09,,
25663,79601,2026-03-16 18:58:53,2026-03-16 18:58:53,2026-03-16 19:14:53,2026-03-16 19:14:53,,C,,2026-03-16 18:47:55,,
25663,79601,2026-03-16 18:58:57,2026-03-16 18:58:57,2026-03-16 19:14:57,2026-03-16 19:14:57,,C,,2026-03-16 18:41:05,,
25663,79601,2026-03-16 18:59:15,2026-03-16 18:59:15,2026-03-16 19:15:15,2026-03-16 19:15:15,,C,,2026-03-16 18:44:30,,
25663,79601,2026-03-16 18:59:29,2026-03-16 18:59:29,2026-03-16 19:15:29,2026-03-16 19:15:29,,C,,2026-03-16 18:54:28,,
25663,79601,2026-03-16 19:00:11,2026-03-16 19:00:11,2026-03-16 19:16:11,2026-03-16 19:16:11,1,C,,2026-03-16 18:57:44,,
25663,79601,2026-03-16 19:00:35,2026-03-16 19:00:35,2026-03-16 19:16:35,2026-03-16 19:16:35,,C,,2026-03-16 18:47:55,,
25663,79601,2026-03-16 20:05:00,2026-03-16 18:46:00,2026-03-16 20:21:00,2026-03-16 19:02:00,,C,,2026-03-16 17:54:36,,
25663,79601,2026-03-16 20:14:00,2026-03-16 20:17:00,2026-03-16 20:30:00,2026-03-16 20:33:00,,C,,2026-03-16 17:48:04,,
25663,79602,2026-03-16 16:45:00,2026-03-16 18:50:17,2026-03-16 17:01:00,2026-03-16 19:06:17,,C,,2026-03-16 18:44:30,,
25663,79602,2026-03-16 17:03:23,2026-03-16 17:03:23,2026-03-16 17:19:23,2026-03-16 17:19:23,,C,,2026-03-16 16:02:27,,
25663,79602,2026-03-16 17:09:10,2026-03-16 17:33:10,2026-03-16 17:25:10,2026-03-16 17:49:10,,C,,2026-03-16 17:12:00,,
25663,79602,2026-03-16 18:00:00,2026-03-16 18:01:00,2026-03-16 18:16:00,2026-03-16 18:17:00,,C,,2026-03-16 16:27:54,,
25663,79602,2026-03-16 18:21:04,2026-03-16 18:26:04,2026-03-16 18:37:04,2026-03-16 18:42:04,,C,,2026-03-16 17:41:27,,
25663,79602,2026-03-16 18:24:00,2026-03-16 18:26:00,2026-03-16 18:40:00,2026-03-16 18:42:00,,C,,2026-03-16 16:15:00,,
25663,79602,2026-03-16 18:27:53,2026-03-16 18:28:53,2026-03-16 18:43:53,2026-03-16 18:44:53,,C,,2026-03-16 17:34:40,,
25663,79602,2026-03-16 18:34:00,2026-03-16 18:35:00,2026-03-16 18:50:00,2026-03-16 18:51:00,,C,,2026-03-16 17:15:10,,
25663,79602,2026-03-16 18:41:00,2026-03-16 18:52:00,2026-03-16 18:57:00,2026-03-16 19:08:00,,C,,2026-03-16 17:54:36,,
25663,79602,2026-03-16 18:49:00,2026-03-16 18:50:00,2026-03-16 19:05:00,2026-03-16 19:06:00,,C,,2026-03-16 16:37:38,,
25663,79602,2026-03-16 18:50:00,2026-03-16 19:51:00,2026-03-16 19:06:00,2026-03-16 20:07:00,,C,,2026-03-16 17:31:36,,
25663,79602,2026-03-16 18:55:32,2026-03-16 18:57:32,2026-03-16 19:11:32,2026-03-16 19:13:32,,C,,2026-03-16 17:48:04,,
25663,79602,2026-03-16 18:59:19,2026-03-16 19:01:19,2026-03-16 19:15:19,2026-03-16 19:17:19,,C,,2026-03-16 18:14:19,,
25663,79602,2026-03-16 19:00:53,2026-03-16 19:02:53,2026-03-16 19:16:53,2026-03-16 19:18:53,,C,,2026-03-16 18:04:26,,
25663,79602,2026-03-16 19:01:00,2026-03-16 17:48:11,2026-03-16 19:17:00,2026-03-16 18:04:11,,C,,2026-03-16 16:46:26,,
25663,79602,2026-03-16 19:01:00,2026-03-16 15:52:00,2026-03-16 19:17:00,2026-03-16 16:08:00,,C,,2026-03-16 17:02:11,,
25663,79602,2026-03-16 19:01:00,2026-03-16 18:54:00,2026-03-16 19:17:00,2026-03-16 19:10:00,,C,,2026-03-16 17:08:46,,
25663,79602,2026-03-16 19:01:00,2026-03-16 16:29:00,2026-03-16 19:17:00,2026-03-16 16:45:00,,C,,2026-03-16 17:15:10,,
25663,79602,2026-03-16 19:01:00,2026-03-16 19:03:00,2026-03-16 19:17:00,2026-03-16 19:19:00,,C,,2026-03-16 17:41:27,,
25663,79602,2026-03-16 19:01:00,2026-03-16 20:56:00,2026-03-16 19:17:00,2026-03-16 21:12:00,,C,,2026-03-16 18:24:08,,
25663,79602,2026-03-16 19:01:01,2026-03-16 19:03:01,2026-03-16 19:17:01,2026-03-16 19:19:01,,C,,2026-03-16 17:57:55,,
25663,79602,2026-03-16 19:01:02,2026-03-16 18:46:00,2026-03-16 19:17:02,2026-03-16 19:02:00,,C,,2026-03-16 17:54:36,,
25663,79602,2026-03-16 19:01:02,2026-03-16 19:03:02,2026-03-16 19:17:02,2026-03-16 19:19:02,,C,,2026-03-16 17:54:36,,
25663,79602,2026-03-16 19:01:11,2026-03-16 19:03:11,2026-03-16 19:17:11,2026-03-16 19:19:11,,C,,2026-03-16 18:01:18,,
25663,79602,2026-03-16 19:01:13,2026-03-16 19:03:13,2026-03-16 19:17:13,2026-03-16 19:19:13,,C,,2026-03-16 18:10:57,,
25663,79602,2026-03-16 19:01:17,2026-03-16 19:03:17,2026-03-16 19:17:17,2026-03-16 19:19:17,,C,,2026-03-16 18:31:01,,
25663,79602,2026-03-16 19:01:21,2026-03-16 19:03:21,2026-03-16 19:17:21,2026-03-16 19:19:21,,C,,2026-03-16 18:24:08,,
25663,79602,2026-03-16 19:01:34,2026-03-16 19:59:00,2026-03-16 19:17:34,2026-03-16 20:15:00,,C,,2026-03-16 18:20:44,,
25663,79602,2026-03-16 19:01:34,2026-03-16 19:03:34,2026-03-16 19:17:34,2026-03-16 19:19:34,,C,,2026-03-16 18:20:44,,
25663,79602,2026-03-16 19:01:36,2026-03-16 19:03:36,2026-03-16 19:17:36,2026-03-16 19:19:36,,C,,2026-03-16 18:37:39,,
25663,79602,2026-03-16 19:01:54,2026-03-16 19:03:54,2026-03-16 19:17:54,2026-03-16 19:19:54,,C,,2026-03-16 18:17:34,,
25663,79602,2026-03-16 19:01:55,2026-03-16 19:03:55,2026-03-16 19:17:55,2026-03-16 19:19:55,,C,,2026-03-16 18:34:22,,
25663,79602,2026-03-16 19:01:56,2026-03-16 17:02:56,2026-03-16 19:17:56,2026-03-16 17:18:56,,C,,2026-03-16 16:15:00,,
25663,79602,2026-03-16 19:02:27,2026-03-16 19:04:27,2026-03-16 19:18:27,2026-03-16 19:20:27,2,C,,2026-03-16 19:01:02,,
25663,79602,2026-03-16 19:02:37,2026-03-16 19:04:37,2026-03-16 19:18:37,2026-03-16 19:20:37,,C,,2026-03-16 18:27:25,,
25663,79602,2026-03-16 19:02:38,2026-03-16 19:04:38,2026-03-16 19:18:38,2026-03-16 19:20:38,,C,,2026-03-16 18:27:25,,
25663,79602,2026-03-16 19:02:47,2026-03-16 19:04:47,2026-03-16 19:18:47,2026-03-16 19:20:47,,C,,2026-03-16 17:51:28,,
25663,79602,2026-03-16 19:02:48,2026-03-16 19:04:48,2026-03-16 19:18:48,2026-03-16 19:20:48,,C,,2026-03-16 18:24:08,,
25663,79602,2026-03-16 19:02:52,2026-03-16 19:04:52,2026-03-16 19:18:52,2026-03-16 19:20:52,,C,,2026-03-16 18:51:09,,
25663,79602,2026-03-16 19:02:53,2026-03-16 19:04:53,2026-03-16 19:18:53,2026-03-16 19:20:53,,C,,2026-03-16 18:47:55,,
25663,79602,2026-03-16 19:02:57,2026-03-16 19:04:57,2026-03-16 19:18:57,2026-03-16 19:20:57,,C,,2026-03-16 18:41:05,,
25663,79602,2026-03-16 19:03:15,2026-03-16 19:05:15,2026-03-16 19:19:15,2026-03-16 19:21:15,,C,,2026-03-16 18:44:30,,
25663,79602,2026-03-16 19:03:29,2026-03-16 19:05:29,2026-03-16 19:19:29,2026-03-16 19:21:29,,C,,2026-03-16 18:54:28,,
25663,79602,2026-03-16 19:04:11,2026-03-16 19:06:11,2026-03-16 19:20:11,2026-03-16 19:22:11,2,C,,2026-03-16 18:57:44,,
25663,79602,2026-03-16 19:04:35,2026-03-16 19:06:35,2026-03-16 19:20:35,2026-03-16 19:22:35,,C,,2026-03-16 18:47:55,,
25663,79602,2026-03-16 19:11:00,2026-03-16 18:22:00,2026-03-16 19:27:00,2026-03-16 18:38:00,,C,,2026-03-16 16:21:30,,
25663,79602,2026-03-16 19:23:00,2026-03-16 19:24:00,2026-03-16 19:39:00,2026-03-16 19:40:00,,C,,2026-03-16 16:40:18,,
25663,79602,2026-03-16 20:19:00,2026-03-16 18:21:00,2026-03-16 20:35:00,2026-03-16 18:37:00,,C,,2026-03-16 17:48:04,,
25663,79603,2026-03-16 17:05:56,2026-03-16 19:08:56,2026-03-16 17:21:56,2026-03-16 19:24:56,,C,,2026-03-16 16:15:00,,
25663,79603,2026-03-16 17:08:00,2026-03-16 17:08:00,2026-03-16 17:24:00,2026-03-16 17:24:00,,C,,2026-03-16 17:05:23,,
25663,79603,2026-03-16 18:23:00,2026-03-16 18:59:00,2026-03-16 18:39:00,2026-03-16 19:15:00,,C,,2026-03-16 16:21:30,,
25663,79603,2026-03-16 18:26:04,2026-03-16 18:30:04,2026-03-16 18:42:04,2026-03-16 18:46:04,,C,,2026-03-16 17:41:27,,
25663,79603,2026-03-16 18:27:00,2026-03-16 18:29:00,2026-03-16 18:43:00,2026-03-16 18:45:00,,C,,2026-03-16 16:15:00,,
25663,79603,2026-03-16 18:53:00,2026-03-16 18:53:00,2026-03-16 19:09:00,2026-03-16 19:09:00,,C,,2026-03-16 16:37:38,,
25663,79603,2026-03-16 18:53:00,2026-03-16 19:29:00,2026-03-16 19:09:00,2026-03-16 19:45:00,,C,,2026-03-16 17:54:36,,
25663,79603,2026-03-16 19:00:00,2026-03-16 19:03:00,2026-03-16 19:16:00,2026-03-16 19:19:00,,C,,2026-03-16 18:20:44,,
25663,79603,2026-03-16 19:01:32,2026-03-16 19:02:32,2026-03-16 19:17:32,2026-03-16 19:18:32,,C,,2026-03-16 17:48:04,,
25663,79603,2026-03-16 19:05:19,2026-03-16 19:06:19,2026-03-16 19:21:19,2026-03-16 19:22:19,,C,,2026-03-16 18:14:19,,
25663,79603,2026-03-16 19:06:53,2026-03-16 19:07:53,2026-03-16 19:22:53,2026-03-16 19:23:53,,C,,2026-03-16 18:04:26,,
25663,79603,2026-03-16 19:07:00,2026-03-16 17:00:00,2026-03-16 19:23:00,2026-03-16 17:16:00,,C,,2026-03-16 16:27:54,,
25663,79603,2026-03-16 19:07:00,2026-03-16 17:47:00,2026-03-16 19:23:00,2026-03-16 18:03:00,,C,,2026-03-16 16:52:36,,
25663,79603,2026-03-16 19:07:00,2026-03-16 17:23:25,2026-03-16 19:23:00,2026-03-16 17:39:25,,C,,2026-03-16 16:55:52,,
25663,79603,2026-03-16 19:07:00,2026-03-16 19:04:00,2026-03-16 19:23:00,2026-03-16 19:20:00,,C,,2026-03-16 17:08:46,,
25663,79603,2026-03-16 19:07:00,2026-03-16 18:40:00,2026-03-16 19:23:00,2026-03-16 18:56:00,,C,,2026-03-16 17:15:10,,
25663,79603,2026-03-16 19:07:00,2026-03-16 19:44:00,2026-03-16 19:23:00,2026-03-16 20:00:00,,C,,2026-03-16 17:15:10,,
25663,79603,2026-03-16 19:07:00,2026-03-16 15:16:00,2026-03-16 19:23:00,2026-03-16 15:32:00,,C,,2026-03-16 17:21:34,,
25663,79603,2026-03-16 19:07:00,2026-03-16 19:08:00,2026-03-16 19:23:00,2026-03-16 19:24:00,,C,,2026-03-16 17:41:27,,
25663,79603,2026-03-16 19:07:01,2026-03-16 19:08:01,2026-03-16 19:23:01,2026-03-16 19:24:01,,C,,2026-03-16 17:57:55,,
25663,79603,2026-03-16 19:07:02,2026-03-16 19:08:02,2026-03-16 19:23:02,2026-03-16 19:24:02,,C,,2026-03-16 17:54:36,,
25663,79603,2026-03-16 19:07:11,2026-03-16 19:08:11,2026-03-16 19:23:11,2026-03-16 19:24:11,,C,,2026-03-16 18:01:18,,
25663,79603,2026-03-16 19:07:13,2026-03-16 19:08:13,2026-03-16 19:23:13,2026-03-16 19:24:13,,C,,2026-03-16 18:10:57,,
25663,79603,2026-03-16 19:07:17,2026-03-16 19:08:17,2026-03-16 19:23:17,2026-03-16 19:24:17,,C,,2026-03-16 18:31:01,,
25663,79603,2026-03-16 19:07:21,2026-03-16 19:08:21,2026-03-16 19:23:21,2026-03-16 19:24:21,,C,,2026-03-16 18:24:08,,
25663,79603,2026-03-16 19:07:23,2026-03-16 19:10:23,2026-03-16 19:23:23,2026-03-16 19:26:23,,C,,2026-03-16 16:02:27,,
25663,79603,2026-03-16 19:07:34,2026-03-16 19:08:34,2026-03-16 19:23:34,2026-03-16 19:24:34,,C,,2026-03-16 18:20:44,,
25663,79603,2026-03-16 19:07:36,2026-03-16 19:08:36,2026-03-16 19:23:36,2026-03-16 19:24:36,,C,,2026-03-16 18:37:39,,
25663,79603,2026-03-16 19:07:54,2026-03-16 19:08:54,2026-03-16 19:23:54,2026-03-16 19:24:54,,C,,2026-03-16 18:17:34,,
25663,79603,2026-03-16 19:07:55,2026-03-16 19:08:55,2026-03-16 19:23:55,2026-03-16 19:24:55,,C,,2026-03-16 18:34:22,,
25663,79603,2026-03-16 19:08:27,2026-03-16 19:09:27,2026-03-16 19:24:27,2026-03-16 19:25:27,,C,,2026-03-16 19:01:02,,
25663,79603,2026-03-16 19:08:37,2026-03-16 19:09:37,2026-03-16 19:24:37,2026-03-16 19:25:37,,C,,2026-03-16 18:27:25,,
25663,79603,2026-03-16 19:08:38,2026-03-16 19:09:38,2026-03-16 19:24:38,2026-03-16 19:25:38,,C,,2026-03-16 18:27:25,,
25663,79603,2026-03-16 19:08:47,2026-03-16 19:09:47,2026-03-16 19:24:47,2026-03-16 19:25:47,,C,,2026-03-16 17:51:28,,
25663,79603,2026-03-16 19:08:48,2026-03-16 19:09:48,2026-03-16 19:24:48,2026-03-16 19:25:48,,C,,2026-03-16 18:24:08,,
25663,79603,2026-03-16 19:08:52,2026-03-16 19:09:52,2026-03-16 19:24:52,2026-03-16 19:25:52,,C,,2026-03-16 18:51:09,,
25663,79603,2026-03-16 19:08:53,2026-03-16 19:09:53,2026-03-16 19:24:53,2026-03-16 19:25:53,,C,,2026-03-16 18:47:55,,
25663,79603,2026-03-16 19:08:57,2026-03-16 19:09:57,2026-03-16 19:24:57,2026-03-16 19:25:57,,C,,2026-03-16 18:41:05,,
25663,79603,2026-03-16 19:09:06,2026-03-16 19:10:06,2026-03-16 19:25:06,2026-03-16 19:26:06,,C,,2026-03-16 19:07:55,,
25663,79603,2026-03-16 19:09:15,2026-03-16 19:10:15,2026-03-16 19:25:15,2026-03-16 19:26:15,,C,,2026-03-16 18:44:30,,
25663,79603,2026-03-16 19:09:29,2026-03-16 19:10:29,2026-03-16 19:25:29,2026-03-16 19:26:29,,C,,2026-03-16 18:54:28,,
25663,79603,2026-03-16 19:10:11,2026-03-16 19:11:11,2026-03-16 19:26:11,2026-03-16 19:27:11,,C,,2026-03-16 18:57:44,,
25663,79603,2026-03-16 19:10:35,2026-03-16 19:11:35,2026-03-16 19:26:35,2026-03-16 19:27:35,4,C,,2026-03-16 19:11:18,,
25663,79603,2026-03-16 19:33:53,2026-03-16 18:33:53,2026-03-16 19:49:53,2026-03-16 18:49:53,,C,,2026-03-16 17:34:40,,
25663,79603,2026-03-16 19:41:00,2026-03-16 19:41:00,2026-03-16 19:57:00,2026-03-16 19:57:00,,C,,2026-03-16 17:24:56,,
25663,79603,2026-03-16 19:48:00,2026-03-16 19:50:00,2026-03-16 20:04:00,2026-03-16 20:06:00,,C,,2026-03-16 17:34:40,,
25663,79603,2026-03-16 19:50:00,2026-03-16 18:50:00,2026-03-16 20:06:00,2026-03-16 19:06:00,,C,,2026-03-16 17:54:36,,
25663,79603,2026-03-16 20:21:00,2026-03-16 20:23:00,2026-03-16 20:37:00,2026-03-16 20:39:00,,C,,2026-03-16 17:48:04,,
25663,79604,2026-03-16 15:16:00,2026-03-16 18:08:00,2026-03-16 15:32:00,2026-03-16 18:24:00,,C,,2026-03-16 16:37:38,,
25663,79604,2026-03-16 16:18:00,2026-03-16 17:23:00,2026-03-16 16:34:00,2026-03-16 17:39:00,,C,,2026-03-16 16:46:26,,
25663,79604,2026-03-16 17:53:00,2026-03-16 17:53:00,2026-03-16 18:09:00,2026-03-16 18:09:00,,C,,2026-03-16 16:52:36,,
25663,79604,2026-03-16 18:29:00,2026-03-16 19:32:00,2026-03-16 18:45:00,2026-03-16 19:48:00,,C,,2026-03-16 16:15:00,,
25663,79604,2026-03-16 18:30:00,2026-03-16 19:00:00,2026-03-16 18:46:00,2026-03-16 19:16:00,,C,,2026-03-16 16:27:54,,
25663,79604,2026-03-16 18:34:53,2026-03-16 19:11:53,2026-03-16 18:50:53,2026-03-16 19:27:53,,C,,2026-03-16 17:34:40,,
25663,79604,2026-03-16 19:00:00,2026-03-16 19:04:00,2026-03-16 19:16:00,2026-03-16 19:20:00,,C,,2026-03-16 16:21:30,,
25663,79604,2026-03-16 19:03:00,2026-03-16 19:07:00,2026-03-16 19:19:00,2026-03-16 19:23:00,,C,,2026-03-16 18:20:44,,
25663,79604,2026-03-16 19:05:32,2026-03-16 19:05:32,2026-03-16 19:21:32,2026-03-16 19:21:32,,C,,2026-03-16 17:48:04,,
25663,79604,2026-03-16 19:09:19,2026-03-16 19:09:19,2026-03-16 19:25:19,2026-03-16 19:25:19,,C,,2026-03-16 18:14:19,,
25663,79604,2026-03-16 19:10:53,2026-03-16 19:10:53,2026-03-16 19:26:53,2026-03-16 19:26:53,,C,,2026-03-16 18:04:26,,
25663,79604,2026-03-16 19:11:00,2026-03-16 15:55:37,2026-03-16 19:27:00,2026-03-16 16:11:37,,C,,2026-03-16 15:55:52,,
25663,79604,2026-03-16 19:11:00,2026-03-16 16:20:01,2026-03-16 19:27:00,2026-03-16 16:36:01,,C,,2026-03-16 16:15:00,,
25663,79604,2026-03-16 19:11:00,2026-03-16 18:28:00,2026-03-16 19:27:00,2026-03-16 18:44:00,,C,,2026-03-16 16:15:00,,
25663,79604,2026-03-16 19:11:00,2026-03-16 16:05:00,2026-03-16 19:27:00,2026-03-16 16:21:00,,C,,2026-03-16 16:27:54,,
25663,79604,2026-03-16 19:11:00,2026-03-16 17:35:00,2026-03-16 19:27:00,2026-03-16 17:51:00,,C,,2026-03-16 17:02:11,,
25663,79604,2026-03-16 19:11:00,2026-03-16 17:11:00,2026-03-16 19:27:00,2026-03-16 17:27:00,,C,,2026-03-16 17:05:23,,
25663,79604,2026-03-16 19:11:00,2026-03-16 17:32:00,2026-03-16 19:27:00,2026-03-16 17:48:00,,C,,2026-03-16 17:12:00,,
25663,79604,2026-03-16 19:11:00,2026-03-16 19:11:00,2026-03-16 19:27:00,2026-03-16 19:27:00,,C,,2026-03-16 17:41:27,,
25663,79604,2026-03-16 19:11:01,2026-03-16 19:11:01,2026-03-16 19:27:01,2026-03-16 19:27:01,,C,,2026-03-16 17:57:55,,
25663,79604,2026-03-16 19:11:02,2026-03-16 19:11:02,2026-03-16 19:27:02,2026-03-16 19:27:02,,C,,2026-03-16 17:54:36,,
25663,79604,2026-03-16 19:11:11,2026-03-16 19:11:11,2026-03-16 19:27:11,2026-03-16 19:27:11,,C,,2026-03-16 18:01:18,,
25663,79604,2026-03-16 19:11:13,2026-03-16 19:11:13,2026-03-16 19:27:13,2026-03-16 19:27:13,,C,,2026-03-16 18:10:57,,
25663,79604,2026-03-16 19:11:17,2026-03-16 19:11:17,2026-03-16 19:27:17,2026-03-16 19:27:17,,C,,2026-03-16 18:31:01,,
25663,79604,2026-03-16 19:11:21,2026-03-16 19:11:21,2026-03-16 19:27:21,2026-03-16 19:27:21,,C,,2026-03-16 18:24:08,,
25663,79604,2026-03-16 19:11:34,2026-03-16 19:11:34,2026-03-16 19:27:34,2026-03-16 19:27:34,,C,,2026-03-16 18:20:44,,
25663,79604,2026-03-16 19:11:36,2026-03-16 19:11:36,2026-03-16 19:27:36,2026-03-16 19:27:36,,C,,2026-03-16 18:37:39,,
25663,79604,2026-03-16 19:11:54,2026-03-16 19:11:54,2026-03-16 19:27:54,2026-03-16 19:27:54,,C,,2026-03-16 18:17:34,,
25663,79604,2026-03-16 19:11:55,2026-03-16 19:11:55,2026-03-16 19:27:55,2026-03-16 19:27:55,,C,,2026-03-16 18:34:22,,
25663,79604,2026-03-16 19:12:27,2026-03-16 19:12:27,2026-03-16 19:28:27,2026-03-16 19:28:27,,C,,2026-03-16 19:01:02,,
25663,79604,2026-03-16 19:12:37,2026-03-16 19:12:37,2026-03-16 19:28:37,2026-03-16 19:28:37,,C,,2026-03-16 18:27:25,,
25663,79604,2026-03-16 19:12:38,2026-03-16 19:12:38,2026-03-16 19:28:38,2026-03-16 19:28:38,,C,,2026-03-16 18:27:25,,
25663,79604,2026-03-16 19:12:47,2026-03-16 19:12:47,2026-03-16 19:28:47,2026-03-16 19:28:47,,C,,2026-03-16 17:51:28,,
25663,79604,2026-03-16 19:12:48,2026-03-16 19:12:48,2026-03-16 19:28:48,2026-03-16 19:28:48,,C,,2026-03-16 18:24:08,,
25663,79604,2026-03-16 19:12:52,2026-03-16 19:12:52,2026-03-16 19:28:52,2026-03-16 19:28:52,,C,,2026-03-16 18:51:09,,
25663,79604,2026-03-16 19:12:53,2026-03-16 19:12:53,2026-03-16 19:28:53,2026-03-16 19:28:53,,C,,2026-03-16 18:47:55,,
25663,79604,2026-03-16 19:12:57,2026-03-16 19:12:57,2026-03-16 19:28:57,2026-03-16 19:28:57,,C,,2026-03-16 18:41:05,,
25663,79604,2026-03-16 19:13:06,2026-03-16 19:13:06,2026-03-16 19:29:06,2026-03-16 19:29:06,,C,,2026-03-16 19:07:55,,
25663,79604,2026-03-16 19:13:15,2026-03-16 19:13:15,2026-03-16 19:29:15,2026-03-16 19:29:15,,C,,2026-03-16 18:44:30,,
25663,79604,2026-03-16 19:13:29,2026-03-16 19:13:29,2026-03-16 19:29:29,2026-03-16 19:29:29,,C,,2026-03-16 18:54:28,,
25663,79604,2026-03-16 19:14:11,2026-03-16 19:14:11,2026-03-16 19:30:11,2026-03-16 19:30:11,,C,,2026-03-16 18:57:44,,
25663,79604,2026-03-16 19:14:35,2026-03-16 19:14:35,2026-03-16 19:30:35,2026-03-16 19:30:35,,C,,2026-03-16 19:11:18,,
25663,79604,2026-03-16 19:16:23,2026-03-16 19:16:23,2026-03-16 19:32:23,2026-03-16 19:32:23,,C,,2026-03-16 19:14:31,,
25663,79604,2026-03-16 19:19:38,2026-03-16 19:19:38,2026-03-16 19:35:38,2026-03-16 19:35:38,1,C,,2026-03-16 19:17:36,,
25663,79604,2026-03-16 19:30:00,2026-03-16 19:34:00,2026-03-16 19:46:00,2026-03-16 19:50:00,,C,,2026-03-16 17:54:36,,
25663,79604,2026-03-16 19:52:00,2026-03-16 19:53:00,2026-03-16 20:08:00,2026-03-16 20:09:00,,C,,2026-03-16 17:24:56,,
25663,79604,2026-03-16 19:54:00,2026-03-16 19:55:00,2026-03-16 20:10:00,2026-03-16 20:11:00,,C,,2026-03-16 17:34:40,,
25663,79604,2026-03-16 20:18:00,2026-03-16 21:52:00,2026-03-16 20:34:00,2026-03-16 22:08:00,,C,,2026-03-16 18:24:08,,
25663,79604,2026-03-17 19:26:45,2026-03-17 19:26:45,2026-03-17 19:42:45,2026-03-17 19:42:45,1,C,,2026-03-17 19:25:44,,
25663,79604,2026-03-17 19:26:58,2026-03-17 19:26:58,2026-03-17 19:42:58,2026-03-17 19:42:58,,C,,2026-03-17 19:24:08,,
25663,79605,2026-03-16 15:58:37,2026-03-16 16:11:37,2026-03-16 16:14:37,2026-03-16 16:27:37,,C,,2026-03-16 15:55:52,,
25663,79605,2026-03-16 17:15:00,2026-03-16 17:15:00,2026-03-16 17:31:00,2026-03-16 17:31:00,,C,,2026-03-16 17:05:23,,
25663,79605,2026-03-16 17:16:00,2026-03-16 19:10:00,2026-03-16 17:32:00,2026-03-16 19:26:00,,C,,2026-03-16 17:41:27,,
25663,79605,2026-03-16 17:22:51,2026-03-16 19:26:51,2026-03-16 17:38:51,2026-03-16 19:42:51,,C,,2026-03-16 17:21:34,,
25663,79605,2026-03-16 17:22:56,2026-03-16 19:18:56,2026-03-16 17:38:56,2026-03-16 19:34:56,,C,,2026-03-16 16:15:00,,
25663,79605,2026-03-16 18:36:00,2026-03-16 18:38:00,2026-03-16 18:52:00,2026-03-16 18:54:00,,C,,2026-03-16 16:15:00,,
25663,79605,2026-03-16 18:43:53,2026-03-16 18:43:53,2026-03-16 18:59:53,2026-03-16 18:59:53,,C,,2026-03-16 17:34:40,,
25663,79605,2026-03-16 19:07:00,2026-03-16 19:11:00,2026-03-16 19:23:00,2026-03-16 19:27:00,,C,,2026-03-16 17:54:36,,
25663,79605,2026-03-16 19:11:00,2026-03-16 20:43:00,2026-03-16 19:27:00,2026-03-16 20:59:00,,C,,2026-03-16 17:48:04,,
25663,79605,2026-03-16 19:11:32,2026-03-16 19:12:32,2026-03-16 19:27:32,2026-03-16 19:28:32,,C,,2026-03-16 17:48:04,,
25663,79605,2026-03-16 19:15:19,2026-03-16 19:16:19,2026-03-16 19:31:19,2026-03-16 19:32:19,,C,,2026-03-16 18:14:19,,
25663,79605,2026-03-16 19:16:53,2026-03-16 19:17:53,2026-03-16 19:32:53,2026-03-16 19:33:53,,C,,2026-03-16 18:04:26,,
25663,79605,2026-03-16 19:17:00,2026-03-16 19:18:23,2026-03-16 19:33:00,2026-03-16 19:34:23,,C,,2026-03-16 16:02:27,,
25663,79605,2026-03-16 19:17:00,2026-03-16 18:41:00,2026-03-16 19:33:00,2026-03-16 18:57:00,,C,,2026-03-16 16:15:00,,
25663,79605,2026-03-16 19:17:00,2026-03-16 19:16:00,2026-03-16 19:33:00,2026-03-16 19:32:00,,C,,2026-03-16 16:21:30,,
25663,79605,2026-03-16 19:17:00,2026-03-16 16:05:00,2026-03-16 19:33:00,2026-03-16 16:21:00,,C,,2026-03-16 16:27:54,,
25663,79605,2026-03-16 19:17:00,2026-03-16 19:41:00,2026-03-16 19:33:00,2026-03-16 19:57:00,,C,,2026-03-16 16:40:18,,
25663,79605,2026-03-16 19:17:00,2026-03-16 19:44:00,2026-03-16 19:33:00,2026-03-16 20:00:00,,C,,2026-03-16 17:02:11,,
25663,79605,2026-03-16 19:17:00,2026-03-16 20:10:00,2026-03-16 19:33:00,2026-03-16 20:26:00,,C,,2026-03-16 17:15:10,,
25663,79605,2026-03-16 19:17:00,2026-03-16 20:06:00,2026-03-16 19:33:00,2026-03-16 20:22:00,,C,,2026-03-16 17:34:40,,
25663,79605,2026-03-16 19:17:00,2026-03-16 19:18:00,2026-03-16 19:33:00,2026-03-16 19:34:00,,C,,2026-03-16 17:41:27,,
25663,79605,2026-03-16 19:17:00,2026-03-16 19:13:00,2026-03-16 19:33:00,2026-03-16 19:29:00,,C,,2026-03-16 18:20:44,,
25663,79605,2026-03-16 19:17:01,2026-03-16 19:18:01,2026-03-16 19:33:01,2026-03-16 19:34:01,,C,,2026-03-16 17:57:55,,
25663,79605,2026-03-16 19:17:02,2026-03-16 19:18:02,2026-03-16 19:33:02,2026-03-16 19:34:02,,C,,2026-03-16 17:54:36,,
25663,79605,2026-03-16 19:17:11,2026-03-16 19:18:11,2026-03-16 19:33:11,2026-03-16 19:34:11,,C,,2026-03-16 18:01:18,,
25663,79605,2026-03-16 19:17:13,2026-03-16 19:18:13,2026-03-16 19:33:13,2026-03-16 19:34:13,,C,,2026-03-16 18:10:57,,
25663,79605,2026-03-16 19:17:17,2026-03-16 19:18:17,2026-03-16 19:33:17,2026-03-16 19:34:17,,C,,2026-03-16 18:31:01,,
25663,79605,2026-03-16 19:17:21,2026-03-16 20:18:00,2026-03-16 19:33:21,2026-03-16 20:34:00,,C,,2026-03-16 18:24:08,,
25663,79605,2026-03-16 19:17:21,2026-03-16 19:18:21,2026-03-16 19:33:21,2026-03-16 19:34:21,,C,,2026-03-16 18:24:08,,
25663,79605,2026-03-16 19:17:34,2026-03-16 19:18:34,2026-03-16 19:33:34,2026-03-16 19:34:34,,C,,2026-03-16 18:20:44,,
25663,79605,2026-03-16 19:17:36,2026-03-16 19:18:36,2026-03-16 19:33:36,2026-03-16 19:34:36,,C,,2026-03-16 18:37:39,,
25663,79605,2026-03-16 19:17:54,2026-03-16 19:18:54,2026-03-16 19:33:54,2026-03-16 19:34:54,,C,,2026-03-16 18:17:34,,
25663,79605,2026-03-16 19:17:55,2026-03-16 19:18:55,2026-03-16 19:33:55,2026-03-16 19:34:55,,C,,2026-03-16 18:34:22,,
25663,79605,2026-03-16 19:18:27,2026-03-16 19:19:27,2026-03-16 19:34:27,2026-03-16 19:35:27,,C,,2026-03-16 19:01:02,,
25663,79605,2026-03-16 19:18:37,2026-03-16 19:19:37,2026-03-16 19:34:37,2026-03-16 19:35:37,,C,,2026-03-16 18:27:25,,
25663,79605,2026-03-16 19:18:38,2026-03-16 19:19:38,2026-03-16 19:34:38,2026-03-16 19:35:38,,C,,2026-03-16 18:27:25,,
25663,79605,2026-03-16 19:18:47,2026-03-16 19:19:47,2026-03-16 19:34:47,2026-03-16 19:35:47,,C,,2026-03-16 17:51:28,,
25663,79605,2026-03-16 19:18:48,2026-03-16 19:19:48,2026-03-16 19:34:48,2026-03-16 19:35:48,,C,,2026-03-16 18:24:08,,
25663,79605,2026-03-16 19:18:52,2026-03-16 19:19:52,2026-03-16 19:34:52,2026-03-16 19:35:52,,C,,2026-03-16 18:51:09,,
25663,79605,2026-03-16 19:18:53,2026-03-16 19:19:53,2026-03-16 19:34:53,2026-03-16 19:35:53,,C,,2026-03-16 18:47:55,,
25663,79605,2026-03-16 19:18:57,2026-03-16 19:19:57,2026-03-16 19:34:57,2026-03-16 19:35:57,,C,,2026-03-16 18:41:05,,
25663,79605,2026-03-16 19:19:06,2026-03-16 19:20:06,2026-03-16 19:35:06,2026-03-16 19:36:06,,C,,2026-03-16 19:07:55,,
25663,79605,2026-03-16 19:19:15,2026-03-16 19:20:15,2026-03-16 19:35:15,2026-03-16 19:36:15,,C,,2026-03-16 18:44:30,,
25663,79605,2026-03-16 19:19:29,2026-03-16 19:20:29,2026-03-16 19:35:29,2026-03-16 19:36:29,,C,,2026-03-16 18:54:28,,
25663,79605,2026-03-16 19:20:00,2026-03-16 19:21:00,2026-03-16 19:36:00,2026-03-16 19:37:00,,C,,2026-03-16 17:08:46,,
25663,79605,2026-03-16 19:20:11,2026-03-16 19:21:11,2026-03-16 19:36:11,2026-03-16 19:37:11,,C,,2026-03-16 18:57:44,,
25663,79605,2026-03-16 19:20:35,2026-03-16 19:21:35,2026-03-16 19:36:35,2026-03-16 19:37:35,,C,,2026-03-16 19:11:18,,
25663,79605,2026-03-16 19:22:23,2026-03-16 19:23:23,2026-03-16 19:38:23,2026-03-16 19:39:23,,C,,2026-03-16 19:14:31,,
25663,79605,2026-03-16 19:23:29,2026-03-16 19:24:29,2026-03-16 19:39:29,2026-03-16 19:40:29,,C,,2026-03-16 19:24:30,,
25663,79605,2026-03-16 19:25:38,2026-03-16 19:26:38,2026-03-16 19:41:38,2026-03-16 19:42:38,,C,,2026-03-16 19:17:36,,
25663,79605,2026-03-16 19:27:01,2026-03-16 16:31:01,2026-03-16 19:43:01,2026-03-16 16:47:01,,C,,2026-03-16 16:15:00,,
25663,79605,2026-03-16 19:50:00,2026-03-16 19:51:00,2026-03-16 20:06:00,2026-03-16 20:07:00,,C,,2026-03-16 17:48:04,,
25663,79605,2026-03-16 19:54:00,2026-03-16 19:56:00,2026-03-16 20:10:00,2026-03-16 20:12:00,,C,,2026-03-16 18:17:34,,
25663,79605,2026-03-17 19:32:39,2026-03-17 19:33:39,2026-03-17 19:48:39,2026-03-17 19:49:39,2,C,,2026-03-17 19:33:08,,
25663,79605,2026-03-17 19:32:45,2026-03-17 19:33:45,2026-03-17 19:48:45,2026-03-17 19:49:45,,C,,2026-03-17 19:25:44,,
25663,79605,2026-03-17 19:32:58,2026-03-17 19:33:58,2026-03-17 19:48:58,2026-03-17 19:49:58,,C,,2026-03-17 19:24:08,,
25663,79605,2026-03-17 19:33:16,2026-03-17 19:34:16,2026-03-17 19:49:16,2026-03-17 19:50:16,,C,,2026-03-17 19:27:59,,
25663,79606,2026-03-16 16:31:01,2026-03-16 16:34:01,2026-03-16 16:47:01,2026-03-16 16:50:01,,C,,2026-03-16 16:15:00,,
25663,79606,2026-03-16 17:27:51,2026-03-16 17:35:51,2026-03-16 17:43:51,2026-03-16 17:51:51,,C,,2026-03-16 17:21:34,,
25663,79606,2026-03-16 17:28:56,2026-03-16 17:32:56,2026-03-16 17:44:56,2026-03-16 17:48:56,,C,,2026-03-16 16:15:00,,
25663,79606,2026-03-16 17:35:00,2026-03-16 20:10:00,2026-03-16 17:51:00,2026-03-16 20:26:00,,C,,2026-03-16 17:54:36,,
25663,79606,2026-03-16 19:16:00,2026-03-16 19:49:00,2026-03-16 19:32:00,2026-03-16 20:05:00,,C,,2026-03-16 17:48:04,,
25663,79606,2026-03-16 19:16:32,2026-03-16 19:17:32,2026-03-16 19:32:32,2026-03-16 19:33:32,,C,,2026-03-16 17:48:04,,
25663,79606,2026-03-16 19:20:19,2026-03-16 19:21:19,2026-03-16 19:36:19,2026-03-16 19:37:19,,C,,2026-03-16 18:14:19,,
25663,79606,2026-03-16 19:21:53,2026-03-16 19:22:53,2026-03-16 19:37:53,2026-03-16 19:38:53,,C,,2026-03-16 18:04:26,,
25663,79606,2026-03-16 19:22:00,2026-03-16 16:22:00,2026-03-16 19:38:00,2026-03-16 16:38:00,,C,,2026-03-16 16:02:27,,
25663,79606,2026-03-16 19:22:00,2026-03-16 19:42:00,2026-03-16 19:38:00,2026-03-16 19:58:00,,C,,2026-03-16 16:15:00,,
25663,79606,2026-03-16 19:22:00,2026-03-16 18:40:00,2026-03-16 19:38:00,2026-03-16 18:56:00,,C,,2026-03-16 16:27:54,,
25663,79606,2026-03-16 19:22:00,2026-03-16 17:00:00,2026-03-16 19:38:00,2026-03-16 17:16:00,,C,,2026-03-16 16:27:54,,
25663,79606,2026-03-16 19:22:00,2026-03-16 19:44:00,2026-03-16 19:38:00,2026-03-16 20:00:00,,C,,2026-03-16 16:40:18,,
25663,79606,2026-03-16 19:22:00,2026-03-16 16:46:00,2026-03-16 19:38:00,2026-03-16 17:02:00,,C,,2026-03-16 16:46:26,,
25663,79606,2026-03-16 19:22:00,2026-03-16 17:30:00,2026-03-16 19:38:00,2026-03-16 17:46:00,,C,,2026-03-16 16:52:36,,
25663,79606,2026-03-16 19:22:00,2026-03-16 19:23:25,2026-03-16 19:38:00,2026-03-16 19:39:25,,C,,2026-03-16 16:55:52,,
25663,79606,2026-03-16 19:22:00,2026-03-16 19:50:00,2026-03-16 19:38:00,2026-03-16 20:06:00,,C,,2026-03-16 17:02:11,,
25663,79606,2026-03-16 19:22:00,2026-03-16 17:17:10,2026-03-16 19:38:00,2026-03-16 17:33:10,,C,,2026-03-16 17:12:00,,
25663,79606,2026-03-16 19:22:00,2026-03-16 17:35:00,2026-03-16 19:38:00,2026-03-16 17:51:00,,C,,2026-03-16 17:15:10,,
25663,79606,2026-03-16 19:22:00,2026-03-16 20:40:00,2026-03-16 19:38:00,2026-03-16 20:56:00,,C,,2026-03-16 17:24:56,,
25663,79606,2026-03-16 19:22:00,2026-03-16 19:23:00,2026-03-16 19:38:00,2026-03-16 19:39:00,,C,,2026-03-16 17:54:36,,
25663,79606,2026-03-16 19:22:01,2026-03-16 19:23:01,2026-03-16 19:38:01,2026-03-16 19:39:01,,C,,2026-03-16 17:57:55,,
25663,79606,2026-03-16 19:22:02,2026-03-16 19:23:02,2026-03-16 19:38:02,2026-03-16 19:39:02,,C,,2026-03-16 17:54:36,,
25663,79606,2026-03-16 19:22:11,2026-03-16 19:23:11,2026-03-16 19:38:11,2026-03-16 19:39:11,,C,,2026-03-16 18:01:18,,
25663,79606,2026-03-16 19:22:13,2026-03-16 19:23:13,2026-03-16 19:38:13,2026-03-16 19:39:13,,C,,2026-03-16 18:10:57,,
25663,79606,2026-03-16 19:22:17,2026-03-16 19:23:17,2026-03-16 19:38:17,2026-03-16 19:39:17,,C,,2026-03-16 18:31:01,,
25663,79606,2026-03-16 19:22:21,2026-03-16 19:23:21,2026-03-16 19:38:21,2026-03-16 19:39:21,,C,,2026-03-16 18:24:08,,
25663,79606,2026-03-16 19:22:34,2026-03-16 19:23:34,2026-03-16 19:38:34,2026-03-16 19:39:34,,C,,2026-03-16 18:20:44,,
25663,79606,2026-03-16 19:22:36,2026-03-16 19:23:36,2026-03-16 19:38:36,2026-03-16 19:39:36,,C,,2026-03-16 18:37:39,,
25663,79606,2026-03-16 19:22:54,2026-03-16 19:23:54,2026-03-16 19:38:54,2026-03-16 19:39:54,,C,,2026-03-16 18:17:34,,
25663,79606,2026-03-16 19:22:55,2026-03-16 19:23:55,2026-03-16 19:38:55,2026-03-16 19:39:55,,C,,2026-03-16 18:34:22,,
25663,79606,2026-03-16 19:23:27,2026-03-16 19:24:27,2026-03-16 19:39:27,2026-03-16 19:40:27,,C,,2026-03-16 19:01:02,,
25663,79606,2026-03-16 19:23:37,2026-03-16 19:24:37,2026-03-16 19:39:37,2026-03-16 19:40:37,,C,,2026-03-16 18:27:25,,
25663,79606,2026-03-16 19:23:38,2026-03-16 19:24:38,2026-03-16 19:39:38,2026-03-16 19:40:38,,C,,2026-03-16 18:27:25,,
25663,79606,2026-03-16 19:23:47,2026-03-16 19:24:47,2026-03-16 19:39:47,2026-03-16 19:40:47,,C,,2026-03-16 17:51:28,,
25663,79606,2026-03-16 19:23:48,2026-03-16 19:24:48,2026-03-16 19:39:48,2026-03-16 19:40:48,,C,,2026-03-16 18:24:08,,
25663,79606,2026-03-16 19:23:52,2026-03-16 19:24:52,2026-03-16 19:39:52,2026-03-16 19:40:52,,C,,2026-03-16 18:51:09,,
25663,79606,2026-03-16 19:23:53,2026-03-16 19:24:53,2026-03-16 19:39:53,2026-03-16 19:40:53,,C,,2026-03-16 18:47:55,,
25663,79606,2026-03-16 19:23:57,2026-03-16 19:24:57,2026-03-16 19:39:57,2026-03-16 19:40:57,,C,,2026-03-16 18:41:05,,
25663,79606,2026-03-16 19:24:06,2026-03-16 19:25:06,2026-03-16 19:40:06,2026-03-16 19:41:06,,C,,2026-03-16 19:07:55,,
25663,79606,2026-03-16 19:24:15,2026-03-16 19:25:17,2026-03-16 19:40:15,2026-03-16 19:41:17,,C,,2026-03-16 18:44:30,,
25663,79606,2026-03-16 19:24:15,2026-03-16 19:25:15,2026-03-16 19:40:15,2026-03-16 19:41:15,,C,,2026-03-16 18:44:30,,
25663,79606,2026-03-16 19:24:29,2026-03-16 19:25:29,2026-03-16 19:40:29,2026-03-16 19:41:29,,C,,2026-03-16 18:54:28,,
25663,79606,2026-03-16 19:25:11,2026-03-16 19:26:11,2026-03-16 19:41:11,2026-03-16 19:42:11,,C,,2026-03-16 18:57:44,,
25663,79606,2026-03-16 19:25:35,2026-03-16 19:26:35,2026-03-16 19:41:35,2026-03-16 19:42:35,,C,,2026-03-16 19:11:18,,
25663,79606,2026-03-16 19:27:23,2026-03-16 19:28:23,2026-03-16 19:43:23,2026-03-16 19:44:23,,C,,2026-03-16 19:14:31,,
25663,79606,2026-03-16 19:28:29,2026-03-16 19:29:29,2026-03-16 19:44:29,2026-03-16 19:45:29,,C,,2026-03-16 19:24:30,,
25663,79606,2026-03-16 19:30:38,2026-03-16 19:31:38,2026-03-16 19:46:38,2026-03-16 19:47:38,,C,,2026-03-16 19:17:36,,
25663,79606,2026-03-16 19:50:00,2026-03-16 18:50:00,2026-03-16 20:06:00,2026-03-16 19:06:00,,C,,2026-03-16 16:15:00,,
25663,79606,2026-03-16 19:54:00,2026-03-16 19:55:00,2026-03-16 20:10:00,2026-03-16 20:11:00,,C,,2026-03-16 17:48:04,,
25663,79606,2026-03-16 19:57:00,2026-03-16 19:59:00,2026-03-16 20:13:00,2026-03-16 20:15:00,,C,,2026-03-16 18:17:34,,
25663,79606,2026-03-17 19:37:39,2026-03-17 19:38:39,2026-03-17 19:53:39,2026-03-17 19:54:39,,C,,2026-03-17 19:33:08,,
25663,79606,2026-03-17 19:37:45,2026-03-17 19:38:45,2026-03-17 19:53:45,2026-03-17 19:54:45,,C,,2026-03-17 19:25:44,,
25663,79606,2026-03-17 19:37:58,2026-03-17 19:38:58,2026-03-17 19:53:58,2026-03-17 19:54:58,,C,,2026-03-17 19:24:08,,
25663,79606,2026-03-17 19:38:16,2026-03-17 19:39:16,2026-03-17 19:54:16,2026-03-17 19:55:16,,C,,2026-03-17 19:27:59,,
25663,79608,2026-03-16 16:22:01,2026-03-16 19:26:01,2026-03-16 16:38:01,2026-03-16 19:42:01,,C,,2026-03-16 16:15:00,,
25663,79608,2026-03-16 16:45:00,2026-03-16 18:18:00,2026-03-16 17:01:00,2026-03-16 18:34:00,,C,,2026-03-16 18:44:30,,
25663,79608,2026-03-16 17:14:56,2026-03-16 17:19:56,2026-03-16 17:30:56,2026-03-16 17:35:56,,C,,2026-03-16 16:15:00,,
25663,79608,2026-03-16 17:39:00,2026-03-16 17:39:00,2026-03-16 17:55:00,2026-03-16 17:55:00,,C,,2026-03-16 17:02:11,,
25663,79608,2026-03-16 18:29:00,2026-03-16 18:34:00,2026-03-16 18:45:00,2026-03-16 18:50:00,,C,,2026-03-16 16:15:00,,
25663,79608,2026-03-16 19:08:32,2026-03-16 19:08:32,2026-03-16 19:24:32,2026-03-16 19:24:32,,C,,2026-03-16 17:48:04,,
25663,79608,2026-03-16 19:12:19,2026-03-16 18:25:57,2026-03-16 19:28:19,2026-03-16 18:41:57,,C,,2026-03-16 18:14:19,,
25663,79608,2026-03-16 19:12:19,2026-03-16 17:23:00,2026-03-16 19:28:19,2026-03-16 17:39:00,,C,,2026-03-16 18:14:19,,
25663,79608,2026-03-16 19:12:19,2026-03-16 19:12:19,2026-03-16 19:28:19,2026-03-16 19:28:19,,C,,2026-03-16 18:14:19,,
25663,79608,2026-03-16 19:13:53,2026-03-16 19:13:53,2026-03-16 19:29:53,2026-03-16 19:29:53,,C,,2026-03-16 18:04:26,,
25663,79608,2026-03-16 19:14:00,2026-03-16 17:17:23,2026-03-16 19:30:00,2026-03-16 17:33:23,,C,,2026-03-16 16:02:27,,
25663,79608,2026-03-16 19:14:00,2026-03-16 17:35:00,2026-03-16 19:30:00,2026-03-16 17:51:00,,C,,2026-03-16 17:15:10,,
25663,79608,2026-03-16 19:14:00,2026-03-16 16:58:00,2026-03-16 19:30:00,2026-03-16 17:14:00,,C,,2026-03-16 17:15:10,,
25663,79608,2026-03-16 19:14:00,2026-03-16 18:39:53,2026-03-16 19:30:00,2026-03-16 18:55:53,,C,,2026-03-16 17:34:40,,
25663,79608,2026-03-16 19:14:00,2026-03-16 19:14:00,2026-03-16 19:30:00,2026-03-16 19:30:00,,C,,2026-03-16 17:41:27,,
25663,79608,2026-03-16 19:14:01,2026-03-16 19:14:01,2026-03-16 19:30:01,2026-03-16 19:30:01,,C,,2026-03-16 17:57:55,,
25663,79608,2026-03-16 19:14:02,2026-03-16 19:14:02,2026-03-16 19:30:02,2026-03-16 19:30:02,,C,,2026-03-16 17:54:36,,
25663,79608,2026-03-16 19:14:11,2026-03-16 19:14:11,2026-03-16 19:30:11,2026-03-16 19:30:11,,C,,2026-03-16 18:01:18,,
25663,79608,2026-03-16 19:14:13,2026-03-16 19:14:13,2026-03-16 19:30:13,2026-03-16 19:30:13,,C,,2026-03-16 18:10:57,,
25663,79608,2026-03-16 19:14:17,2026-03-16 19:14:17,2026-03-16 19:30:17,2026-03-16 19:30:17,,C,,2026-03-16 18:31:01,,
25663,79608,2026-03-16 19:14:21,2026-03-16 19:14:21,2026-03-16 19:30:21,2026-03-16 19:30:21,,C,,2026-03-16 18:24:08,,
25663,79608,2026-03-16 19:14:34,2026-03-16 19:10:00,2026-03-16 19:30:34,2026-03-16 19:26:00,,C,,2026-03-16 18:20:44,,
25663,79608,2026-03-16 19:14:34,2026-03-16 19:14:34,2026-03-16 19:30:34,2026-03-16 19:30:34,,C,,2026-03-16 18:20:44,,
25663,79608,2026-03-16 19:14:36,2026-03-16 19:14:36,2026-03-16 19:30:36,2026-03-16 19:30:36,,C,,2026-03-16 18:37:39,,
25663,79608,2026-03-16 19:14:54,2026-03-16 19:14:54,2026-03-16 19:30:54,2026-03-16 19:30:54,,C,,2026-03-16 18:17:34,,
25663,79608,2026-03-16 19:14:55,2026-03-16 19:14:55,2026-03-16 19:30:55,2026-03-16 19:30:55,,C,,2026-03-16 18:34:22,,
25663,79608,2026-03-16 19:15:27,2026-03-16 19:15:27,2026-03-16 19:31:27,2026-03-16 19:31:27,,C,,2026-03-16 19:01:02,,
25663,79608,2026-03-16 19:15:37,2026-03-16 19:15:37,2026-03-16 19:31:37,2026-03-16 19:31:37,,C,,2026-03-16 18:27:25,,
25663,79608,2026-03-16 19:15:38,2026-03-16 19:15:38,2026-03-16 19:31:38,2026-03-16 19:31:38,,C,,2026-03-16 18:27:25,,
25663,79608,2026-03-16 19:15:47,2026-03-16 19:15:47,2026-03-16 19:31:47,2026-03-16 19:31:47,,C,,2026-03-16 17:51:28,,
25663,79608,2026-03-16 19:15:48,2026-03-16 19:15:48,2026-03-16 19:31:48,2026-03-16 19:31:48,,C,,2026-03-16 18:24:08,,
25663,79608,2026-03-16 19:15:52,2026-03-16 19:15:52,2026-03-16 19:31:52,2026-03-16 19:31:52,,C,,2026-03-16 18:51:09,,
25663,79608,2026-03-16 19:15:53,2026-03-16 19:15:53,2026-03-16 19:31:53,2026-03-16 19:31:53,,C,,2026-03-16 18:47:55,,
25663,79608,2026-03-16 19:15:57,2026-03-16 19:15:57,2026-03-16 19:31:57,2026-03-16 19:31:57,,C,,2026-03-16 18:41:05,,
25663,79608,2026-03-16 19:16:06,2026-03-16 19:16:06,2026-03-16 19:32:06,2026-03-16 19:32:06,,C,,2026-03-16 19:07:55,,
25663,79608,2026-03-16 19:16:15,2026-03-16 19:16:15,2026-03-16 19:32:15,2026-03-16 19:32:15,,C,,2026-03-16 18:44:30,,
25663,79608,2026-03-16 19:16:29,2026-03-16 19:16:29,2026-03-16 19:32:29,2026-03-16 19:32:29,,C,,2026-03-16 18:54:28,,
25663,79608,2026-03-16 19:17:11,2026-03-16 19:17:11,2026-03-16 19:33:11,2026-03-16 19:33:11,,C,,2026-03-16 18:57:44,,
25663,79608,2026-03-16 19:17:35,2026-03-16 19:17:35,2026-03-16 19:33:35,2026-03-16 19:33:35,,C,,2026-03-16 19:11:18,,
25663,79608,2026-03-16 19:19:23,2026-03-16 19:19:23,2026-03-16 19:35:23,2026-03-16 19:35:23,,C,,2026-03-16 19:14:31,,
25663,79608,2026-03-16 19:22:38,2026-03-16 19:22:38,2026-03-16 19:38:38,2026-03-16 19:38:38,1,C,,2026-03-16 19:17:36,,
25663,79608,2026-03-16 19:35:00,2026-03-16 19:40:00,2026-03-16 19:51:00,2026-03-16 19:56:00,,C,,2026-03-16 17:54:36,,
25663,79608,2026-03-16 19:55:37,2026-03-16 19:58:37,2026-03-16 20:11:37,2026-03-16 20:14:37,,C,,2026-03-16 15:55:52,,
25663,79608,2026-03-16 20:01:00,2026-03-16 20:01:00,2026-03-16 20:17:00,2026-03-16 20:17:00,,C,,2026-03-16 17:34:40,,
25663,79608,2026-03-16 20:29:00,2026-03-16 20:30:00,2026-03-16 20:45:00,2026-03-16 20:46:00,,C,,2026-03-16 17:24:56,,
25663,79608,2026-03-17 19:29:45,2026-03-17 19:29:45,2026-03-17 19:45:45,2026-03-17 19:45:45,,C,,2026-03-17 19:25:44,,
25663,79608,2026-03-17 19:29:58,2026-03-17 19:29:58,2026-03-17 19:45:58,2026-03-17 19:45:58,,C,,2026-03-17 19:24:08,,
25663,79608,2026-03-17 19:30:16,2026-03-17 19:30:16,2026-03-17 19:46:16,2026-03-17 19:46:16,,C,,2026-03-17 19:27:59,,
