bucket,direction,avg_delay_minutes,median_delay_minutes,records
2026-03-15 14:00:00,inbound,18.166666666666668,15.0,42.0
2026-03-15 14:15:00,inbound,13.89738430583501,15.0,497.0
2026-03-15 14:30:00,inbound,13.350119904076738,15.0,417.0
2026-03-15 14:45:00,inbound,13.130925507900677,15.0,443.0
2026-03-15 15:00:00,inbound,14.303258145363408,15.0,399.0
2026-03-15 15:15:00,inbound,11.900390625,10.0,512.0
2026-03-15 15:30:00,inbound,14.193023255813953,12.0,430.0
2026-03-15 15:45:00,inbound,12.15925925925926,11.0,270.0
2026-03-15 16:00:00,inbound,11.190332326283988,11.0,331.0
2026-03-15 16:15:00,inbound,11.937369519832986,11.0,479.0
2026-03-15 16:30:00,inbound,9.735660847880299,7.0,401.0
2026-03-15 16:45:00,inbound,10.519061583577713,10.0,682.0
2026-03-15 17:00:00,inbound,13.025134649910234,11.0,557.0
2026-03-15 17:15:00,inbound,12.664021164021165,8.0,378.0
2026-03-15 17:30:00,inbound,16.47004608294931,15.0,434.0
2026-03-15 17:45:00,inbound,15.821256038647343,15.0,414.0
2026-03-15 18:00:00,inbound,15.876068376068377,15.0,468.0
2026-03-15 18:15:00,inbound,26.28627450980392,15.0,510.0
2026-03-15 18:30:00,inbound,21.066666666666666,15.0,390.0
2026-03-15 18:45:00,inbound,33.461363636363636,11.0,440.0
2026-03-15 19:00:00,inbound,48.7985257985258,11.0,407.0
2026-03-15 19:15:00,inbound,49.692893401015226,11.0,394.0
2026-03-15 19:30:00,inbound,14.336538461538462,11.0,416.0
2026-03-15 19:45:00,inbound,15.620192307692308,15.0,208.0
2026-03-15 20:00:00,inbound,15.751937984496124,19.0,258.0
2026-03-15 20:15:00,inbound,13.058171745152354,7.0,361.0
2026-03-15 20:30:00,inbound,13.160409556313994,9.0,293.0
2026-03-15 20:45:00,inbound,14.13279132791328,9.0,369.0
2026-03-15 21:00:00,inbound,17.064615384615383,13.0,325.0
2026-03-15 21:15:00,inbound,15.132673267326732,13.0,505.0
2026-03-15 21:30:00,inbound,20.75974025974026,18.0,308.0
2026-03-15 21:45:00,inbound,21.42165242165242,21.0,351.0
2026-03-15 22:00:00,inbound,19.11111111111111,18.0,405.0
2026-03-15 22:15:00,inbound,17.244274809160306,18.0,262.0
2026-03-15 22:30:00,inbound,15.556818181818182,18.0,264.0
2026-03-15 22:45:00,inbound,10.976303317535544,5.0,211.0
2026-03-15 23:00:00,inbound,10.209302325581396,5.0,86.0
2026-03-15 23:15:00,inbound,5.5576923076923075,4.0,52.0
2026-03-15 23:30:00,inbound,3.388888888888889,0.0,18.0
2026-03-15 23:45:00,inbound,0.0,0.0,12.0
2026-03-16 00:00:00,inbound,,,
2026-03-16 00:15:00,inbound,,,
2026-03-16 00:30:00,inbound,,,
2026-03-16 00:45:00,inbound,,,
2026-03-16 01:00:00,inbound,,,
2026-03-16 01:15:00,inbound,,,
2026-03-16 01:30:00,inbound,,,
2026-03-16 01:45:00,inbound,,,
2026-03-16 02:00:00,inbound,,,
2026-03-16 02:15:00,inbound,,,
2026-03-16 02:30:00,inbound,,,
2026-03-16 02:45:00,inbound,61.0,61.0,4.0
2026-03-16 03:00:00,inbound,52.02040816326531,61.0,49.0
2026-03-16 03:15:00,inbound,56.92857142857143,61.0,28.0
2026-03-16 03:30:00,inbound,54.758620689655174,61.0,29.0
2026-03-16 03:45:00,inbound,40.657534246575345,42.0,73.0
2026-03-16 04:00:00,inbound,41.37864077669903,44.0,103.0
2026-03-16 04:15:00,inbound,37.08733624454148,41.0,229.0
2026-03-16 04:30:00,inbound,42.67193675889328,42.0,506.0
2026-03-16 04:45:00,inbound,41.58953722334004,41.0,497.0
2026-03-16 05:00:00,inbound,39.66745283018868,42.0,424.0
2026-03-16 05:15:00,inbound,41.5588785046729,42.0,535.0
2026-03-16 05:30:00,inbound,38.989754098360656,42.0,488.0
2026-03-16 05:45:00,inbound,36.55882352941177,41.0,850.0
2026-03-16 06:00:00,inbound,32.795698924731184,41.0,465.0
2026-03-16 06:15:00,inbound,39.3643216080402,41.0,398.0
2026-03-16 06:30:00,inbound,33.40670859538784,30.0,954.0
2026-03-16 06:45:00,inbound,35.23776223776224,38.0,715.0
2026-03-16 07:00:00,inbound,40.28252788104089,44.0,807.0
2026-03-16 07:15:00,inbound,31.879391100702577,30.0,854.0
2026-03-16 07:30:00,inbound,28.912587412587413,30.0,572.0
2026-03-16 07:45:00,inbound,30.975783475783476,30.0,702.0
2026-03-16 08:00:00,inbound,39.149797570850204,46.0,494.0
2026-03-16 08:15:00,inbound,28.745562130177515,24.0,507.0
2026-03-16 08:30:00,inbound,27.496774193548386,30.0,310.0
2026-03-16 08:45:00,inbound,27.301538461538463,24.0,650.0
2026-03-16 09:00:00,inbound,27.180851063829788,26.0,564.0
2026-03-16 09:15:00,inbound,30.725856697819314,21.0,321.0
2026-03-16 09:30:00,inbound,29.710679611650484,17.0,515.0
2026-03-16 09:45:00,inbound,35.09045226130653,17.0,199.0
2026-03-16 10:00:00,inbound,26.21034482758621,17.0,290.0
2026-03-16 10:15:00,inbound,22.86697247706422,6.0,218.0
2026-03-16 10:30:00,inbound,28.98843930635838,21.0,346.0
2026-03-16 10:45:00,inbound,28.277008310249307,21.0,361.0
2026-03-16 11:00:00,inbound,19.56144578313253,6.0,415.0
2026-03-16 11:15:00,inbound,22.62992125984252,7.0,381.0
2026-03-16 11:30:00,inbound,29.76795580110497,21.0,362.0
2026-03-16 11:45:00,inbound,24.286290322580644,21.0,248.0
2026-03-16 12:00:00,inbound,27.46696035242291,21.0,227.0
2026-03-16 12:15:00,inbound,14.609053497942387,6.0,243.0
2026-03-16 12:30:00,inbound,25.48068669527897,19.0,233.0
2026-03-16 12:45:00,inbound,25.106609808102345,19.0,469.0
2026-03-16 13:00:00,inbound,24.56125356125356,7.0,351.0
2026-03-16 13:15:00,inbound,25.264705882352942,7.0,238.0
2026-03-16 13:30:00,inbound,23.21201413427562,7.0,283.0
2026-03-16 13:45:00,inbound,34.51476793248945,33.0,237.0
2026-03-16 14:00:00,inbound,34.18238993710692,33.0,318.0
2026-03-16 14:15:00,inbound,36.28286852589641,33.0,251.0
2026-03-16 14:30:00,inbound,37.13972602739726,24.0,365.0
2026-03-16 14:45:00,inbound,40.790346907993964,34.0,663.0
2026-03-16 15:00:00,inbound,43.85425101214575,43.0,247.0
2026-03-16 15:15:00,inbound,49.45112781954887,58.0,266.0
2026-03-16 15:30:00,inbound,41.63745019920319,34.0,251.0
2026-03-16 15:45:00,inbound,40.28346456692913,43.0,508.0
2026-03-16 16:00:00,inbound,39.661048689138575,34.0,534.0
2026-03-16 16:15:00,inbound,41.382920110192835,34.0,726.0
2026-03-16 16:30:00,inbound,42.104910714285715,43.0,448.0
2026-03-16 16:45:00,inbound,42.559356136820924,34.0,497.0
2026-03-16 17:00:00,inbound,45.507507507507505,55.0,333.0
2026-03-16 17:15:00,inbound,43.52401129943503,31.0,708.0
2026-03-16 17:30:00,inbound,47.71608040201005,55.0,398.0
2026-03-16 17:45:00,inbound,45.456204379562045,28.0,274.0
2026-03-16 18:00:00,inbound,48.20263157894737,47.0,760.0
2026-03-16 18:15:00,inbound,48.8918640576725,46.0,971.0
2026-03-16 18:30:00,inbound,62.647905759162306,62.0,764.0
2026-03-16 18:45:00,inbound,50.976486860304284,47.0,723.0
2026-03-16 19:00:00,inbound,52.3843329253366,49.0,817.0
2026-03-16 19:15:00,inbound,50.041551246537395,47.0,1083.0
2026-03-16 19:30:00,inbound,52.14678899082569,52.0,654.0
2026-03-16 19:45:00,inbound,42.71206896551724,36.0,1160.0
2026-03-16 20:00:00,inbound,43.31072351421189,36.0,1548.0
2026-03-16 20:15:00,inbound,39.27906976744186,33.0,688.0
2026-03-16 20:30:00,inbound,48.818001978239366,47.0,1011.0
2026-03-16 20:45:00,inbound,43.510989010989015,36.0,1092.0
2026-03-16 21:00:00,inbound,45.19041769041769,42.0,814.0
2026-03-16 21:15:00,inbound,40.224,36.0,750.0
2026-03-16 21:30:00,inbound,37.798279158699806,36.0,1046.0
2026-03-16 21:45:00,inbound,36.11206896551724,33.0,464.0
2026-03-16 22:00:00,inbound,35.317961165048544,33.0,412.0
2026-03-16 22:15:00,inbound,32.60891089108911,33.0,202.0
2026-03-16 22:30:00,inbound,34.9639175257732,34.0,194.0
2026-03-16 22:45:00,inbound,24.777027027027028,34.0,296.0
2026-03-16 23:00:00,inbound,20.701818181818183,34.0,275.0
2026-03-16 23:15:00,inbound,11.477272727272727,1.0,88.0
2026-03-16 23:30:00,inbound,14.615384615384615,1.0,130.0
2026-03-16 23:45:00,inbound,17.208333333333332,15.0,240.0
2026-03-17 00:00:00,inbound,,,
2026-03-17 00:15:00,inbound,,,
2026-03-17 00:30:00,inbound,,,
2026-03-17 00:45:00,inbound,,,
2026-03-17 01:00:00,inbound,,,
2026-03-17 01:15:00,inbound,,,
2026-03-17 01:30:00,inbound,,,
2026-03-17 01:45:00,inbound,,,
2026-03-17 02:00:00,inbound,,,
2026-03-17 02:15:00,inbound,,,
2026-03-17 02:30:00,inbound,,,
2026-03-17 02:45:00,inbound,,,
2026-03-17 03:00:00,inbound,,,
2026-03-17 03:15:00,inbound,,,
2026-03-17 03:30:00,inbound,,,
2026-03-17 03:45:00,inbound,,,
2026-03-17 04:00:00,inbound,,,
2026-03-17 04:15:00,inbound,,,
2026-03-17 04:30:00,inbound,,,
2026-03-17 04:45:00,inbound,,,
2026-03-17 05:00:00,inbound,,,
2026-03-17 05:15:00,inbound,,,
2026-03-17 05:30:00,inbound,,,
2026-03-17 05:45:00,inbound,,,
2026-03-17 06:00:00,inbound,,,
2026-03-17 06:15:00,inbound,,,
2026-03-17 06:30:00,inbound,,,
2026-03-17 06:45:00,inbound,,,
2026-03-17 07:00:00,inbound,,,
2026-03-17 07:15:00,inbound,,,
2026-03-17 07:30:00,inbound,,,
2026-03-17 07:45:00,inbound,,,
2026-03-17 08:00:00,inbound,,,
2026-03-17 08:15:00,inbound,,,
2026-03-17 08:30:00,inbound,,,
2026-03-17 08:45:00,inbound,,,
2026-03-17 09:00:00,inbound,,,
2026-03-17 09:15:00,inbound,,,
2026-03-17 09:30:00,inbound,,,
2026-03-17 09:45:00,inbound,,,
2026-03-17 10:00:00,inbound,,,
2026-03-17 10:15:00,inbound,,,
2026-03-17 10:30:00,inbound,,,
2026-03-17 10:45:00,inbound,,,
2026-03-17 11:00:00,inbound,,,
2026-03-17 11:15:00,inbound,,,
2026-03-17 11:30:00,inbound,,,
2026-03-17 11:45:00,inbound,,,
2026-03-17 12:00:00,inbound,,,
2026-03-17 12:15:00,inbound,,,
2026-03-17 12:30:00,inbound,,,
2026-03-17 12:45:00,inbound,,,
2026-03-17 13:00:00,inbound,,,
2026-03-17 13:15:00,inbound,,,
2026-03-17 13:30:00,inbound,,,
2026-03-17 13:45:00,inbound,,,
2026-03-17 14:00:00,inbound,,,
2026-03-17 14:15:00,inbound,,,
2026-03-17 14:30:00,inbound,,,
2026-03-17 14:45:00,inbound,,,
2026-03-17 15:00:00,inbound,,,
2026-03-17 15:15:00,inbound,,,
2026-03-17 15:30:00,inbound,,,
2026-03-17 15:45:00,inbound,,,
2026-03-17 16:00:00,inbound,,,
2026-03-17 16:15:00,inbound,,,
2026-03-17 16:30:00,inbound,,,
2026-03-17 16:45:00,inbound,,,
2026-03-17 17:00:00,inbound,,,
2026-03-17 17:15:00,inbound,,,
2026-03-17 17:30:00,inbound,,,
2026-03-17 17:45:00,inbound,,,
2026-03-17 18:00:00,inbound,,,
2026-03-17 18:15:00,inbound,,,
2026-03-17 18:30:00,inbound,,,
2026-03-17 18:45:00,inbound,,,
2026-03-17 19:00:00,inbound,,,
2026-03-17 19:15:00,inbound,63.20992366412214,52.0,262.0
2026-03-17 19:30:00,inbound,60.58292282430214,47.0,609.0
2026-03-17 19:45:00,inbound,44.57659574468085,39.0,470.0
2026-03-17 20:00:00,inbound,50.13978494623656,44.0,651.0
2026-03-17 20:15:00,inbound,45.19435736677116,39.0,319.0
2026-03-17 20:30:00,inbound,42.154377880184335,31.0,434.0
2026-03-17 20:45:00,inbound,56.15897435897436,52.0,585.0
2026-03-17 21:00:00,inbound,56.21818181818182,52.0,660.0
2026-03-17 21:15:00,inbound,54.31589958158996,55.0,478.0
2026-03-17 21:30:00,inbound,63.38235294117647,55.0,238.0
2026-03-17 21:45:00,inbound,61.08314606741573,52.0,445.0
2026-03-17 22:00:00,inbound,63.751633986928105,55.0,306.0
2026-03-17 22:15:00,inbound,60.02181818181818,55.0,275.0
2026-03-17 22:30:00,inbound,59.76628352490422,47.0,261.0
2026-03-17 22:45:00,inbound,60.00529100529101,44.0,189.0
2026-03-17 23:00:00,inbound,73.875,90.0,152.0
2026-03-17 23:15:00,inbound,89.08910891089108,90.0,101.0
2026-03-17 23:30:00,inbound,96.55238095238096,90.0,105.0
2026-03-17 23:45:00,inbound,78.6590909090909,90.0,88.0
2026-03-18 00:00:00,inbound,,,
2026-03-18 00:15:00,inbound,,,
2026-03-18 00:30:00,inbound,,,
2026-03-18 00:45:00,inbound,,,
2026-03-18 01:00:00,inbound,,,
2026-03-18 01:15:00,inbound,,,
2026-03-18 01:30:00,inbound,,,
2026-03-18 01:45:00,inbound,,,
2026-03-18 02:00:00,inbound,,,
2026-03-18 02:15:00,inbound,,,
2026-03-18 02:30:00,inbound,,,
2026-03-18 02:45:00,inbound,,,
2026-03-18 03:00:00,inbound,,,
2026-03-18 03:15:00,inbound,,,
2026-03-18 03:30:00,inbound,,,
2026-03-18 03:45:00,inbound,,,
2026-03-18 04:00:00,inbound,31.0,31.0,9.0
2026-03-18 04:15:00,inbound,17.595238095238095,11.0,42.0
2026-03-18 04:30:00,inbound,26.964285714285715,31.0,84.0
2026-03-18 04:45:00,inbound,22.906344410876134,31.0,331.0
2026-03-18 05:00:00,inbound,,,
2026-03-18 05:15:00,inbound,18.46268656716418,11.0,402.0
2026-03-18 05:30:00,inbound,18.022427440633244,14.0,758.0
2026-03-18 05:45:00,inbound,16.574596774193548,11.0,496.0
2026-03-18 06:00:00,inbound,21.285087719298247,22.0,684.0
2026-03-18 06:15:00,inbound,17.5859375,12.0,256.0
2026-03-18 06:30:00,inbound,,,
2026-03-18 06:45:00,inbound,19.617602427921092,14.0,659.0
2026-03-18 07:00:00,inbound,25.071097372488406,20.0,647.0
2026-03-18 07:15:00,inbound,22.212475633528264,14.0,513.0
2026-03-18 07:30:00,inbound,28.235294117647058,20.0,748.0
2026-03-18 07:45:00,inbound,24.746835443037973,14.0,237.0
2026-03-18 08:00:00,inbound,23.689873417721518,20.0,316.0
2026-03-18 08:15:00,inbound,32.9452296819788,25.0,566.0
2026-03-18 08:30:00,inbound,28.98283261802575,21.0,699.0
2026-03-18 08:45:00,inbound,34.89447236180904,42.0,597.0
2026-03-18 09:00:00,inbound,28.396135265700483,20.0,414.0
2026-03-18 09:15:00,inbound,31.991465149359886,21.0,703.0
2026-03-18 09:30:00,inbound,36.58173784977909,31.0,679.0
2026-03-18 09:45:00,inbound,35.25504587155963,31.0,545.0
2026-03-18 10:00:00,inbound,34.73462783171521,31.0,618.0
2026-03-18 10:15:00,inbound,41.14802631578947,35.0,304.0
2026-03-18 10:30:00,inbound,25.58102766798419,21.0,253.0
2026-03-18 10:45:00,inbound,30.296028880866427,21.0,277.0
2026-03-18 11:00:00,inbound,22.74245939675174,17.0,431.0
2026-03-18 11:15:00,inbound,23.844559585492227,17.0,386.0
2026-03-18 11:30:00,inbound,27.830721003134798,17.0,319.0
2026-03-18 11:45:00,inbound,39.18041237113402,31.0,388.0
2026-03-18 12:00:00,inbound,43.61658031088083,35.0,386.0
2026-03-18 12:15:00,inbound,49.508591065292094,40.0,291.0
2026-03-18 12:30:00,inbound,44.85643564356435,35.0,202.0
2026-03-18 12:45:00,inbound,37.401408450704224,32.0,284.0
2026-03-18 13:00:00,inbound,44.011049723756905,35.0,181.0
2026-03-18 13:15:00,inbound,30.82278481012658,20.0,395.0
2026-03-18 13:30:00,inbound,30.224944320712694,20.0,449.0
2026-03-18 13:45:00,inbound,34.67636363636364,31.0,275.0
2026-03-18 14:00:00,inbound,29.261224489795918,31.0,490.0
2026-03-18 14:15:00,inbound,30.34234234234234,31.0,333.0
2026-03-18 14:30:00,inbound,33.325490196078434,32.0,255.0
2026-03-18 14:45:00,inbound,30.80965909090909,32.0,352.0
2026-03-18 15:00:00,inbound,26.5777027027027,20.0,592.0
2026-03-18 15:15:00,inbound,20.13785557986871,17.0,457.0
2026-03-18 15:30:00,inbound,32.159453302961275,32.0,439.0
2026-03-18 15:45:00,inbound,30.20347003154574,21.0,634.0
2026-03-18 16:00:00,inbound,24.993258426966293,19.0,445.0
2026-03-18 16:15:00,inbound,26.657596371882086,21.0,441.0
2026-03-18 16:30:00,inbound,25.849358974358974,19.0,312.0
2026-03-18 16:45:00,inbound,23.53698630136986,19.0,365.0
2026-03-18 17:00:00,inbound,28.607723577235774,28.0,492.0
2026-03-18 17:15:00,inbound,25.740034662045062,21.0,577.0
2026-03-18 17:30:00,inbound,29.057142857142857,33.0,245.0
2026-03-18 17:45:00,inbound,30.625766871165645,33.0,326.0
2026-03-18 18:00:00,inbound,30.02928870292887,28.0,239.0
2026-03-18 18:15:00,inbound,34.327319587628864,33.0,388.0
2026-03-18 18:30:00,inbound,35.73873873873874,28.0,333.0
2026-03-18 18:45:00,inbound,37.163636363636364,38.0,275.0
2026-03-18 19:00:00,inbound,39.553153153153154,38.0,555.0
2026-03-18 19:15:00,inbound,39.759643916913944,38.0,337.0
2026-03-18 19:30:00,inbound,41.84787472035794,44.0,447.0
2026-03-18 19:45:00,inbound,43.53734439834025,44.0,482.0
2026-03-18 20:00:00,inbound,46.56378600823045,44.0,243.0
2026-03-18 20:15:00,inbound,37.75,41.0,224.0
2026-03-18 20:30:00,inbound,45.762845849802375,48.0,253.0
2026-03-18 20:45:00,inbound,35.08791208791209,38.0,182.0
2026-03-18 21:00:00,inbound,54.702265372168284,70.0,309.0
2026-03-18 21:15:00,inbound,47.86734693877551,22.0,98.0
2026-03-18 21:30:00,inbound,37.75625,20.0,160.0
2026-03-18 21:45:00,inbound,48.509803921568626,20.0,102.0
2026-03-18 22:00:00,inbound,50.60693641618497,70.0,173.0
2026-03-18 22:15:00,inbound,45.747368421052634,20.0,95.0
2026-03-18 22:30:00,inbound,51.94285714285714,70.0,105.0
2026-03-18 22:45:00,inbound,56.32183908045977,70.0,87.0
2026-03-18 23:00:00,inbound,55.483870967741936,70.0,31.0
2026-03-18 23:15:00,inbound,38.25396825396825,20.0,63.0
2026-03-18 23:30:00,inbound,35.04761904761905,20.0,105.0
2026-03-18 23:45:00,inbound,30.943396226415093,20.0,53.0
2026-03-19 00:00:00,inbound,,,
2026-03-19 00:15:00,inbound,,,
2026-03-19 00:30:00,inbound,,,
2026-03-19 00:45:00,inbound,,,
2026-03-19 01:00:00,inbound,,,
2026-03-19 01:15:00,inbound,,,
2026-03-19 01:30:00,inbound,,,
2026-03-19 01:45:00,inbound,,,
2026-03-19 02:00:00,inbound,,,
2026-03-19 02:15:00,inbound,,,
2026-03-19 02:30:00,inbound,,,
2026-03-19 02:45:00,inbound,,,
2026-03-19 03:00:00,inbound,14.0,14.0,17.0
2026-03-19 03:15:00,inbound,17.333333333333332,14.0,24.0
2026-03-19 03:30:00,inbound,17.57037037037037,14.0,135.0
2026-03-19 03:45:00,inbound,18.229508196721312,14.0,61.0
2026-03-19 04:00:00,inbound,14.72,14.0,25.0
2026-03-19 04:15:00,inbound,12.04054054054054,14.0,148.0
2026-03-19 04:30:00,inbound,14.10204081632653,14.0,196.0
2026-03-19 04:45:00,inbound,14.844731977818855,14.0,541.0
2026-03-19 05:00:00,inbound,14.739766081871345,14.0,342.0
2026-03-19 05:15:00,inbound,18.555,14.0,600.0
2026-03-19 05:30:00,inbound,17.28491620111732,14.0,358.0
2026-03-19 05:45:00,inbound,15.212239583333334,13.0,768.0
2026-03-19 06:00:00,inbound,14.810173697270471,13.0,806.0
2026-03-19 06:15:00,inbound,17.314789687924016,14.0,737.0
2026-03-19 06:30:00,inbound,18.167023554603855,13.0,467.0
2026-03-19 06:45:00,inbound,20.928977272727273,13.0,352.0
2026-03-19 07:00:00,inbound,20.566604127579737,21.0,533.0
2026-03-19 07:15:00,inbound,21.040816326530614,19.0,441.0
2026-03-19 07:30:00,inbound,28.428387096774195,21.0,775.0
2026-03-19 07:45:00,inbound,25.05223880597015,19.0,670.0
2026-03-19 08:00:00,inbound,31.38,19.0,400.0
2026-03-19 08:15:00,inbound,30.848056537102472,21.0,566.0
2026-03-19 08:30:00,inbound,26.662844036697248,21.0,436.0
2026-03-19 08:45:00,inbound,36.245,38.0,400.0
2026-03-19 09:00:00,inbound,38.365546218487395,38.0,476.0
2026-03-19 09:15:00,inbound,39.51206434316354,40.0,373.0
2026-03-19 09:30:00,inbound,38.420718816067655,40.0,473.0
2026-03-19 09:45:00,inbound,38.03806228373703,38.0,289.0
2026-03-19 10:00:00,inbound,37.32862190812721,40.0,283.0
2026-03-19 10:15:00,inbound,39.714524207011685,40.0,599.0
2026-03-19 10:30:00,inbound,33.59953161592506,38.0,427.0
2026-03-19 10:45:00,inbound,32.97909407665505,38.0,287.0
2026-03-19 11:00:00,inbound,30.5,21.0,294.0
2026-03-19 11:15:00,inbound,27.430555555555557,32.0,216.0
2026-03-19 11:30:00,inbound,21.399159663865547,15.0,238.0
2026-03-19 11:45:00,inbound,25.15576323987539,32.0,321.0
2026-03-19 12:00:00,inbound,23.2625,16.0,240.0
2026-03-19 12:15:00,inbound,17.40057636887608,11.0,347.0
2026-03-19 12:30:00,inbound,21.003424657534246,15.0,292.0
2026-03-19 12:45:00,inbound,21.258426966292134,16.0,356.0
2026-03-19 13:00:00,inbound,18.802281368821294,14.0,263.0
2026-03-19 13:15:00,inbound,12.308880308880308,9.0,259.0
2026-03-19 13:30:00,inbound,19.93415637860082,15.0,243.0
2026-03-19 13:45:00,inbound,28.103092783505154,35.0,97.0
2026-03-19 14:00:00,inbound,21.215328467153284,16.0,274.0
2026-03-19 14:15:00,inbound,16.127906976744185,14.0,430.0
2026-03-19 14:30:00,inbound,18.55421686746988,15.0,249.0
2026-03-19 14:45:00,inbound,13.126516464471404,11.0,577.0
2026-03-19 15:00:00,inbound,15.471177944862156,12.0,399.0
2026-03-19 15:15:00,inbound,20.13368983957219,14.0,187.0
2026-03-19 15:30:00,inbound,18.333333333333332,12.0,309.0
2026-03-19 15:45:00,inbound,14.045454545454545,12.0,132.0
2026-03-19 16:00:00,inbound,20.257575757575758,12.0,462.0
2026-03-19 16:15:00,inbound,18.410094637223974,12.0,634.0
2026-03-19 16:30:00,inbound,23.21186440677966,25.0,590.0
2026-03-19 16:45:00,inbound,19.463636363636365,20.0,550.0
2026-03-19 17:00:00,inbound,17.60339943342776,12.0,353.0
2026-03-19 17:15:00,inbound,18.03846153846154,10.0,312.0
2026-03-19 17:30:00,inbound,19.04891304347826,10.0,368.0
2026-03-19 17:45:00,inbound,19.46652719665272,13.0,478.0
2026-03-19 18:00:00,inbound,20.826175869120654,20.0,489.0
2026-03-19 18:15:00,inbound,17.859615384615385,13.0,520.0
2026-03-19 18:30:00,inbound,18.933130699088146,20.0,329.0
2026-03-19 18:45:00,inbound,22.02238805970149,20.0,402.0
2026-03-19 19:00:00,inbound,28.314741035856574,23.0,251.0
2026-03-19 19:15:00,inbound,21.31930693069307,20.0,404.0
2026-03-19 19:30:00,inbound,22.074534161490682,20.0,322.0
2026-03-19 19:45:00,inbound,24.26153846153846,23.0,390.0
2026-03-19 20:00:00,inbound,23.41705069124424,17.0,434.0
2026-03-19 20:15:00,inbound,26.072512647554806,34.0,593.0
2026-03-19 20:30:00,inbound,27.61198738170347,34.0,317.0
2026-03-19 20:45:00,inbound,22.13186813186813,14.0,546.0
2026-03-19 21:00:00,inbound,19.11023622047244,14.0,508.0
2026-03-19 21:15:00,inbound,21.016216216216215,14.0,370.0
2026-03-19 21:30:00,inbound,25.360995850622405,25.0,241.0
2026-03-19 21:45:00,inbound,22.05839416058394,25.0,274.0
2026-03-19 22:00:00,inbound,18.69377990430622,14.0,209.0
2026-03-19 22:15:00,inbound,17.34254143646409,14.0,181.0
2026-03-19 22:30:00,inbound,10.063492063492063,4.0,126.0
2026-03-19 22:45:00,inbound,11.008849557522124,4.0,113.0
2026-03-19 23:00:00,inbound,8.803030303030303,4.0,66.0
2026-03-19 23:15:00,inbound,8.133333333333333,4.0,30.0
2026-03-19 23:30:00,inbound,16.147058823529413,17.0,68.0
2026-03-19 23:45:00,inbound,13.183673469387756,17.0,49.0
2026-03-20 00:00:00,inbound,,,
2026-03-20 00:15:00,inbound,,,
2026-03-20 00:30:00,inbound,,,
2026-03-20 00:45:00,inbound,,,
2026-03-20 01:00:00,inbound,,,
2026-03-20 01:15:00,inbound,,,
2026-03-20 01:30:00,inbound,,,
2026-03-20 01:45:00,inbound,,,
2026-03-20 02:00:00,inbound,,,
2026-03-20 02:15:00,inbound,,,
2026-03-20 02:30:00,inbound,,,
2026-03-20 02:45:00,inbound,,,
2026-03-20 03:00:00,inbound,14.0,14.0,18.0
2026-03-20 03:15:00,inbound,14.0,14.0,1.0
2026-03-20 03:30:00,inbound,14.0,14.0,3.0
2026-03-20 03:45:00,inbound,30.363636363636363,24.0,22.0
2026-03-20 04:00:00,inbound,23.6,24.0,45.0
2026-03-20 04:15:00,inbound,16.848920863309353,14.0,139.0
2026-03-20 04:30:00,inbound,23.63030303030303,23.0,165.0
2026-03-20 04:45:00,inbound,16.317073170731707,14.0,205.0
2026-03-20 05:00:00,inbound,20.16010498687664,14.0,381.0
2026-03-20 05:15:00,inbound,16.914728682170544,14.0,258.0
2026-03-20 05:30:00,inbound,20.98611111111111,22.0,432.0
2026-03-20 05:45:00,inbound,19.46088794926004,14.0,473.0
2026-03-20 06:00:00,inbound,23.477777777777778,22.0,810.0
2026-03-20 06:15:00,inbound,17.990314769975786,14.0,826.0
2026-03-20 06:30:00,inbound,25.176699029126212,23.0,515.0
2026-03-20 06:45:00,inbound,22.126778783958603,22.0,773.0
2026-03-20 07:00:00,inbound,29.646907216494846,23.0,388.0
2026-03-20 07:15:00,inbound,19.523171987641607,15.0,971.0
2026-03-20 07:30:00,inbound,19.577223088923557,22.0,641.0
2026-03-20 07:45:00,inbound,18.508116883116884,13.0,616.0
2026-03-20 08:00:00,inbound,20.923558897243108,15.0,798.0
2026-03-20 08:15:00,inbound,26.507022471910112,26.5,712.0
2026-03-20 08:30:00,inbound,30.456043956043956,31.0,364.0
2026-03-20 08:45:00,inbound,,,
2026-03-20 09:00:00,inbound,34.55196304849885,38.0,433.0
2026-03-20 09:15:00,inbound,29.20728929384966,31.0,439.0
2026-03-20 09:30:00,inbound,23.005681818181817,15.0,352.0
2026-03-20 09:45:00,inbound,25.303846153846155,26.0,260.0
2026-03-20 10:00:00,inbound,30.37037037037037,31.0,54.0
2026-03-20 10:15:00,inbound,22.52054794520548,29.0,438.0
2026-03-20 10:30:00,inbound,27.079566003616637,31.0,553.0
2026-03-20 10:45:00,inbound,27.83777239709443,31.0,413.0
2026-03-20 11:00:00,inbound,24.433756805807622,20.0,551.0
2026-03-20 11:15:00,inbound,29.43016759776536,35.0,179.0
2026-03-20 11:30:00,inbound,,,
2026-03-20 11:45:00,inbound,19.33490566037736,6.0,212.0
2026-03-20 12:00:00,inbound,17.65017667844523,9.0,283.0
2026-03-20 12:15:00,inbound,18.09119496855346,10.0,318.0
2026-03-20 12:30:00,inbound,14.251231527093596,9.0,203.0
2026-03-20 12:45:00,inbound,17.131782945736433,10.0,258.0
2026-03-20 13:00:00,inbound,,,
2026-03-20 13:15:00,inbound,14.30232558139535,11.0,43.0
2026-03-20 13:30:00,inbound,15.737827715355806,17.0,267.0
2026-03-20 13:45:00,inbound,14.806451612903226,12.0,248.0
2026-03-20 14:00:00,inbound,18.581740976645435,12.0,471.0
2026-03-20 14:15:00,inbound,19.625231910946198,12.0,539.0
2026-03-20 14:30:00,inbound,20.635714285714286,11.0,140.0
2026-03-20 14:45:00,inbound,,,
2026-03-20 15:00:00,inbound,19.596491228070175,13.0,114.0
2026-03-20 15:15:00,inbound,19.740425531914894,13.0,470.0
2026-03-20 15:30:00,inbound,19.29787234042553,16.0,470.0
2026-03-20 15:45:00,inbound,15.542976939203355,11.0,477.0
2026-03-20 16:00:00,inbound,18.56997455470738,16.0,393.0
2026-03-20 16:15:00,inbound,,,
2026-03-20 16:30:00,inbound,14.882352941176471,13.0,255.0
2026-03-20 16:45:00,inbound,16.29,12.0,400.0
2026-03-20 17:00:00,inbound,15.739376770538243,11.0,353.0
2026-03-20 17:15:00,inbound,21.973614775725594,13.0,379.0
2026-03-20 17:30:00,inbound,20.864238410596027,13.0,604.0
2026-03-20 17:45:00,inbound,,,
2026-03-20 18:00:00,inbound,18.88888888888889,20.0,171.0
2026-03-20 18:15:00,inbound,21.55855855855856,19.0,555.0
2026-03-20 18:30:00,inbound,20.22921348314607,19.0,445.0
2026-03-20 18:45:00,inbound,19.1125,12.0,480.0
2026-03-20 19:00:00,inbound,22.585454545454546,19.0,275.0
2026-03-20 19:15:00,inbound,27.403716216216218,20.0,592.0
2026-03-20 19:30:00,inbound,23.63738738738739,20.0,444.0
2026-03-20 19:45:00,inbound,19.3,20.0,310.0
2026-03-20 20:00:00,inbound,21.808586762075134,20.0,559.0
2026-03-20 20:15:00,inbound,17.9625,19.0,240.0
2026-03-20 20:30:00,inbound,19.90989399293286,19.0,566.0
2026-03-20 20:45:00,inbound,16.05539358600583,19.0,343.0
2026-03-20 21:00:00,inbound,18.05679012345679,19.0,405.0
2026-03-20 21:15:00,inbound,21.01440329218107,20.0,486.0
2026-03-20 21:30:00,inbound,22.200757575757574,20.0,264.0
2026-03-20 21:45:00,inbound,20.662721893491124,12.0,338.0
2026-03-20 22:00:00,inbound,25.623762376237625,20.0,202.0
2026-03-20 22:15:00,inbound,25.66914498141264,28.0,269.0
2026-03-20 22:30:00,inbound,24.062780269058297,15.0,223.0
2026-03-20 22:45:00,inbound,25.214876033057852,15.0,121.0
2026-03-20 23:00:00,inbound,26.2,28.0,100.0
2026-03-20 23:15:00,inbound,23.5609756097561,15.0,41.0
2026-03-20 23:30:00,inbound,8.0,-1.0,34.0
2026-03-20 23:45:00,inbound,1.8205128205128205,-1.0,39.0
2026-03-21 00:00:00,inbound,,,
2026-03-21 00:15:00,inbound,,,
2026-03-21 00:30:00,inbound,,,
2026-03-21 00:45:00,inbound,,,
2026-03-21 01:00:00,inbound,,,
2026-03-21 01:15:00,inbound,,,
2026-03-21 01:30:00,inbound,,,
2026-03-21 01:45:00,inbound,,,
2026-03-21 02:00:00,inbound,,,
2026-03-21 02:15:00,inbound,,,
2026-03-21 02:30:00,inbound,,,
2026-03-21 02:45:00,inbound,,,
2026-03-21 03:00:00,inbound,,,
2026-03-21 03:15:00,inbound,5.0,5.0,8.0
2026-03-21 03:30:00,inbound,5.0,5.0,5.0
2026-03-21 03:45:00,inbound,11.0,11.0,6.0
2026-03-21 04:00:00,inbound,9.96,17.0,50.0
2026-03-21 04:15:00,inbound,4.253333333333333,5.0,75.0
2026-03-21 04:30:00,inbound,11.130434782608695,17.0,69.0
2026-03-21 04:45:00,inbound,8.741935483870968,7.0,93.0
2026-03-21 05:00:00,inbound,11.46376811594203,7.0,138.0
2026-03-21 05:15:00,inbound,10.044444444444444,5.0,45.0
2026-03-21 05:30:00,inbound,9.467625899280575,5.0,139.0
2026-03-21 05:45:00,inbound,10.3,6.0,310.0
2026-03-21 06:00:00,inbound,14.29520295202952,7.0,271.0
2026-03-21 06:15:00,inbound,9.96676737160121,6.0,331.0
2026-03-21 06:30:00,inbound,11.193308550185874,6.0,269.0
2026-03-21 06:45:00,inbound,16.002217294900223,17.0,451.0
2026-03-21 07:00:00,inbound,18.052083333333332,7.0,192.0
2026-03-21 07:15:00,inbound,19.903981264637004,17.0,427.0
2026-03-21 07:30:00,inbound,21.1025,29.0,400.0
2026-03-21 07:45:00,inbound,24.319444444444443,29.0,432.0
2026-03-21 08:00:00,inbound,26.86556603773585,29.0,424.0
2026-03-21 08:15:00,inbound,23.4645390070922,27.0,282.0
2026-03-21 08:30:00,inbound,26.79029957203994,25.0,701.0
2026-03-21 08:45:00,inbound,30.882022471910112,31.0,356.0
2026-03-21 09:00:00,inbound,31.53125,31.0,320.0
2026-03-21 09:15:00,inbound,30.06393861892583,31.0,391.0
2026-03-21 09:30:00,inbound,30.218259629101283,31.0,701.0
2026-03-21 09:45:00,inbound,30.357142857142858,31.0,224.0
2026-03-21 10:00:00,inbound,26.887323943661972,25.0,355.0
2026-03-21 10:15:00,inbound,28.636363636363637,31.0,418.0
2026-03-21 10:30:00,inbound,24.809615384615384,20.0,520.0
2026-03-21 10:45:00,inbound,29.229390681003583,31.0,558.0
2026-03-21 11:00:00,inbound,29.903890160183067,25.0,437.0
2026-03-21 11:15:00,inbound,24.86602870813397,25.0,627.0
2026-03-21 11:30:00,inbound,31.46693386773547,31.0,499.0
2026-03-21 11:45:00,inbound,28.319415448851775,25.0,479.0
2026-03-21 12:00:00,inbound,36.08387096774194,44.0,465.0
2026-03-21 12:15:00,inbound,32.13965087281795,31.0,401.0
2026-03-21 12:30:00,inbound,20.877431906614785,14.0,514.0
2026-03-21 12:45:00,inbound,22.369668246445496,15.0,422.0
2026-03-21 13:00:00,inbound,29.19088319088319,28.0,351.0
2026-03-21 13:15:00,inbound,21.41797752808989,6.0,445.0
2026-03-21 13:30:00,inbound,23.97094430992736,13.0,413.0
2026-03-21 13:45:00,inbound,33.6656346749226,30.0,323.0
2026-03-21 14:00:00,inbound,27.53061224489796,18.0,294.0
2026-03-21 14:15:00,inbound,30.602739726027398,30.0,657.0
2026-03-21 14:30:00,inbound,30.23598435462842,30.0,767.0
2026-03-21 14:45:00,inbound,27.187853107344633,28.0,708.0
2026-03-21 15:00:00,inbound,27.88562596599691,28.0,647.0
2026-03-21 15:15:00,inbound,27.62181818181818,30.0,550.0
2026-03-21 15:30:00,inbound,33.29433272394881,47.0,547.0
2026-03-21 15:45:00,inbound,30.595174262734584,34.0,373.0
2026-03-21 16:00:00,inbound,30.02819956616052,34.0,461.0
2026-03-21 16:15:00,inbound,26.334545454545456,30.0,550.0
2026-03-21 16:30:00,inbound,30.473867595818817,34.0,574.0
2026-03-21 16:45:00,inbound,30.808353808353807,34.0,407.0
2026-03-21 17:00:00,inbound,24.7,18.0,510.0
2026-03-21 17:15:00,inbound,29.35655737704918,34.0,244.0
2026-03-21 17:30:00,inbound,33.6948051948052,50.0,308.0
2026-03-21 17:45:00,inbound,28.181818181818183,34.0,330.0
2026-03-21 18:00:00,inbound,33.76923076923077,34.0,468.0
2026-03-21 18:15:00,inbound,32.59969788519638,34.0,662.0
2026-03-21 18:30:00,inbound,26.739965095986037,23.0,573.0
2026-03-21 18:45:00,inbound,22.08188976377953,19.0,635.0
2026-03-21 19:00:00,inbound,26.690140845070424,23.0,497.0
2026-03-21 19:15:00,inbound,26.43169398907104,23.0,366.0
2026-03-21 19:30:00,inbound,20.35757575757576,19.0,165.0
2026-03-21 19:45:00,inbound,25.653465346534652,19.0,303.0
2026-03-21 20:00:00,inbound,23.703125,19.0,384.0
2026-03-21 20:15:00,inbound,34.125,32.0,232.0
2026-03-21 20:30:00,inbound,29.231766612641817,32.0,617.0
2026-03-21 20:45:00,inbound,21.20798319327731,10.0,476.0
2026-03-21 21:00:00,inbound,20.514423076923077,10.0,416.0
2026-03-21 21:15:00,inbound,32.0184331797235,35.0,217.0
2026-03-21 21:30:00,inbound,26.172881355932205,10.0,295.0
2026-03-21 21:45:00,inbound,24.81057268722467,32.0,227.0
2026-03-21 22:00:00,inbound,16.15753424657534,7.0,292.0
2026-03-21 22:15:00,inbound,18.121052631578948,10.0,190.0
2026-03-21 22:30:00,inbound,21.420091324200914,10.0,219.0
2026-03-21 22:45:00,inbound,22.978494623655912,10.0,186.0
2026-03-21 23:00:00,inbound,18.19811320754717,10.0,106.0
2026-03-21 23:15:00,inbound,13.80232558139535,2.0,172.0
2026-03-21 23:30:00,inbound,13.96103896103896,2.0,77.0
2026-03-21 23:45:00,inbound,3.448717948717949,2.0,78.0
2026-03-22 00:00:00,inbound,,,
2026-03-22 00:15:00,inbound,,,
2026-03-22 00:30:00,inbound,,,
2026-03-22 00:45:00,inbound,,,
2026-03-22 01:00:00,inbound,,,
2026-03-22 01:15:00,inbound,,,
2026-03-22 01:30:00,inbound,,,
2026-03-22 01:45:00,inbound,,,
2026-03-22 02:00:00,inbound,,,
2026-03-22 02:15:00,inbound,,,
2026-03-22 02:30:00,inbound,3.0,3.0,1.0
2026-03-22 02:45:00,inbound,,,
2026-03-22 03:00:00,inbound,3.0,3.0,9.0
2026-03-22 03:15:00,inbound,3.0,3.0,1.0
2026-03-22 03:30:00,inbound,2.59375,3.0,32.0
2026-03-22 03:45:00,inbound,2.607843137254902,3.0,51.0
2026-03-22 04:00:00,inbound,2.253968253968254,3.0,126.0
2026-03-22 04:15:00,inbound,1.686046511627907,3.0,86.0
2026-03-22 04:30:00,inbound,5.4603174603174605,3.0,126.0
2026-03-22 04:45:00,inbound,7.706976744186046,3.0,215.0
2026-03-22 05:00:00,inbound,5.659090909090909,3.0,176.0
2026-03-22 05:15:00,inbound,5.1650165016501655,3.0,303.0
2026-03-22 05:30:00,inbound,8.929782082324456,4.0,413.0
2026-03-22 05:45:00,inbound,5.827464788732394,3.0,284.0
2026-03-22 06:00:00,inbound,8.387341772151899,3.0,395.0
2026-03-22 06:15:00,inbound,12.339853300733497,7.0,409.0
2026-03-22 06:30:00,inbound,16.861290322580643,24.0,310.0
2026-03-22 06:45:00,inbound,12.053691275167786,7.0,447.0
2026-03-22 07:00:00,inbound,13.355509355509355,7.0,481.0
2026-03-22 07:15:00,inbound,16.417849898580123,18.0,493.0
2026-03-22 07:30:00,inbound,16.414473684210527,21.0,456.0
2026-03-22 07:45:00,inbound,15.863760217983652,24.0,367.0
2026-03-22 08:00:00,inbound,18.695863746958636,24.0,411.0
2026-03-22 08:15:00,inbound,14.940379403794038,9.0,369.0
2026-03-22 08:30:00,inbound,22.063291139240505,24.0,316.0
2026-03-22 08:45:00,inbound,14.988505747126437,9.0,348.0
2026-03-22 09:00:00,inbound,14.95067264573991,8.0,223.0
2026-03-22 09:15:00,inbound,14.157894736842104,9.0,361.0
2026-03-22 09:30:00,inbound,16.141274238227147,10.0,361.0
2026-03-22 09:45:00,inbound,13.49442379182156,9.0,269.0
2026-03-22 10:00:00,inbound,18.493438320209975,13.0,381.0
2026-03-22 10:15:00,inbound,22.160919540229884,27.0,348.0
2026-03-22 10:30:00,inbound,18.98993963782696,16.0,497.0
2026-03-22 10:45:00,inbound,15.942760942760943,10.0,297.0
2026-03-22 11:00:00,inbound,21.632124352331605,27.0,386.0
2026-03-22 11:15:00,inbound,20.405750798722046,16.0,626.0
2026-03-22 11:30:00,inbound,22.96153846153846,27.0,260.0
2026-03-22 11:45:00,inbound,20.463636363636365,16.0,330.0
2026-03-22 12:00:00,inbound,24.39183673469388,16.0,245.0
2026-03-22 12:15:00,inbound,28.1247311827957,16.0,465.0
2026-03-22 12:30:00,inbound,27.1875,30.0,336.0
2026-03-22 12:45:00,inbound,24.134048257372655,16.0,373.0
2026-03-22 13:00:00,inbound,19.093567251461987,6.0,171.0
2026-03-22 13:15:00,inbound,20.201013513513512,6.0,592.0
2026-03-22 13:30:00,inbound,18.660436137071652,6.0,321.0
2026-03-22 13:45:00,inbound,24.584558823529413,6.0,272.0
2026-03-22 14:00:00,inbound,26.08923076923077,18.0,325.0
2026-03-22 14:15:00,inbound,23.52657004830918,18.0,207.0
2026-03-22 14:30:00,inbound,30.26950354609929,43.0,282.0
2026-03-22 14:45:00,inbound,30.7035175879397,43.0,199.0
2026-03-22 15:00:00,inbound,36.578512396694215,43.0,242.0
2026-03-22 15:15:00,inbound,39.0,32.0,259.0
2026-03-22 15:30:00,inbound,37.56410256410256,43.0,273.0
2026-03-22 15:45:00,inbound,23.37890625,5.0,256.0
2026-03-22 16:00:00,inbound,37.6978021978022,32.0,182.0
2026-03-22 16:15:00,inbound,43.581673306772906,52.0,251.0
2026-03-22 16:30:00,inbound,42.880382775119614,16.0,418.0
2026-03-22 16:45:00,inbound,45.025917926565874,58.0,463.0
2026-03-22 17:00:00,inbound,51.69481765834933,58.0,521.0
2026-03-22 17:15:00,inbound,48.44155844155844,37.0,308.0
2026-03-22 17:30:00,inbound,41.02376237623762,32.0,505.0
2026-03-22 17:45:00,inbound,32.347181008902076,16.0,337.0
2026-03-22 18:00:00,inbound,37.9601593625498,37.0,502.0
2026-03-22 18:15:00,inbound,25.305454545454545,7.0,275.0
2026-03-22 18:30:00,inbound,35.23353293413174,27.0,334.0
2026-03-22 18:45:00,inbound,39.69972451790633,49.0,363.0
2026-03-22 19:00:00,inbound,33.1045197740113,37.0,354.0
2026-03-22 19:15:00,inbound,35.53650793650794,37.0,315.0
2026-03-22 19:30:00,inbound,23.621495327102803,10.0,428.0
2026-03-22 19:45:00,inbound,31.03003003003003,37.0,333.0
2026-03-22 20:00:00,inbound,21.620842572062084,10.0,451.0
2026-03-22 20:15:00,inbound,13.497630331753555,9.0,422.0
2026-03-22 20:30:00,inbound,12.455665024630543,4.0,406.0
2026-03-22 20:45:00,inbound,11.757709251101321,4.0,454.0
2026-03-22 21:00:00,inbound,10.577540106951872,1.0,187.0
2026-03-22 21:15:00,inbound,11.230366492146597,4.0,191.0
2026-03-22 21:30:00,inbound,12.2710027100271,10.0,369.0
2026-03-22 21:45:00,inbound,17.646408839779006,10.0,181.0
2026-03-22 22:00:00,inbound,15.654411764705882,10.0,272.0
2026-03-22 22:15:00,inbound,14.82716049382716,10.0,243.0
2026-03-22 22:30:00,inbound,18.11261261261261,10.0,222.0
2026-03-22 22:45:00,inbound,19.715384615384615,10.0,130.0
2026-03-22 23:00:00,inbound,18.629032258064516,10.0,62.0
2026-03-22 23:15:00,inbound,15.709677419354838,10.0,62.0
2026-03-22 23:30:00,inbound,11.46376811594203,10.0,69.0
2026-03-22 23:45:00,inbound,8.405797101449275,10.0,69.0
2026-03-23 00:00:00,inbound,,,
2026-03-23 00:15:00,inbound,,,
2026-03-23 00:30:00,inbound,,,
2026-03-23 00:45:00,inbound,,,
2026-03-23 01:00:00,inbound,,,
2026-03-23 01:15:00,inbound,,,
2026-03-23 01:30:00,inbound,,,
2026-03-23 01:45:00,inbound,,,
2026-03-23 02:00:00,inbound,,,
2026-03-23 02:15:00,inbound,,,
2026-03-23 02:30:00,inbound,,,
2026-03-23 02:45:00,inbound,1.0,1.0,2.0
2026-03-23 03:00:00,inbound,13.0,13.0,10.0
2026-03-23 03:15:00,inbound,10.777777777777779,13.0,27.0
2026-03-23 03:30:00,inbound,6.023148148148148,6.0,216.0
2026-03-23 03:45:00,inbound,7.09375,6.0,64.0
2026-03-23 04:00:00,inbound,6.044776119402985,6.0,134.0
2026-03-23 04:15:00,inbound,4.55625,5.0,160.0
2026-03-23 04:30:00,inbound,6.061425061425061,6.0,407.0
2026-03-23 04:45:00,inbound,5.133858267716535,6.0,381.0
2026-03-23 05:00:00,inbound,4.668852459016393,1.0,305.0
2026-03-23 05:15:00,inbound,7.2155172413793105,6.0,464.0
2026-03-23 05:30:00,inbound,7.694805194805195,9.0,462.0
2026-03-23 05:45:00,inbound,7.141414141414141,6.0,495.0
2026-03-23 06:00:00,inbound,3.840764331210191,6.0,942.0
2026-03-23 06:15:00,inbound,3.379542395693136,6.0,743.0
2026-03-23 06:30:00,inbound,11.75,7.0,696.0
2026-03-23 06:45:00,inbound,10.51792828685259,6.0,502.0
2026-03-23 07:00:00,inbound,11.192424242424243,9.0,660.0
2026-03-23 07:15:00,inbound,12.691729323308271,9.0,266.0
2026-03-23 07:30:00,inbound,13.586448598130842,9.0,428.0
2026-03-23 07:45:00,inbound,11.777777777777779,9.0,441.0
2026-03-23 08:00:00,inbound,15.36963190184049,9.0,652.0
2026-03-23 08:15:00,inbound,13.514285714285714,9.0,455.0
2026-03-23 08:30:00,inbound,15.120527306967984,9.0,531.0
2026-03-23 08:45:00,inbound,12.037422037422038,9.0,481.0
2026-03-23 09:00:00,inbound,15.251131221719458,12.5,442.0
2026-03-23 09:15:00,inbound,24.4,12.0,395.0
2026-03-23 09:30:00,inbound,20.98263888888889,13.0,288.0
2026-03-23 09:45:00,inbound,19.948,13.0,250.0
2026-03-23 10:00:00,inbound,16.970976253298154,13.0,379.0
2026-03-23 10:15:00,inbound,14.998015873015873,11.0,504.0
2026-03-23 10:30:00,inbound,11.945497630331754,11.0,422.0
2026-03-23 10:45:00,inbound,20.885106382978723,14.0,235.0
2026-03-23 11:00:00,inbound,34.69957081545064,19.0,233.0
2026-03-23 11:15:00,inbound,30.587962962962962,14.0,432.0
2026-03-23 11:30:00,inbound,31.601910828025478,24.0,314.0
2026-03-23 11:45:00,inbound,23.694594594594594,19.0,370.0
2026-03-23 12:00:00,inbound,28.607329842931936,24.0,191.0
2026-03-23 12:15:00,inbound,26.541379310344826,24.0,290.0
2026-03-23 12:30:00,inbound,23.418181818181818,19.0,275.0
2026-03-23 12:45:00,inbound,19.841409691629956,19.0,227.0
2026-03-23 13:00:00,inbound,20.523364485981308,19.0,321.0
2026-03-23 13:15:00,inbound,15.06578947368421,14.0,380.0
2026-03-23 13:30:00,inbound,22.75,23.0,240.0
2026-03-23 13:45:00,inbound,16.749244712990937,14.0,331.0
2026-03-23 14:00:00,inbound,20.60576923076923,14.0,312.0
2026-03-23 14:15:00,inbound,17.223684210526315,14.0,304.0
2026-03-23 14:30:00,inbound,17.45876288659794,12.0,388.0
2026-03-23 14:45:00,inbound,19.741641337386017,13.0,329.0
2026-03-23 15:00:00,inbound,21.417142857142856,14.0,175.0
2026-03-23 15:15:00,inbound,16.69341563786008,13.0,486.0
2026-03-23 15:30:00,inbound,17.087096774193547,14.0,310.0
2026-03-23 15:45:00,inbound,17.051502145922747,14.0,466.0
2026-03-23 16:00:00,inbound,14.407894736842104,13.0,456.0
2026-03-23 16:15:00,inbound,15.552147239263803,13.0,326.0
2026-03-23 16:30:00,inbound,12.851851851851851,10.5,540.0
2026-03-23 16:45:00,inbound,11.92967032967033,8.0,455.0
2026-03-23 17:00:00,inbound,11.556016597510373,13.0,482.0
2026-03-23 17:15:00,inbound,9.809734513274336,8.0,452.0
2026-03-23 17:30:00,inbound,9.734234234234235,4.0,222.0
2026-03-23 17:45:00,inbound,8.034782608695652,4.0,115.0
2026-03-23 18:00:00,inbound,11.243478260869566,13.0,230.0
2026-03-23 18:15:00,inbound,11.77366255144033,13.0,243.0
2026-03-23 18:30:00,inbound,9.979498861047835,8.0,439.0
2026-03-23 18:45:00,inbound,15.310344827586206,13.0,290.0
2026-03-23 19:00:00,inbound,14.405128205128205,8.0,390.0
2026-03-23 19:15:00,inbound,9.637540453074434,8.0,618.0
2026-03-23 19:30:00,inbound,10.308235294117647,7.0,425.0
2026-03-23 19:45:00,inbound,10.90047393364929,8.0,422.0
2026-03-23 20:00:00,inbound,10.850574712643677,8.0,435.0
2026-03-23 20:15:00,inbound,13.554924242424242,8.0,528.0
2026-03-23 20:30:00,inbound,14.925816023738873,10.0,337.0
2026-03-23 20:45:00,inbound,13.342494714587739,8.0,473.0
2026-03-23 21:00:00,inbound,14.57979797979798,8.0,495.0
2026-03-23 21:15:00,inbound,16.123028391167193,8.0,317.0
2026-03-23 21:30:00,inbound,14.101895734597157,8.0,422.0
2026-03-23 21:45:00,inbound,10.46808510638298,8.0,329.0
2026-03-23 22:00:00,inbound,9.205479452054794,3.0,292.0
2026-03-23 22:15:00,inbound,16.025641025641026,8.0,195.0
2026-03-23 22:30:00,inbound,15.36322869955157,8.0,223.0
2026-03-23 22:45:00,inbound,13.22,2.0,100.0
2026-03-23 23:00:00,inbound,15.661764705882353,2.0,68.0
2026-03-23 23:15:00,inbound,19.0,2.0,31.0
2026-03-23 23:30:00,inbound,27.333333333333332,40.0,6.0
2026-03-23 23:45:00,inbound,9.0,9.0,23.0
2026-03-24 00:00:00,inbound,,,
2026-03-24 00:15:00,inbound,,,
2026-03-24 00:30:00,inbound,,,
2026-03-24 00:45:00,inbound,,,
2026-03-24 01:00:00,inbound,,,
2026-03-24 01:15:00,inbound,,,
2026-03-24 01:30:00,inbound,,,
2026-03-24 01:45:00,inbound,,,
2026-03-24 02:00:00,inbound,,,
2026-03-24 02:15:00,inbound,,,
2026-03-24 02:30:00,inbound,10.0,10.0,30.0
2026-03-24 02:45:00,inbound,,,
2026-03-24 03:00:00,inbound,12.5,11.0,40.0
2026-03-24 03:15:00,inbound,10.0,10.0,58.0
2026-03-24 03:30:00,inbound,12.268292682926829,8.0,164.0
2026-03-24 03:45:00,inbound,9.791044776119403,8.0,134.0
2026-03-24 04:00:00,inbound,6.785714285714286,8.0,56.0
2026-03-24 04:15:00,inbound,15.79940119760479,15.5,334.0
2026-03-24 04:30:00,inbound,11.867313915857606,8.0,618.0
2026-03-24 04:45:00,inbound,10.182741116751268,8.0,394.0
2026-03-24 05:00:00,inbound,12.860355029585799,9.0,1690.0
2026-03-24 05:15:00,inbound,12.881226053639846,14.0,1044.0
2026-03-24 05:30:00,inbound,11.522935779816514,8.0,872.0
2026-03-24 05:45:00,inbound,10.446841294298922,8.0,1298.0
2026-03-24 06:00:00,inbound,12.469269102990033,8.0,1204.0
2026-03-24 06:15:00,inbound,11.798850574712644,8.0,1044.0
2026-03-24 06:30:00,inbound,15.018292682926829,11.0,984.0
2026-03-24 06:45:00,inbound,12.733091787439614,9.0,828.0
2026-03-24 07:00:00,inbound,14.836678832116789,12.0,1096.0
2026-03-24 07:15:00,inbound,14.734347048300537,11.0,1118.0
2026-03-24 07:30:00,inbound,15.895045632333767,11.0,1534.0
2026-03-24 07:45:00,inbound,15.514893617021277,11.0,940.0
2026-03-24 08:00:00,inbound,14.4275,8.0,800.0
2026-03-24 08:15:00,inbound,17.443914081145586,17.0,838.0
2026-03-24 08:30:00,inbound,13.231132075471699,8.0,636.0
2026-03-24 08:45:00,inbound,17.364406779661017,16.0,826.0
2026-03-24 09:00:00,inbound,21.308734939759034,17.0,664.0
2026-03-24 09:15:00,inbound,22.759643916913948,19.0,674.0
2026-03-24 09:30:00,inbound,19.60655737704918,18.0,732.0
2026-03-24 09:45:00,inbound,23.916666666666668,21.5,540.0
2026-03-24 10:00:00,inbound,20.03191489361702,18.0,752.0
2026-03-24 10:15:00,inbound,17.036619718309858,16.0,710.0
2026-03-24 10:30:00,inbound,17.88877551020408,16.0,980.0
2026-03-24 10:45:00,inbound,18.278735632183906,18.0,348.0
2026-03-24 11:00:00,inbound,13.387573964497042,14.0,338.0
2026-03-24 11:15:00,inbound,13.459016393442623,7.0,610.0
2026-03-24 11:30:00,inbound,14.914965986394558,8.0,588.0
2026-03-24 11:45:00,inbound,12.278625954198473,8.0,262.0
2026-03-24 12:00:00,inbound,19.1075,17.0,800.0
2026-03-24 12:15:00,inbound,19.403389830508473,22.0,590.0
2026-03-24 12:30:00,inbound,21.711382113821138,22.0,738.0
2026-03-24 12:45:00,inbound,21.75,22.0,896.0
2026-03-24 13:00:00,inbound,17.730379746835442,14.0,790.0
2026-03-24 13:15:00,inbound,24.4875,25.0,720.0
2026-03-24 13:30:00,inbound,20.1437802907916,17.0,1238.0
2026-03-24 13:45:00,inbound,23.759036144578314,23.0,166.0
2026-03-24 14:00:00,inbound,18.051369863013697,17.0,584.0
2026-03-24 14:15:00,inbound,19.02542372881356,19.0,472.0
2026-03-24 14:30:00,inbound,16.63048245614035,14.0,912.0
2026-03-24 14:45:00,inbound,18.12775330396476,17.0,454.0
2026-03-24 15:00:00,inbound,16.275,12.5,920.0
2026-03-24 15:15:00,inbound,18.835164835164836,13.0,546.0
2026-03-24 15:30:00,inbound,22.596698113207548,16.0,848.0
2026-03-24 15:45:00,inbound,21.691717791411044,17.0,652.0
2026-03-24 16:00:00,inbound,22.291193181818183,17.0,704.0
2026-03-24 16:15:00,inbound,22.444625407166125,16.0,614.0
2026-03-24 16:30:00,inbound,18.748917748917748,13.0,462.0
2026-03-24 16:45:00,inbound,18.10169491525424,14.0,708.0
2026-03-24 17:00:00,inbound,10.761904761904763,12.0,336.0
2026-03-24 17:15:00,inbound,16.136194029850746,12.0,536.0
2026-03-24 17:30:00,inbound,22.928308823529413,22.0,544.0
2026-03-24 17:45:00,inbound,14.95673076923077,13.0,624.0
2026-03-24 18:00:00,inbound,17.06279069767442,14.0,430.0
2026-03-24 18:15:00,inbound,15.717131474103585,14.0,502.0
2026-03-24 18:30:00,inbound,20.011479591836736,14.0,784.0
2026-03-24 18:45:00,inbound,25.025210084033613,22.0,476.0
2026-03-24 19:00:00,inbound,27.521035598705502,27.0,618.0
2026-03-24 19:15:00,inbound,33.390577507598785,35.0,658.0
2026-03-24 19:30:00,inbound,33.41528925619835,34.0,484.0
2026-03-24 19:45:00,inbound,26.797268907563026,27.0,952.0
2026-03-24 20:00:00,inbound,25.384718498659517,25.0,746.0
2026-03-24 20:15:00,inbound,22.045283018867924,12.0,530.0
2026-03-24 20:30:00,inbound,19.595238095238095,12.0,756.0
2026-03-24 20:45:00,inbound,16.875,12.0,528.0
2026-03-24 21:00:00,inbound,18.823333333333334,11.0,600.0
2026-03-24 21:15:00,inbound,18.28745644599303,11.0,574.0
2026-03-24 21:30:00,inbound,12.234375,10.0,512.0
2026-03-24 21:45:00,inbound,16.315934065934066,10.0,364.0
2026-03-24 22:00:00,inbound,13.657534246575343,11.0,584.0
2026-03-24 22:15:00,inbound,20.1021897810219,14.0,274.0
2026-03-24 22:30:00,inbound,20.560185185185187,15.0,432.0
2026-03-24 22:45:00,inbound,21.81423611111111,17.0,576.0
2026-03-24 23:00:00,inbound,21.637889688249402,17.0,417.0
2026-03-24 23:15:00,inbound,19.993212669683256,17.0,442.0
2026-03-24 23:30:00,inbound,21.53937007874016,18.0,254.0
2026-03-24 23:45:00,inbound,18.09375,16.0,192.0
2026-03-25 00:00:00,inbound,,,
2026-03-25 00:15:00,inbound,,,
2026-03-25 00:30:00,inbound,,,
2026-03-25 00:45:00,inbound,,,
2026-03-25 01:00:00,inbound,,,
2026-03-25 01:15:00,inbound,,,
2026-03-25 01:30:00,inbound,,,
2026-03-25 01:45:00,inbound,,,
2026-03-25 02:00:00,inbound,,,
2026-03-25 02:15:00,inbound,,,
2026-03-25 02:30:00,inbound,,,
2026-03-25 02:45:00,inbound,14.0,14.0,10.0
2026-03-25 03:00:00,inbound,14.909090909090908,14.0,44.0
2026-03-25 03:15:00,inbound,,,
2026-03-25 03:30:00,inbound,3.3333333333333335,2.0,9.0
2026-03-25 03:45:00,inbound,4.0,2.0,12.0
2026-03-25 04:00:00,inbound,12.4,14.0,70.0
2026-03-25 04:15:00,inbound,10.363636363636363,8.0,66.0
2026-03-25 04:30:00,inbound,8.4251968503937,14.0,127.0
2026-03-25 04:45:00,inbound,11.220588235294118,14.0,272.0
2026-03-25 05:00:00,inbound,13.149305555555555,14.0,288.0
2026-03-25 05:15:00,inbound,9.03476482617587,14.0,489.0
2026-03-25 05:30:00,inbound,11.234927234927236,14.0,481.0
2026-03-25 05:45:00,inbound,8.94589552238806,5.0,536.0
2026-03-25 06:00:00,inbound,8.48503937007874,6.0,635.0
2026-03-25 06:15:00,inbound,7.740079365079365,5.0,504.0
2026-03-25 06:30:00,inbound,9.055335968379447,9.0,506.0
2026-03-25 06:45:00,inbound,11.473551637279597,9.0,397.0
2026-03-25 07:00:00,inbound,13.86158631415241,9.0,643.0
2026-03-25 07:15:00,inbound,15.168067226890756,15.0,357.0
2026-03-25 07:30:00,inbound,19.877461706783368,18.0,457.0
2026-03-25 07:45:00,inbound,15.211267605633802,9.0,568.0
2026-03-25 08:00:00,inbound,14.298657718120806,13.0,298.0
2026-03-25 08:15:00,inbound,20.867078825347757,23.0,647.0
2026-03-25 08:30:00,inbound,17.370481927710845,15.0,664.0
2026-03-25 08:45:00,inbound,18.444444444444443,15.0,405.0
2026-03-25 09:00:00,inbound,24.239884393063583,15.0,346.0
2026-03-25 09:15:00,inbound,23.13872832369942,19.0,346.0
2026-03-25 09:30:00,inbound,20.990291262135923,16.0,412.0
2026-03-25 09:45:00,inbound,21.103658536585368,16.0,328.0
2026-03-25 10:00:00,inbound,17.319654427645787,13.0,463.0
2026-03-25 10:15:00,inbound,18.071090047393366,13.0,211.0
2026-03-25 10:30:00,inbound,16.626038781163434,19.0,361.0
2026-03-25 10:45:00,inbound,12.054054054054054,10.0,333.0
2026-03-25 11:00:00,inbound,13.198966408268733,10.0,387.0
2026-03-25 11:15:00,inbound,12.105454545454545,8.0,275.0
2026-03-25 11:30:00,inbound,13.702233250620347,10.0,403.0
2026-03-25 11:45:00,inbound,14.426778242677825,10.0,239.0
2026-03-25 12:00:00,inbound,17.301298701298702,23.0,385.0
2026-03-25 12:15:00,inbound,15.87593984962406,10.0,266.0
2026-03-25 12:30:00,inbound,15.008928571428571,10.0,224.0
2026-03-25 12:45:00,inbound,13.647058823529411,14.0,408.0
2026-03-25 13:00:00,inbound,14.69603524229075,14.0,227.0
2026-03-25 13:15:00,inbound,11.682403433476395,5.0,233.0
2026-03-25 13:30:00,inbound,15.454849498327759,14.0,598.0
2026-03-25 13:45:00,inbound,15.265151515151516,14.0,396.0
2026-03-25 14:00:00,inbound,14.362850971922246,13.0,463.0
2026-03-25 14:15:00,inbound,15.253333333333334,18.0,300.0
2026-03-25 14:30:00,inbound,16.42072213500785,18.0,637.0
2026-03-25 14:45:00,inbound,16.069135802469138,16.0,405.0
2026-03-25 15:00:00,inbound,19.086309523809526,18.0,336.0
2026-03-25 15:15:00,inbound,21.236486486486488,18.0,296.0
2026-03-25 15:30:00,inbound,20.330578512396695,17.0,242.0
2026-03-25 15:45:00,inbound,24.129032258064516,18.0,186.0
2026-03-25 16:00:00,inbound,24.04705882352941,17.0,170.0
2026-03-25 16:15:00,inbound,23.53174603174603,17.0,126.0
2026-03-25 16:30:00,inbound,16.67924528301887,14.0,212.0
2026-03-25 16:45:00,inbound,19.004310344827587,14.0,232.0
2026-03-25 17:00:00,inbound,20.626506024096386,16.0,249.0
2026-03-25 17:15:00,inbound,19.376425855513308,16.0,263.0
2026-03-25 17:30:00,inbound,20.318548387096776,16.0,248.0
2026-03-25 17:45:00,inbound,17.07296137339056,14.0,233.0
2026-03-25 18:00:00,inbound,16.71212121212121,12.0,396.0
2026-03-25 18:15:00,inbound,19.46749226006192,14.0,323.0
2026-03-25 18:30:00,inbound,17.133333333333333,14.0,285.0
2026-03-25 18:45:00,inbound,13.647727272727273,14.0,88.0
2026-03-25 19:00:00,inbound,16.15021459227468,11.0,233.0
2026-03-25 19:15:00,inbound,17.15890410958904,9.0,365.0
2026-03-25 19:30:00,inbound,18.450581395348838,11.0,344.0
2026-03-25 19:45:00,inbound,18.92269326683292,18.0,401.0
2026-03-25 20:00:00,inbound,22.934782608695652,25.0,414.0
2026-03-25 20:15:00,inbound,18.241217798594846,14.0,427.0
2026-03-25 20:30:00,inbound,17.593856655290104,12.0,293.0
2026-03-25 20:45:00,inbound,14.612903225806452,12.0,279.0
2026-03-25 21:00:00,inbound,15.901818181818182,16.0,275.0
2026-03-25 21:15:00,inbound,12.608540925266905,12.0,281.0
2026-03-25 21:30:00,inbound,16.192307692307693,12.0,234.0
2026-03-25 21:45:00,inbound,18.070093457943926,15.0,214.0
2026-03-25 22:00:00,inbound,17.642105263157895,15.0,190.0
2026-03-25 22:15:00,inbound,19.435714285714287,15.0,140.0
2026-03-25 22:30:00,inbound,20.605263157894736,15.0,76.0
2026-03-25 22:45:00,inbound,15.904761904761905,16.0,84.0
2026-03-25 23:00:00,inbound,17.85,18.0,40.0
2026-03-25 23:15:00,inbound,16.88235294117647,16.0,34.0
2026-03-25 23:30:00,inbound,16.482758620689655,16.0,58.0
2026-03-25 23:45:00,inbound,16.0,16.0,24.0
2026-03-26 00:00:00,inbound,,,
2026-03-26 00:15:00,inbound,,,
2026-03-26 00:30:00,inbound,,,
2026-03-26 00:45:00,inbound,,,
2026-03-26 01:00:00,inbound,,,
2026-03-26 01:15:00,inbound,,,
2026-03-26 01:30:00,inbound,,,
2026-03-26 01:45:00,inbound,,,
2026-03-26 02:00:00,inbound,,,
2026-03-26 02:15:00,inbound,,,
2026-03-26 02:30:00,inbound,,,
2026-03-26 02:45:00,inbound,,,
2026-03-26 03:00:00,inbound,,,
2026-03-26 03:15:00,inbound,,,
2026-03-26 03:30:00,inbound,26.29310344827586,22.0,58.0
2026-03-26 03:45:00,inbound,14.714285714285714,11.0,56.0
2026-03-26 04:00:00,inbound,18.813725490196077,17.0,102.0
2026-03-26 04:15:00,inbound,13.15625,10.0,192.0
2026-03-26 04:30:00,inbound,11.681372549019608,10.0,204.0
2026-03-26 04:45:00,inbound,15.147321428571429,11.0,224.0
2026-03-26 05:00:00,inbound,14.957446808510639,11.0,282.0
2026-03-26 05:15:00,inbound,14.62,11.0,600.0
2026-03-26 05:30:00,inbound,15.806759098786829,11.0,1154.0
2026-03-26 05:45:00,inbound,15.481264637002342,11.0,854.0
2026-03-26 06:00:00,inbound,18.717138103161396,17.0,1202.0
2026-03-26 06:15:00,inbound,16.507022471910112,17.0,712.0
2026-03-26 06:30:00,inbound,20.051020408163264,19.5,784.0
2026-03-26 06:45:00,inbound,18.099109131403118,17.0,898.0
2026-03-26 07:00:00,inbound,20.1875,24.0,800.0
2026-03-26 07:15:00,inbound,18.98130277442702,18.0,1658.0
2026-03-26 07:30:00,inbound,18.9254617414248,17.0,1516.0
2026-03-26 07:45:00,inbound,20.42105263157895,18.0,1140.0
2026-03-26 08:00:00,inbound,20.525959367945823,18.0,886.0
2026-03-26 08:15:00,inbound,19.347902097902097,17.0,572.0
2026-03-26 08:30:00,inbound,20.785911602209946,21.0,724.0
2026-03-26 08:45:00,inbound,24.33712121212121,23.0,528.0
2026-03-26 09:00:00,inbound,24.07700205338809,25.0,974.0
2026-03-26 09:15:00,inbound,18.97241379310345,17.0,580.0
2026-03-26 09:30:00,inbound,19.243548387096773,23.0,620.0
2026-03-26 09:45:00,inbound,29.794964028776977,32.0,556.0
2026-03-26 10:00:00,inbound,30.26909090909091,27.0,550.0
2026-03-26 10:15:00,inbound,26.508810572687224,26.0,908.0
2026-03-26 10:30:00,inbound,24.73153409090909,26.0,704.0
2026-03-26 10:45:00,inbound,25.61304347826087,27.0,690.0
2026-03-26 11:00:00,inbound,25.39093137254902,26.0,816.0
2026-03-26 11:15:00,inbound,27.325503355704697,27.0,596.0
2026-03-26 11:30:00,inbound,29.624615384615385,27.0,650.0
2026-03-26 11:45:00,inbound,28.4873417721519,25.5,474.0
2026-03-26 12:00:00,inbound,27.07669616519174,26.0,678.0
2026-03-26 12:15:00,inbound,26.67192429022082,26.0,634.0
2026-03-26 12:30:00,inbound,22.79090909090909,21.0,550.0
2026-03-26 12:45:00,inbound,23.523474178403756,23.0,426.0
2026-03-26 13:00:00,inbound,23.70762711864407,18.0,472.0
2026-03-26 13:15:00,inbound,18.550324675324674,13.0,616.0
2026-03-26 13:30:00,inbound,20.42910447761194,13.0,1072.0
2026-03-26 13:45:00,inbound,18.399416909620992,12.0,686.0
2026-03-26 14:00:00,inbound,18.72052401746725,12.0,458.0
2026-03-26 14:15:00,inbound,23.656474820143885,21.0,556.0
2026-03-26 14:30:00,inbound,23.403776978417266,23.0,1112.0
2026-03-26 14:45:00,inbound,22.845386533665835,23.0,802.0
2026-03-26 15:00:00,inbound,21.085135135135136,15.0,740.0
2026-03-26 15:15:00,inbound,20.129787234042553,15.0,470.0
2026-03-26 15:30:00,inbound,19.15544871794872,18.0,624.0
2026-03-26 15:45:00,inbound,22.454198473282442,20.0,786.0
2026-03-26 16:00:00,inbound,21.872628726287264,20.0,738.0
2026-03-26 16:15:00,inbound,20.834916864608076,18.0,842.0
2026-03-26 16:30:00,inbound,14.826251896813353,13.0,1318.0
2026-03-26 16:45:00,inbound,16.34090909090909,16.0,1144.0
2026-03-26 17:00:00,inbound,21.859011627906977,18.0,688.0
2026-03-26 17:15:00,inbound,20.1272040302267,16.0,794.0
2026-03-26 17:30:00,inbound,17.304582210242586,14.5,742.0
2026-03-26 17:45:00,inbound,22.37142857142857,19.0,1050.0
2026-03-26 18:00:00,inbound,17.469298245614034,14.0,456.0
2026-03-26 18:15:00,inbound,41.37337662337662,22.0,616.0
2026-03-26 18:30:00,inbound,15.058695652173913,14.0,460.0
2026-03-26 18:45:00,inbound,28.866580310880828,19.0,772.0
2026-03-26 19:00:00,inbound,32.78191489361702,19.0,564.0
2026-03-26 19:15:00,inbound,27.768482490272373,21.0,514.0
2026-03-26 19:30:00,inbound,36.69949494949495,21.0,1188.0
2026-03-26 19:45:00,inbound,40.80350877192983,29.0,570.0
2026-03-26 20:00:00,inbound,41.681901279707496,20.0,1094.0
2026-03-26 20:15:00,inbound,38.43809523809524,24.0,840.0
2026-03-26 20:30:00,inbound,43.14330218068536,29.0,642.0
2026-03-26 20:45:00,inbound,32.75961538461539,19.0,728.0
2026-03-26 21:00:00,inbound,45.049180327868854,41.0,610.0
2026-03-26 21:15:00,inbound,40.52471482889734,24.0,526.0
2026-03-26 21:30:00,inbound,40.19827586206897,24.0,464.0
2026-03-26 21:45:00,inbound,21.910869565217393,19.0,460.0
2026-03-26 22:00:00,inbound,19.217838765008576,24.0,583.0
2026-03-26 22:15:00,inbound,27.349765258215964,26.0,426.0
2026-03-26 22:30:00,inbound,5.972299168975069,17.0,722.0
2026-03-26 22:45:00,inbound,-0.46120689655172414,2.0,464.0
2026-03-26 23:00:00,inbound,-3.966887417218543,2.0,302.0
2026-03-26 23:15:00,inbound,9.403846153846153,26.0,156.0
2026-03-26 23:30:00,inbound,-6.745901639344262,2.0,122.0
2026-03-26 23:45:00,inbound,-7.696551724137931,2.0,145.0
2026-03-27 00:00:00,inbound,,,
2026-03-27 00:15:00,inbound,,,
2026-03-27 00:30:00,inbound,,,
2026-03-27 00:45:00,inbound,,,
2026-03-27 01:00:00,inbound,,,
2026-03-27 01:15:00,inbound,,,
2026-03-27 01:30:00,inbound,,,
2026-03-27 01:45:00,inbound,,,
2026-03-27 02:00:00,inbound,,,
2026-03-27 02:15:00,inbound,,,
2026-03-27 02:30:00,inbound,,,
2026-03-27 02:45:00,inbound,24.0,24.0,10.0
2026-03-27 03:00:00,inbound,16.2,11.0,5.0
2026-03-27 03:15:00,inbound,18.548387096774192,24.0,31.0
2026-03-27 03:30:00,inbound,21.5,24.0,78.0
2026-03-27 03:45:00,inbound,16.31782945736434,11.0,129.0
2026-03-27 04:00:00,inbound,14.981549815498155,11.0,271.0
2026-03-27 04:15:00,inbound,15.366666666666667,11.0,150.0
2026-03-27 04:30:00,inbound,17.61946902654867,24.0,226.0
2026-03-27 04:45:00,inbound,17.646067415730336,22.0,178.0
2026-03-27 05:00:00,inbound,16.072512647554806,11.0,593.0
2026-03-27 05:15:00,inbound,15.80110497237569,11.0,362.0
2026-03-27 05:30:00,inbound,13.278612716763005,11.0,865.0
2026-03-27 05:45:00,inbound,14.013355592654424,11.0,599.0
2026-03-27 06:00:00,inbound,14.155778894472363,11.0,796.0
2026-03-27 06:15:00,inbound,14.206128133704736,11.0,718.0
2026-03-27 06:30:00,inbound,17.71981242672919,17.0,853.0
2026-03-27 06:45:00,inbound,15.45242718446602,12.0,515.0
2026-03-27 07:00:00,inbound,17.054014598540146,12.0,685.0
2026-03-27 07:15:00,inbound,15.367469879518072,12.0,664.0
2026-03-27 07:30:00,inbound,17.66582278481013,17.0,790.0
2026-03-27 07:45:00,inbound,19.181318681318682,17.0,910.0
2026-03-27 08:00:00,inbound,20.11156462585034,17.0,735.0
2026-03-27 08:15:00,inbound,20.555808656036447,17.0,439.0
2026-03-27 08:30:00,inbound,21.944228274967575,18.0,771.0
2026-03-27 08:45:00,inbound,26.854430379746834,26.0,474.0
2026-03-27 09:00:00,inbound,28.053627760252365,32.0,634.0
2026-03-27 09:15:00,inbound,26.061002178649236,26.0,459.0
2026-03-27 09:30:00,inbound,25.80907372400756,26.0,529.0
2026-03-27 09:45:00,inbound,23.00289435600579,23.0,691.0
2026-03-27 10:00:00,inbound,24.806324110671937,26.0,506.0
2026-03-27 10:15:00,inbound,23.906028368794328,25.0,564.0
2026-03-27 10:30:00,inbound,23.640750670241285,27.0,373.0
2026-03-27 10:45:00,inbound,16.866251944012443,14.0,643.0
2026-03-27 11:00:00,inbound,25.547094188376754,18.0,499.0
2026-03-27 11:15:00,inbound,24.66566265060241,14.0,332.0
2026-03-27 11:30:00,inbound,26.65671641791045,18.0,469.0
2026-03-27 11:45:00,inbound,18.844327176781004,14.0,379.0
2026-03-27 12:00:00,inbound,24.35103244837758,15.0,339.0
2026-03-27 12:15:00,inbound,21.97399527186761,14.0,423.0
2026-03-27 12:30:00,inbound,20.496478873239436,15.0,568.0
2026-03-27 12:45:00,inbound,17.512562814070353,15.0,597.0
2026-03-27 13:00:00,inbound,19.921985815602838,15.0,423.0
2026-03-27 13:15:00,inbound,23.874074074074073,16.5,270.0
2026-03-27 13:30:00,inbound,26.139059304703476,15.0,489.0
2026-03-27 13:45:00,inbound,25.911894273127754,15.0,227.0
2026-03-27 14:00:00,inbound,20.98076923076923,11.0,312.0
2026-03-27 14:15:00,inbound,19.49767441860465,11.0,215.0
2026-03-27 14:30:00,inbound,17.93979933110368,11.0,299.0
2026-03-27 14:45:00,inbound,19.8014440433213,11.0,277.0
2026-03-27 15:00:00,inbound,19.13651877133106,11.0,293.0
2026-03-27 15:15:00,inbound,15.696682464454977,10.0,211.0
2026-03-27 15:30:00,inbound,28.676136363636363,27.0,176.0
2026-03-27 15:45:00,inbound,29.672185430463575,27.0,302.0
2026-03-27 16:00:00,inbound,23.648076923076925,22.0,520.0
2026-03-27 16:15:00,inbound,24.431192660550458,10.0,109.0
2026-03-27 16:30:00,inbound,18.385915492957746,11.0,710.0
2026-03-27 16:45:00,inbound,28.92063492063492,27.0,441.0
2026-03-27 17:00:00,inbound,16.795454545454547,10.5,176.0
2026-03-27 17:15:00,inbound,30.607142857142858,22.0,196.0
2026-03-27 17:30:00,inbound,25.578595317725753,11.0,598.0
2026-03-27 17:45:00,inbound,15.976923076923077,10.0,260.0
2026-03-27 18:00:00,inbound,37.30523255813954,10.5,344.0
2026-03-27 18:15:00,inbound,25.494456762749447,9.0,451.0
2026-03-27 18:30:00,inbound,27.681647940074907,11.0,534.0
2026-03-27 18:45:00,inbound,32.22615803814714,11.0,367.0
2026-03-27 19:00:00,inbound,25.03235294117647,11.0,340.0
2026-03-27 19:15:00,inbound,36.704109589041096,26.0,365.0
2026-03-27 19:30:00,inbound,41.727659574468085,42.0,235.0
2026-03-27 19:45:00,inbound,45.33166666666666,33.0,600.0
2026-03-27 20:00:00,inbound,39.915789473684214,26.0,570.0
2026-03-27 20:15:00,inbound,37.98848368522073,26.0,521.0
2026-03-27 20:30:00,inbound,36.15060240963855,26.0,332.0
2026-03-27 20:45:00,inbound,24.41444866920152,24.0,263.0
2026-03-27 21:00:00,inbound,34.200716845878134,26.0,279.0
2026-03-27 21:15:00,inbound,29.522900763358777,24.0,262.0
2026-03-27 21:30:00,inbound,31.297752808988765,24.0,356.0
2026-03-27 21:45:00,inbound,39.975806451612904,41.0,124.0
2026-03-27 22:00:00,inbound,34.45652173913044,26.0,184.0
2026-03-27 22:15:00,inbound,39.276315789473685,42.0,152.0
2026-03-27 22:30:00,inbound,41.01129943502825,41.0,177.0
2026-03-27 22:45:00,inbound,36.765853658536585,41.0,205.0
2026-03-27 23:00:00,inbound,37.470588235294116,26.0,68.0
2026-03-27 23:15:00,inbound,26.337662337662337,26.0,77.0
2026-03-27 23:30:00,inbound,30.48913043478261,41.0,92.0
2026-03-27 23:45:00,inbound,25.705882352941178,41.0,51.0
2026-03-28 00:00:00,inbound,,,
2026-03-28 00:15:00,inbound,,,
2026-03-28 00:30:00,inbound,,,
2026-03-28 00:45:00,inbound,,,
2026-03-28 01:00:00,inbound,,,
2026-03-28 01:15:00,inbound,,,
2026-03-28 01:30:00,inbound,,,
2026-03-28 01:45:00,inbound,,,
2026-03-28 02:00:00,inbound,,,
2026-03-28 02:15:00,inbound,,,
2026-03-28 02:30:00,inbound,,,
2026-03-28 02:45:00,inbound,5.5,5.5,12.0
2026-03-28 03:00:00,inbound,5.5,5.5,24.0
2026-03-28 03:15:00,inbound,5.5,5.5,2.0
2026-03-28 03:30:00,inbound,5.5,5.5,32.0
2026-03-28 03:45:00,inbound,7.630952380952381,7.0,84.0
2026-03-28 04:00:00,inbound,9.157894736842104,7.0,152.0
2026-03-28 04:15:00,inbound,5.9375,7.0,64.0
2026-03-28 04:30:00,inbound,9.131578947368421,7.0,152.0
2026-03-28 04:45:00,inbound,8.861209964412812,7.0,562.0
2026-03-28 05:00:00,inbound,8.059386973180077,7.0,522.0
2026-03-28 05:15:00,inbound,6.870466321243524,7.0,386.0
2026-03-28 05:30:00,inbound,7.463855421686747,7.0,166.0
2026-03-28 05:45:00,inbound,9.68287037037037,7.0,432.0
2026-03-28 06:00:00,inbound,12.33469387755102,14.0,490.0
2026-03-28 06:15:00,inbound,9.448275862068966,8.0,406.0
2026-03-28 06:30:00,inbound,15.93231046931408,15.0,1108.0
2026-03-28 06:45:00,inbound,15.975862068965517,14.0,870.0
2026-03-28 07:00:00,inbound,15.178879310344827,15.0,928.0
2026-03-28 07:15:00,inbound,17.937621832358673,15.0,1026.0
2026-03-28 07:30:00,inbound,21.238826815642458,20.0,716.0
2026-03-28 07:45:00,inbound,20.733333333333334,20.0,420.0
2026-03-28 08:00:00,inbound,22.394052044609666,23.5,1076.0
2026-03-28 08:15:00,inbound,21.900630914826497,23.0,634.0
2026-03-28 08:30:00,inbound,21.688931297709924,23.0,524.0
2026-03-28 08:45:00,inbound,22.216019417475728,25.0,412.0
2026-03-28 09:00:00,inbound,18.054794520547944,21.0,584.0
2026-03-28 09:15:00,inbound,19.233716475095786,21.0,1044.0
2026-03-28 09:30:00,inbound,17.26984126984127,16.0,756.0
2026-03-28 09:45:00,inbound,19.037587412587413,21.0,1144.0
2026-03-28 10:00:00,inbound,18.20695652173913,20.0,1150.0
2026-03-28 10:15:00,inbound,17.931477516059957,18.0,934.0
2026-03-28 10:30:00,inbound,18.412820512820513,21.0,780.0
2026-03-28 10:45:00,inbound,19.136524822695037,21.0,564.0
2026-03-28 11:00:00,inbound,16.313194444444445,13.0,1440.0
2026-03-28 11:15:00,inbound,15.583090379008746,12.0,686.0
2026-03-28 11:30:00,inbound,20.274193548387096,16.0,372.0
2026-03-28 11:45:00,inbound,12.476470588235294,9.0,680.0
2026-03-28 12:00:00,inbound,15.464419475655431,10.0,534.0
2026-03-28 12:15:00,inbound,8.400990099009901,7.0,404.0
2026-03-28 12:30:00,inbound,11.39877300613497,8.0,326.0
2026-03-28 12:45:00,inbound,14.144776119402986,8.0,670.0
2026-03-28 13:00:00,inbound,23.34688995215311,13.0,836.0
2026-03-28 13:15:00,inbound,21.296610169491526,12.0,472.0
2026-03-28 13:30:00,inbound,25.400630914826497,22.0,634.0
2026-03-28 13:45:00,inbound,19.695167286245354,9.0,1076.0
2026-03-28 14:00:00,inbound,23.920612813370475,13.0,718.0
2026-03-28 14:15:00,inbound,18.173633440514468,9.0,622.0
2026-03-28 14:30:00,inbound,17.920289855072465,10.0,552.0
2026-03-28 14:45:00,inbound,13.46860465116279,7.0,860.0
2026-03-28 15:00:00,inbound,22.18435754189944,10.0,716.0
2026-03-28 15:15:00,inbound,16.714285714285715,9.0,742.0
2026-03-28 15:30:00,inbound,20.53994082840237,10.0,676.0
2026-03-28 15:45:00,inbound,23.301369863013697,13.0,584.0
2026-03-28 16:00:00,inbound,23.28860294117647,13.0,544.0
2026-03-28 16:15:00,inbound,19.45267489711934,10.0,486.0
2026-03-28 16:30:00,inbound,19.56353591160221,10.0,1086.0
2026-03-28 16:45:00,inbound,20.526162790697676,13.0,688.0
2026-03-28 17:00:00,inbound,21.93421052631579,13.0,532.0
2026-03-28 17:15:00,inbound,21.148535564853557,13.0,478.0
2026-03-28 17:30:00,inbound,18.332786885245902,10.0,610.0
2026-03-28 17:45:00,inbound,16.94126984126984,9.0,630.0
2026-03-28 18:00:00,inbound,19.34383954154728,13.0,698.0
2026-03-28 18:15:00,inbound,19.186827956989248,13.0,744.0
2026-03-28 18:30:00,inbound,22.248417721518987,16.0,632.0
2026-03-28 18:45:00,inbound,24.530249110320284,17.0,562.0
2026-03-28 19:00:00,inbound,24.904816513761467,17.0,872.0
2026-03-28 19:15:00,inbound,18.415026833631483,13.0,1118.0
2026-03-28 19:30:00,inbound,21.367374005305038,13.0,754.0
2026-03-28 19:45:00,inbound,25.952564102564104,19.0,780.0
2026-03-28 20:00:00,inbound,25.396341463414632,18.0,328.0
2026-03-28 20:15:00,inbound,20.242990654205606,13.0,856.0
2026-03-28 20:30:00,inbound,21.155109489051096,19.0,548.0
2026-03-28 20:45:00,inbound,23.223844282238442,19.0,822.0
2026-03-28 21:00:00,inbound,21.81902985074627,17.0,536.0
2026-03-28 21:15:00,inbound,18.90371229698376,13.0,862.0
2026-03-28 21:30:00,inbound,19.721556886227546,13.0,668.0
2026-03-28 21:45:00,inbound,22.98882113821138,13.0,984.0
2026-03-28 22:00:00,inbound,23.36141304347826,13.0,368.0
2026-03-28 22:15:00,inbound,28.13013698630137,31.0,438.0
2026-03-28 22:30:00,inbound,25.027439024390244,13.0,328.0
2026-03-28 22:45:00,inbound,13.753684210526316,6.0,475.0
2026-03-28 23:00:00,inbound,14.413793103448276,6.0,348.0
2026-03-28 23:15:00,inbound,9.400943396226415,6.0,424.0
2026-03-28 23:30:00,inbound,11.172413793103448,6.0,174.0
2026-03-28 23:45:00,inbound,4.776119402985074,2.0,224.0
2026-03-29 00:00:00,inbound,,,
2026-03-29 00:15:00,inbound,,,
2026-03-29 00:30:00,inbound,,,
2026-03-29 00:45:00,inbound,,,
2026-03-29 01:00:00,inbound,,,
2026-03-29 01:15:00,inbound,,,
2026-03-29 01:30:00,inbound,,,
2026-03-29 01:45:00,inbound,,,
2026-03-29 02:00:00,inbound,,,
2026-03-29 02:15:00,inbound,,,
2026-03-29 02:30:00,inbound,,,
2026-03-29 02:45:00,inbound,,,
2026-03-29 03:00:00,inbound,,,
2026-03-29 03:15:00,inbound,,,
2026-03-29 03:30:00,inbound,4.0,4.0,1.0
2026-03-29 03:45:00,inbound,4.0,4.0,1.0
2026-03-29 04:00:00,inbound,2.676470588235294,4.0,34.0
2026-03-29 04:15:00,inbound,8.078947368421053,4.0,76.0
2026-03-29 04:30:00,inbound,4.677631578947368,4.0,152.0
2026-03-29 04:45:00,inbound,6.102678571428571,4.0,224.0
2026-03-29 05:00:00,inbound,5.418410041841004,4.0,239.0
2026-03-29 05:15:00,inbound,6.16205533596838,4.0,253.0
2026-03-29 05:30:00,inbound,9.217391304347826,8.0,184.0
2026-03-29 05:45:00,inbound,7.04,6.0,225.0
2026-03-29 06:00:00,inbound,10.383333333333333,9.0,120.0
2026-03-29 06:15:00,inbound,8.103343465045592,7.0,329.0
2026-03-29 06:30:00,inbound,8.26046511627907,8.0,215.0
2026-03-29 06:45:00,inbound,9.46228710462287,8.0,411.0
2026-03-29 07:00:00,inbound,11.807807807807809,8.0,333.0
2026-03-29 07:15:00,inbound,10.13152400835073,8.0,479.0
2026-03-29 07:30:00,inbound,10.576576576576576,8.0,222.0
2026-03-29 07:45:00,inbound,13.814655172413794,16.0,232.0
2026-03-29 08:00:00,inbound,11.78930817610063,6.0,318.0
2026-03-29 08:15:00,inbound,10.521604938271604,6.0,324.0
2026-03-29 08:30:00,inbound,16.440104166666668,20.0,384.0
2026-03-29 08:45:00,inbound,17.446886446886445,20.0,546.0
2026-03-29 09:00:00,inbound,13.43613707165109,7.0,321.0
2026-03-29 09:15:00,inbound,9.697986577181208,4.5,298.0
2026-03-29 09:30:00,inbound,11.63716814159292,7.0,339.0
2026-03-29 09:45:00,inbound,14.58029197080292,16.0,274.0
2026-03-29 10:00:00,inbound,20.04746835443038,29.0,316.0
2026-03-29 10:15:00,inbound,19.600985221674875,16.0,406.0
2026-03-29 10:30:00,inbound,21.539285714285715,29.0,280.0
2026-03-29 10:45:00,inbound,18.714285714285715,22.5,434.0
2026-03-29 11:00:00,inbound,19.241509433962264,13.0,265.0
2026-03-29 11:15:00,inbound,17.65625,13.0,160.0
2026-03-29 11:30:00,inbound,19.067857142857143,13.0,280.0
2026-03-29 11:45:00,inbound,17.798561151079138,13.0,417.0
2026-03-29 12:00:00,inbound,22.42408376963351,30.0,191.0
2026-03-29 12:15:00,inbound,25.510695187165776,30.0,374.0
2026-03-29 12:30:00,inbound,23.828,30.0,250.0
2026-03-29 12:45:00,inbound,18.103211009174313,10.0,436.0
2026-03-29 13:00:00,inbound,16.419354838709676,13.0,341.0
2026-03-29 13:15:00,inbound,14.33203125,13.0,256.0
2026-03-29 13:30:00,inbound,15.625,13.0,392.0
2026-03-29 13:45:00,inbound,14.7775,8.0,400.0
2026-03-29 14:00:00,inbound,16.348717948717947,10.0,390.0
2026-03-29 14:15:00,inbound,12.407407407407407,4.0,756.0
2026-03-29 14:30:00,inbound,18.29299363057325,10.0,314.0
2026-03-29 14:45:00,inbound,14.976331360946746,10.0,507.0
2026-03-29 15:00:00,inbound,15.254452926208652,17.0,393.0
2026-03-29 15:15:00,inbound,13.851851851851851,13.0,459.0
2026-03-29 15:30:00,inbound,14.540084388185655,13.0,474.0
2026-03-29 15:45:00,inbound,13.437810945273633,10.0,603.0
2026-03-29 16:00:00,inbound,16.80188679245283,20.0,636.0
2026-03-29 16:15:00,inbound,13.6953125,10.0,256.0
2026-03-29 16:30:00,inbound,13.533884297520661,10.0,605.0
2026-03-29 16:45:00,inbound,11.985981308411215,10.0,428.0
2026-03-29 17:00:00,inbound,16.610951008645532,13.0,347.0
2026-03-29 17:15:00,inbound,16.85034013605442,13.0,441.0
2026-03-29 17:30:00,inbound,14.114973262032086,10.0,374.0
2026-03-29 17:45:00,inbound,12.98348623853211,10.0,545.0
2026-03-29 18:00:00,inbound,17.25,10.0,428.0
2026-03-29 18:15:00,inbound,16.008,10.0,375.0
2026-03-29 18:30:00,inbound,15.567398119122258,10.0,319.0
2026-03-29 18:45:00,inbound,15.459954233409611,10.0,437.0
2026-03-29 19:00:00,inbound,15.431952662721894,10.0,338.0
2026-03-29 19:15:00,inbound,13.494818652849741,8.0,386.0
2026-03-29 19:30:00,inbound,17.120171673819744,9.0,233.0
2026-03-29 19:45:00,inbound,19.140794223826713,13.0,554.0
2026-03-29 20:00:00,inbound,19.087155963302752,13.0,436.0
2026-03-29 20:15:00,inbound,15.498583569405099,13.0,353.0
2026-03-29 20:30:00,inbound,17.268156424581004,13.0,179.0
2026-03-29 20:45:00,inbound,18.348717948717947,13.0,195.0
2026-03-29 21:00:00,inbound,16.407258064516128,13.0,248.0
2026-03-29 21:15:00,inbound,26.265861027190333,13.0,331.0
2026-03-29 21:30:00,inbound,25.524229074889867,18.0,227.0
2026-03-29 21:45:00,inbound,20.23095823095823,10.0,407.0
2026-03-29 22:00:00,inbound,23.773026315789473,18.0,304.0
2026-03-29 22:15:00,inbound,16.940594059405942,7.0,303.0
2026-03-29 22:30:00,inbound,15.17596566523605,7.0,233.0
2026-03-29 22:45:00,inbound,9.991596638655462,6.0,119.0
2026-03-29 23:00:00,inbound,6.010204081632653,2.0,98.0
2026-03-29 23:15:00,inbound,6.292134831460674,7.0,89.0
2026-03-29 23:30:00,inbound,9.24390243902439,10.0,41.0
2026-03-29 23:45:00,inbound,4.902439024390244,10.0,82.0
2026-03-30 00:00:00,inbound,,,
2026-03-30 00:15:00,inbound,,,
2026-03-30 00:30:00,inbound,,,
2026-03-30 00:45:00,inbound,,,
2026-03-30 01:00:00,inbound,,,
2026-03-30 01:15:00,inbound,,,
2026-03-30 01:30:00,inbound,,,
2026-03-30 01:45:00,inbound,,,
2026-03-30 02:00:00,inbound,,,
2026-03-30 02:15:00,inbound,,,
2026-03-30 02:30:00,inbound,,,
2026-03-30 02:45:00,inbound,2.6,1.0,15.0
2026-03-30 03:00:00,inbound,9.0,9.0,11.0
2026-03-30 03:15:00,inbound,6.157894736842105,9.0,76.0
2026-03-30 03:30:00,inbound,5.754716981132075,9.0,106.0
2026-03-30 03:45:00,inbound,10.46875,9.0,64.0
2026-03-30 04:00:00,inbound,7.132231404958677,9.0,121.0
2026-03-30 04:15:00,inbound,9.28,9.0,50.0
2026-03-30 04:30:00,inbound,9.454081632653061,9.0,196.0
2026-03-30 04:45:00,inbound,10.006423982869379,9.0,467.0
2026-03-30 05:00:00,inbound,9.09967845659164,9.0,311.0
2026-03-30 05:15:00,inbound,32.85911179173048,9.0,653.0
2026-03-30 05:30:00,inbound,32.80503978779841,9.0,754.0
2026-03-30 05:45:00,inbound,27.445054945054945,9.0,728.0
2026-03-30 06:00:00,inbound,23.008347245409016,9.0,599.0
2026-03-30 06:15:00,inbound,27.7332361516035,10.0,686.0
2026-03-30 06:30:00,inbound,53.8343653250774,11.0,646.0
2026-03-30 06:45:00,inbound,36.75342465753425,10.0,657.0
2026-03-30 07:00:00,inbound,59.88128491620112,11.0,716.0
2026-03-30 07:15:00,inbound,26.87800369685767,11.0,1082.0
2026-03-30 07:30:00,inbound,47.306451612903224,11.0,868.0
2026-03-30 07:45:00,inbound,23.027070063694268,11.0,628.0
2026-03-30 08:00:00,inbound,12.948194662480377,10.0,637.0
2026-03-30 08:15:00,inbound,31.057877813504824,11.0,622.0
2026-03-30 08:30:00,inbound,22.75812274368231,13.0,554.0
2026-03-30 08:45:00,inbound,31.469622331691298,13.0,609.0
2026-03-30 09:00:00,inbound,35.8496993987976,17.0,499.0
2026-03-30 09:15:00,inbound,28.71943371943372,13.0,777.0
2026-03-30 09:30:00,inbound,16.380566801619434,17.0,494.0
2026-03-30 09:45:00,inbound,15.353658536585366,13.0,492.0
2026-03-30 10:00:00,inbound,16.757869249394673,18.0,413.0
2026-03-30 10:15:00,inbound,14.343839541547277,13.0,349.0
2026-03-30 10:30:00,inbound,15.5625,20.0,336.0
2026-03-30 10:45:00,inbound,15.4,7.0,350.0
2026-03-30 11:00:00,inbound,15.792880258899677,9.0,309.0
2026-03-30 11:15:00,inbound,19.91823899371069,20.5,318.0
2026-03-30 11:30:00,inbound,,,
2026-03-30 11:45:00,inbound,16.602040816326532,9.0,196.0
2026-03-30 12:00:00,inbound,18.830188679245282,9.0,265.0
2026-03-30 12:15:00,inbound,17.983870967741936,20.0,186.0
2026-03-30 12:30:00,inbound,22.823076923076922,20.0,390.0
2026-03-30 12:45:00,inbound,16.161971830985916,9.0,142.0
2026-03-30 13:00:00,inbound,,,
2026-03-30 13:15:00,inbound,17.276679841897234,9.0,253.0
2026-03-30 13:30:00,inbound,19.884615384615383,17.0,494.0
2026-03-30 13:45:00,inbound,18.7979797979798,9.0,297.0
2026-03-30 14:00:00,inbound,17.426829268292682,9.0,574.0
2026-03-30 14:15:00,inbound,17.78698224852071,13.0,338.0
2026-03-30 14:30:00,inbound,,,
2026-03-30 14:45:00,inbound,13.540983606557377,9.0,61.0
2026-03-30 15:00:00,inbound,18.316715542521994,17.0,341.0
2026-03-30 15:15:00,inbound,12.914,11.0,500.0
2026-03-30 15:30:00,inbound,13.29957805907173,13.0,237.0
2026-03-30 15:45:00,inbound,11.0,9.0,329.0
2026-03-30 16:00:00,inbound,,,
2026-03-30 16:15:00,inbound,,,
2026-03-30 16:30:00,inbound,14.862337662337662,13.0,385.0
2026-03-30 16:45:00,inbound,14.996124031007753,11.0,258.0
2026-03-30 17:00:00,inbound,16.379381443298968,17.0,485.0
2026-03-30 17:15:00,inbound,14.62051282051282,17.0,585.0
2026-03-30 17:30:00,inbound,15.682926829268293,19.0,205.0
2026-03-30 17:45:00,inbound,15.305084745762711,19.0,118.0
2026-03-30 18:00:00,inbound,16.874015748031496,17.0,127.0
2026-03-30 18:15:00,inbound,15.11111111111111,13.0,351.0
2026-03-30 18:30:00,inbound,13.173239436619719,12.0,710.0
2026-03-30 18:45:00,inbound,12.476070528967254,7.0,794.0
2026-03-30 19:00:00,inbound,14.466101694915254,17.0,354.0
2026-03-30 19:15:00,inbound,12.029411764705882,7.0,68.0
2026-03-30 19:30:00,inbound,16.167862266857963,12.0,697.0
2026-03-30 19:45:00,inbound,12.733773377337734,6.0,909.0
2026-03-30 20:00:00,inbound,10.258771929824562,6.0,684.0
2026-03-30 20:15:00,inbound,11.06936416184971,6.0,519.0
2026-03-30 20:30:00,inbound,43.270161290322584,6.0,496.0
2026-03-30 20:45:00,inbound,13.90677966101695,6.0,354.0
2026-03-30 21:00:00,inbound,41.9636803874092,6.0,413.0
2026-03-30 21:15:00,inbound,14.170818505338078,6.0,281.0
2026-03-30 21:30:00,inbound,13.012121212121212,0.0,165.0
2026-03-30 21:45:00,inbound,11.968253968253968,0.0,315.0
2026-03-30 22:00:00,inbound,11.439024390243903,10.0,164.0
2026-03-30 22:15:00,inbound,24.20689655172414,18.0,87.0
2026-03-30 22:30:00,inbound,24.05325443786982,18.0,169.0
2026-03-30 22:45:00,inbound,23.4025974025974,18.0,77.0
2026-03-30 23:00:00,inbound,22.768115942028984,18.0,69.0
2026-03-30 23:15:00,inbound,20.53846153846154,18.0,26.0
2026-03-30 23:30:00,inbound,4.857142857142857,-2.0,35.0
2026-03-30 23:45:00,inbound,-2.0,-2.0,38.0
2026-03-31 00:00:00,inbound,,,
2026-03-31 00:15:00,inbound,,,
2026-03-31 00:30:00,inbound,,,
2026-03-31 00:45:00,inbound,,,
2026-03-31 01:00:00,inbound,,,
2026-03-31 01:15:00,inbound,,,
2026-03-31 01:30:00,inbound,,,
2026-03-31 01:45:00,inbound,,,
2026-03-31 02:00:00,inbound,,,
2026-03-31 02:15:00,inbound,,,
2026-03-31 02:30:00,inbound,,,
2026-03-31 02:45:00,inbound,11.0,11.0,1.0
2026-03-31 03:00:00,inbound,,,
2026-03-31 03:15:00,inbound,11.454545454545455,11.0,22.0
2026-03-31 03:30:00,inbound,11.197802197802197,11.0,91.0
2026-03-31 03:45:00,inbound,14.35483870967742,12.0,31.0
2026-03-31 04:00:00,inbound,13.804054054054054,12.0,148.0
2026-03-31 04:15:00,inbound,14.507936507936508,12.0,441.0
2026-03-31 04:30:00,inbound,13.555102040816326,11.0,245.0
2026-03-31 04:45:00,inbound,12.945945945945946,11.0,333.0
2026-03-31 05:00:00,inbound,12.843023255813954,11.0,688.0
2026-03-31 05:15:00,inbound,12.58562874251497,11.0,835.0
2026-03-31 05:30:00,inbound,11.706932773109244,11.0,952.0
2026-03-31 05:45:00,inbound,12.673676577229877,11.0,1379.0
2026-03-31 06:00:00,inbound,14.932397959183673,12.0,784.0
2026-03-31 06:15:00,inbound,16.902377972465583,12.0,799.0
2026-03-31 06:30:00,inbound,16.39981701738335,12.0,1093.0
2026-03-31 06:45:00,inbound,17.077680525164112,12.0,914.0
2026-03-31 07:00:00,inbound,15.069674850696748,11.0,1507.0
2026-03-31 07:15:00,inbound,15.892063492063492,11.0,945.0
2026-03-31 07:30:00,inbound,18.653346653346652,14.0,1001.0
2026-03-31 07:45:00,inbound,15.048920863309352,11.0,695.0
2026-03-31 08:00:00,inbound,17.771378708551484,14.0,573.0
2026-03-31 08:15:00,inbound,17.631386861313867,14.0,822.0
2026-03-31 08:30:00,inbound,19.03203203203203,19.0,999.0
2026-03-31 08:45:00,inbound,19.856091578086673,21.0,1223.0
2026-03-31 09:00:00,inbound,20.040332147093714,21.0,843.0
2026-03-31 09:15:00,inbound,21.944558521560573,21.0,487.0
2026-03-31 09:30:00,inbound,21.843163538873995,21.0,746.0
2026-03-31 09:45:00,inbound,21.734375,21.0,448.0
2026-03-31 10:00:00,inbound,23.509829619921362,21.0,763.0
2026-03-31 10:15:00,inbound,18.301652892561982,16.0,726.0
2026-03-31 10:30:00,inbound,20.26939655172414,16.0,464.0
2026-03-31 10:45:00,inbound,19.402116402116402,15.0,567.0
2026-03-31 11:00:00,inbound,17.652470187393526,15.0,587.0
2026-03-31 11:15:00,inbound,22.085173501577287,16.0,634.0
2026-03-31 11:30:00,inbound,17.214477211796247,15.0,373.0
2026-03-31 11:45:00,inbound,19.099601593625497,6.0,251.0
2026-03-31 12:00:00,inbound,21.133838383838384,15.0,396.0
2026-03-31 12:15:00,inbound,18.744897959183675,6.0,196.0
2026-03-31 12:30:00,inbound,27.446614583333332,25.0,768.0
2026-03-31 12:45:00,inbound,27.69377990430622,25.0,627.0
2026-03-31 13:00:00,inbound,25.033003300330034,25.0,606.0
2026-03-31 13:15:00,inbound,25.890697674418604,26.0,430.0
2026-03-31 13:30:00,inbound,25.430363864491845,27.0,797.0
2026-03-31 13:45:00,inbound,24.267161410018552,26.0,539.0
2026-03-31 14:00:00,inbound,18.4338747099768,15.0,431.0
2026-03-31 14:15:00,inbound,21.66773162939297,22.0,313.0
2026-03-31 14:30:00,inbound,25.885630498533725,25.0,341.0
2026-03-31 14:45:00,inbound,22.014141414141413,25.0,495.0
2026-03-31 15:00:00,inbound,21.594142259414227,22.0,478.0
2026-03-31 15:15:00,inbound,20.86935866983373,22.0,421.0
2026-03-31 15:30:00,inbound,17.83937823834197,22.0,579.0
2026-03-31 15:45:00,inbound,18.544658493870404,23.0,571.0
2026-03-31 16:00:00,inbound,17.661431064572426,22.0,573.0
2026-03-31 16:15:00,inbound,18.426785714285714,23.0,560.0
2026-03-31 16:30:00,inbound,16.833922261484098,13.0,566.0
2026-03-31 16:45:00,inbound,15.022955523672884,12.0,697.0
2026-03-31 17:00:00,inbound,18.445652173913043,16.0,736.0
2026-03-31 17:15:00,inbound,17.367704280155642,16.0,514.0
2026-03-31 17:30:00,inbound,13.409542743538767,12.0,503.0
2026-03-31 17:45:00,inbound,17.592039800995025,16.0,603.0
2026-03-31 18:00:00,inbound,15.811881188118813,13.0,505.0
2026-03-31 18:15:00,inbound,16.41613924050633,15.0,632.0
2026-03-31 18:30:00,inbound,13.620418848167539,13.0,764.0
2026-03-31 18:45:00,inbound,12.923076923076923,13.0,754.0
2026-03-31 19:00:00,inbound,16.92391304347826,16.0,276.0
2026-03-31 19:15:00,inbound,15.76271186440678,15.0,590.0
2026-03-31 19:30:00,inbound,13.993392070484582,15.0,454.0
2026-03-31 19:45:00,inbound,14.726277372262773,9.0,548.0
2026-03-31 20:00:00,inbound,14.961394769613948,15.0,803.0
2026-03-31 20:15:00,inbound,13.369337979094077,15.0,574.0
2026-03-31 20:30:00,inbound,16.109215017064848,16.0,586.0
2026-03-31 20:45:00,inbound,14.446315789473685,16.0,475.0
2026-03-31 21:00:00,inbound,12.795454545454545,15.0,352.0
2026-03-31 21:15:00,inbound,14.45841784989858,16.0,493.0
2026-03-31 21:30:00,inbound,12.914454277286136,7.0,339.0
2026-03-31 21:45:00,inbound,16.281690140845072,18.0,355.0
2026-03-31 22:00:00,inbound,18.1453488372093,18.0,344.0
2026-03-31 22:15:00,inbound,14.984455958549223,18.0,193.0
2026-03-31 22:30:00,inbound,15.333333333333334,11.0,231.0
2026-03-31 22:45:00,inbound,14.483870967741936,11.0,155.0
2026-03-31 23:00:00,inbound,9.6875,11.0,112.0
2026-03-31 23:15:00,inbound,6.887640449438202,6.0,89.0
2026-03-31 23:30:00,inbound,6.02,6.0,50.0
2026-03-31 23:45:00,inbound,4.428571428571429,6.0,42.0
2026-04-01 00:00:00,inbound,,,
2026-04-01 00:15:00,inbound,,,
2026-04-01 00:30:00,inbound,,,
2026-04-01 00:45:00,inbound,,,
2026-04-01 01:00:00,inbound,,,
2026-04-01 01:15:00,inbound,,,
2026-04-01 01:30:00,inbound,,,
2026-04-01 01:45:00,inbound,,,
2026-04-01 02:00:00,inbound,,,
2026-04-01 02:15:00,inbound,,,
2026-04-01 02:30:00,inbound,,,
2026-04-01 02:45:00,inbound,8.0,8.0,59.0
2026-04-01 03:00:00,inbound,,,
2026-04-01 03:15:00,inbound,,,
2026-04-01 03:30:00,inbound,9.764705882352942,8.0,68.0
2026-04-01 03:45:00,inbound,5.8,4.0,40.0
2026-04-01 04:00:00,inbound,10.81081081081081,8.0,111.0
2026-04-01 04:15:00,inbound,12.274881516587678,8.0,211.0
2026-04-01 04:30:00,inbound,12.983471074380166,8.0,363.0
2026-04-01 04:45:00,inbound,12.901734104046243,8.0,346.0
2026-04-01 05:00:00,inbound,12.578005115089514,8.0,391.0
2026-04-01 05:15:00,inbound,13.90126582278481,9.0,395.0
2026-04-01 05:30:00,inbound,15.249336870026525,8.0,377.0
2026-04-01 05:45:00,inbound,17.95044052863436,9.0,908.0
2026-04-01 06:00:00,inbound,15.512618296529968,14.0,634.0
2026-04-01 06:15:00,inbound,16.92820512820513,14.0,585.0
2026-04-01 06:30:00,inbound,16.817848410757946,14.0,818.0
2026-04-01 06:45:00,inbound,20.5525494276795,14.0,961.0
2026-04-01 07:00:00,inbound,15.594627594627594,9.0,819.0
2026-04-01 07:15:00,inbound,20.97252090800478,19.0,837.0
2026-04-01 07:30:00,inbound,23.01145038167939,19.0,524.0
2026-04-01 07:45:00,inbound,18.940988835725676,17.0,627.0
2026-04-01 08:00:00,inbound,17.63798701298701,11.0,616.0
2026-04-01 08:15:00,inbound,19.412735849056602,13.0,424.0
2026-04-01 08:30:00,inbound,20.515151515151516,13.0,528.0
2026-04-01 08:45:00,inbound,18.73892773892774,13.0,429.0
2026-04-01 09:00:00,inbound,25.055263157894736,15.0,380.0
2026-04-01 09:15:00,inbound,26.78839590443686,20.0,293.0
2026-04-01 09:30:00,inbound,25.21501014198783,13.0,493.0
2026-04-01 09:45:00,inbound,23.64975845410628,11.0,414.0
2026-04-01 10:00:00,inbound,23.75824175824176,13.0,364.0
2026-04-01 10:15:00,inbound,28.519607843137255,13.0,204.0
2026-04-01 10:30:00,inbound,24.843065693430656,12.0,274.0
2026-04-01 10:45:00,inbound,18.58916083916084,5.0,572.0
2026-04-01 11:00:00,inbound,26.029535864978904,21.0,474.0
2026-04-01 11:15:00,inbound,31.130081300813007,41.0,369.0
2026-04-01 11:30:00,inbound,31.085106382978722,39.0,423.0
2026-04-01 11:45:00,inbound,22.591422121896162,10.0,443.0
2026-04-01 12:00:00,inbound,27.53271028037383,32.0,321.0
2026-04-01 12:15:00,inbound,17.16254416961131,12.0,283.0
2026-04-01 12:30:00,inbound,23.60144927536232,12.0,414.0
2026-04-01 12:45:00,inbound,18.85586924219911,11.0,673.0
2026-04-01 13:00:00,inbound,26.691256830601095,28.0,366.0
2026-04-01 13:15:00,inbound,19.897959183673468,11.0,588.0
2026-04-01 13:30:00,inbound,19.488372093023255,10.0,301.0
2026-04-01 13:45:00,inbound,22.004830917874397,13.0,414.0
2026-04-01 14:00:00,inbound,23.371739130434783,13.0,460.0
2026-04-01 14:15:00,inbound,22.974193548387095,13.0,465.0
2026-04-01 14:30:00,inbound,23.98076923076923,28.0,364.0
2026-04-01 14:45:00,inbound,21.872384937238493,18.0,478.0
2026-04-01 15:00:00,inbound,21.16589861751152,18.0,434.0
2026-04-01 15:15:00,inbound,21.83137254901961,28.0,255.0
2026-04-01 15:30:00,inbound,20.27061310782241,28.0,473.0
2026-04-01 15:45:00,inbound,15.109797297297296,10.0,592.0
2026-04-01 16:00:00,inbound,15.672597864768683,10.0,281.0
2026-04-01 16:15:00,inbound,15.44743935309973,10.0,371.0
2026-04-01 16:30:00,inbound,18.512295081967213,11.0,244.0
2026-04-01 16:45:00,inbound,19.967455621301774,18.0,338.0
2026-04-01 17:00:00,inbound,19.109634551495017,18.0,301.0
2026-04-01 17:15:00,inbound,17.770588235294117,15.0,680.0
2026-04-01 17:30:00,inbound,17.73706004140787,15.0,483.0
2026-04-01 17:45:00,inbound,19.31040268456376,17.0,596.0
2026-04-01 18:00:00,inbound,17.05858310626703,12.0,734.0
2026-04-01 18:15:00,inbound,19.87748344370861,17.0,604.0
2026-04-01 18:30:00,inbound,18.55592105263158,12.0,304.0
2026-04-01 18:45:00,inbound,20.604477611940297,17.0,536.0
2026-04-01 19:00:00,inbound,17.932821497120923,15.0,521.0
2026-04-01 19:15:00,inbound,15.122736418511066,15.0,497.0
2026-04-01 19:30:00,inbound,16.53481012658228,11.0,632.0
2026-04-01 19:45:00,inbound,17.339407744874716,15.0,439.0
2026-04-01 20:00:00,inbound,16.441176470588236,15.0,816.0
2026-04-01 20:15:00,inbound,15.921161825726141,12.0,482.0
2026-04-01 20:30:00,inbound,14.216783216783217,12.0,715.0
2026-04-01 20:45:00,inbound,16.75887573964497,14.0,676.0
2026-04-01 21:00:00,inbound,18.653444676409187,17.0,479.0
2026-04-01 21:15:00,inbound,16.74949083503055,12.0,491.0
2026-04-01 21:30:00,inbound,17.4,14.0,210.0
2026-04-01 21:45:00,inbound,14.044303797468354,10.0,158.0
2026-04-01 22:00:00,inbound,13.125,10.0,184.0
2026-04-01 22:15:00,inbound,12.895104895104895,14.0,143.0
2026-04-01 22:30:00,inbound,12.828402366863905,14.0,169.0
2026-04-01 22:45:00,inbound,12.296703296703297,14.0,91.0
2026-04-01 23:00:00,inbound,11.75,14.0,76.0
2026-04-01 23:15:00,inbound,10.689655172413794,14.0,29.0
2026-04-01 23:30:00,inbound,10.0,10.0,4.0
2026-04-01 23:45:00,inbound,,,
2026-04-02 00:00:00,inbound,,,
2026-04-02 00:15:00,inbound,,,
2026-04-02 00:30:00,inbound,,,
2026-04-02 00:45:00,inbound,,,
2026-04-02 01:00:00,inbound,,,
2026-04-02 01:15:00,inbound,,,
2026-04-02 01:30:00,inbound,,,
2026-04-02 01:45:00,inbound,,,
2026-04-02 02:00:00,inbound,,,
2026-04-02 02:15:00,inbound,,,
2026-04-02 02:30:00,inbound,,,
2026-04-02 02:45:00,inbound,,,
2026-04-02 03:00:00,inbound,19.0,19.0,6.0
2026-04-02 03:15:00,inbound,16.423728813559322,12.0,59.0
2026-04-02 03:30:00,inbound,17.62727272727273,12.0,110.0
2026-04-02 03:45:00,inbound,12.5,10.0,48.0
2026-04-02 04:00:00,inbound,14.280193236714975,9.0,207.0
2026-04-02 04:15:00,inbound,13.674922600619196,9.0,323.0
2026-04-02 04:30:00,inbound,15.930232558139535,12.0,172.0
2026-04-02 04:45:00,inbound,14.664804469273744,12.0,179.0
2026-04-02 05:00:00,inbound,12.866279069767442,8.0,344.0
2026-04-02 05:15:00,inbound,15.29505582137161,12.0,627.0
2026-04-02 05:30:00,inbound,15.016304347826088,12.0,552.0
2026-04-02 05:45:00,inbound,17.17195004803074,12.0,1041.0
2026-04-02 06:00:00,inbound,16.458464773922188,12.0,951.0
2026-04-02 06:15:00,inbound,15.634730538922156,9.0,1002.0
2026-04-02 06:30:00,inbound,18.41189189189189,12.0,925.0
2026-04-02 06:45:00,inbound,16.55269058295964,12.0,892.0
2026-04-02 07:00:00,inbound,18.055862492326582,12.0,1629.0
2026-04-02 07:15:00,inbound,14.7128801431127,6.0,1118.0
2026-04-02 07:30:00,inbound,17.124586549062844,6.0,907.0
2026-04-02 07:45:00,inbound,23.476614699331847,21.0,449.0
2026-04-02 08:00:00,inbound,15.92515337423313,7.0,1630.0
2026-04-02 08:15:00,inbound,18.298850574712645,12.0,783.0
2026-04-02 08:30:00,inbound,16.468104222821204,11.0,1113.0
2026-04-02 08:45:00,inbound,22.285024154589372,22.0,414.0
2026-04-02 09:00:00,inbound,17.48060708263069,12.0,593.0
2026-04-02 09:15:00,inbound,15.050556117290192,8.0,989.0
2026-04-02 09:30:00,inbound,15.16576819407008,9.0,742.0
2026-04-02 09:45:00,inbound,14.11353032659409,9.0,643.0
2026-04-02 10:00:00,inbound,15.814710042432814,9.0,707.0
2026-04-02 10:15:00,inbound,13.531713900134953,9.0,741.0
2026-04-02 10:30:00,inbound,15.567769477054428,11.0,937.0
2026-04-02 10:45:00,inbound,18.901554404145077,22.0,386.0
2026-04-02 11:00:00,inbound,25.604046242774565,23.0,346.0
2026-04-02 11:15:00,inbound,13.394648829431437,9.0,598.0
2026-04-02 11:30:00,inbound,10.675771971496436,8.0,842.0
2026-04-02 11:45:00,inbound,18.5,9.0,572.0
2026-04-02 12:00:00,inbound,14.621026894865526,9.0,818.0
2026-04-02 12:15:00,inbound,10.090443686006825,8.0,586.0
2026-04-02 12:30:00,inbound,16.568396226415093,9.0,424.0
2026-04-02 12:45:00,inbound,15.87199124726477,7.0,914.0
2026-04-02 13:00:00,inbound,10.581111111111111,6.0,900.0
2026-04-02 13:15:00,inbound,21.666,11.0,1000.0
2026-04-02 13:30:00,inbound,27.563674321503132,28.0,958.0
2026-04-02 13:45:00,inbound,18.332335329341316,8.0,1002.0
2026-04-02 14:00:00,inbound,23.50877192982456,12.0,798.0
2026-04-02 14:15:00,inbound,21.87122969837587,12.0,862.0
2026-04-02 14:30:00,inbound,23.23702830188679,26.5,848.0
2026-04-02 14:45:00,inbound,23.32359813084112,27.0,856.0
2026-04-02 15:00:00,inbound,17.431297709923665,12.0,524.0
2026-04-02 15:15:00,inbound,25.292207792207794,28.0,462.0
2026-04-02 15:30:00,inbound,23.070921985815602,26.0,846.0
2026-04-02 15:45:00,inbound,18.231617647058822,9.0,544.0
2026-04-02 16:00:00,inbound,23.0875,16.0,400.0
2026-04-02 16:15:00,inbound,18.886363636363637,9.0,1100.0
2026-04-02 16:30:00,inbound,26.18345323741007,19.0,556.0
2026-04-02 16:45:00,inbound,23.785185185185185,16.0,540.0
2026-04-02 17:00:00,inbound,17.62741935483871,11.0,1240.0
2026-04-02 17:15:00,inbound,19.69060773480663,10.0,724.0
2026-04-02 17:30:00,inbound,19.52550415183867,10.0,843.0
2026-04-02 17:45:00,inbound,15.843585237258347,8.0,569.0
2026-04-02 18:00:00,inbound,19.21939736346516,10.0,1062.0
2026-04-02 18:15:00,inbound,22.24685714285714,13.0,875.0
2026-04-02 18:30:00,inbound,22.66751269035533,13.0,788.0
2026-04-02 18:45:00,inbound,14.873720136518772,10.0,879.0
2026-04-02 19:00:00,inbound,25.928934010152282,19.0,788.0
2026-04-02 19:15:00,inbound,11.717095310136157,6.0,661.0
2026-04-02 19:30:00,inbound,13.542069992553984,8.0,1343.0
2026-04-02 19:45:00,inbound,17.317897371714643,8.0,799.0
2026-04-02 20:00:00,inbound,20.193823216187432,10.0,939.0
2026-04-02 20:15:00,inbound,15.39271523178808,10.0,1510.0
2026-04-02 20:30:00,inbound,18.127828054298643,10.0,884.0
2026-04-02 20:45:00,inbound,16.748571428571427,10.0,1050.0
2026-04-02 21:00:00,inbound,15.072892938496583,8.0,1317.0
2026-04-02 21:15:00,inbound,15.79765708200213,10.0,939.0
2026-04-02 21:30:00,inbound,15.299474605954465,9.0,1142.0
2026-04-02 21:45:00,inbound,18.349353049907577,10.0,541.0
2026-04-02 22:00:00,inbound,14.998054474708171,9.0,514.0
2026-04-02 22:15:00,inbound,11.282608695652174,9.0,322.0
2026-04-02 22:30:00,inbound,8.422382671480145,8.0,277.0
2026-04-02 22:45:00,inbound,6.604166666666667,4.0,288.0
2026-04-02 23:00:00,inbound,5.551612903225807,4.0,310.0
2026-04-02 23:15:00,inbound,4.963636363636364,4.0,220.0
2026-04-02 23:30:00,inbound,4.087719298245614,4.0,114.0
2026-04-02 23:45:00,inbound,4.214285714285714,4.0,84.0
2026-04-03 00:00:00,inbound,,,
2026-04-03 00:15:00,inbound,,,
2026-04-03 00:30:00,inbound,,,
2026-04-03 00:45:00,inbound,,,
2026-04-03 01:00:00,inbound,,,
2026-04-03 01:15:00,inbound,,,
2026-04-03 01:30:00,inbound,,,
2026-04-03 01:45:00,inbound,,,
2026-04-03 02:00:00,inbound,,,
2026-04-03 02:15:00,inbound,,,
2026-04-03 02:30:00,inbound,,,
2026-04-03 02:45:00,inbound,,,
2026-04-03 03:00:00,inbound,6.0,6.0,2.0
2026-04-03 03:15:00,inbound,4.333333333333333,4.0,12.0
2026-04-03 03:30:00,inbound,,,
2026-04-03 03:45:00,inbound,7.027027027027027,8.0,37.0
2026-04-03 04:00:00,inbound,12.026666666666667,6.0,225.0
2026-04-03 04:15:00,inbound,12.64935064935065,6.0,154.0
2026-04-03 04:30:00,inbound,13.789954337899543,6.0,219.0
2026-04-03 04:45:00,inbound,9.028753993610223,6.0,313.0
2026-04-03 05:00:00,inbound,9.964028776978417,6.0,278.0
2026-04-03 05:15:00,inbound,6.531914893617022,6.0,188.0
2026-04-03 05:30:00,inbound,7.488721804511278,4.0,266.0
2026-04-03 05:45:00,inbound,9.650165016501651,6.0,303.0
2026-04-03 06:00:00,inbound,9.19672131147541,8.0,244.0
2026-04-03 06:15:00,inbound,10.613496932515337,8.0,163.0
2026-04-03 06:30:00,inbound,14.002906976744185,8.0,344.0
2026-04-03 06:45:00,inbound,9.137349397590361,6.0,415.0
2026-04-03 07:00:00,inbound,15.77027027027027,8.0,444.0
2026-04-03 07:15:00,inbound,15.038709677419355,8.0,310.0
2026-04-03 07:30:00,inbound,12.358173076923077,8.0,416.0
2026-04-03 07:45:00,inbound,17.233201581027668,8.0,253.0
2026-04-03 08:00:00,inbound,16.783333333333335,8.0,420.0
2026-04-03 08:15:00,inbound,14.501176470588236,8.0,425.0
2026-04-03 08:30:00,inbound,10.244444444444444,6.0,270.0
2026-04-03 08:45:00,inbound,12.483870967741936,4.0,372.0
2026-04-03 09:00:00,inbound,12.311764705882354,8.0,340.0
2026-04-03 09:15:00,inbound,16.528301886792452,9.0,371.0
2026-04-03 09:30:00,inbound,16.394736842105264,14.0,304.0
2026-04-03 09:45:00,inbound,16.03050108932462,12.0,459.0
2026-04-03 10:00:00,inbound,23.351097178683386,18.0,319.0
2026-04-03 10:15:00,inbound,24.453271028037385,18.0,214.0
2026-04-03 10:30:00,inbound,27.068259385665527,22.0,293.0
2026-04-03 10:45:00,inbound,22.08080808080808,12.0,297.0
2026-04-03 11:00:00,inbound,22.875379939209726,22.0,329.0
2026-04-03 11:15:00,inbound,14.15296803652968,9.0,438.0
2026-04-03 11:30:00,inbound,18.918367346938776,12.0,392.0
2026-04-03 11:45:00,inbound,21.712962962962962,18.0,648.0
2026-04-03 12:00:00,inbound,20.092760180995477,18.0,442.0
2026-04-03 12:15:00,inbound,26.778181818181817,18.0,550.0
2026-04-03 12:30:00,inbound,26.133333333333333,18.0,330.0
2026-04-03 12:45:00,inbound,19.50186567164179,9.0,536.0
2026-04-03 13:00:00,inbound,20.547752808988765,9.0,356.0
2026-04-03 13:15:00,inbound,17.071782178217823,7.0,404.0
2026-04-03 13:30:00,inbound,32.52238805970149,38.0,402.0
2026-04-03 13:45:00,inbound,28.011142061281337,30.0,359.0
2026-04-03 14:00:00,inbound,36.478134110787174,38.0,686.0
2026-04-03 14:15:00,inbound,29.55678670360111,31.0,361.0
2026-04-03 14:30:00,inbound,30.018450184501845,38.0,542.0
2026-04-03 14:45:00,inbound,32.660526315789475,38.0,380.0
2026-04-03 15:00:00,inbound,29.795454545454547,30.5,396.0
2026-04-03 15:15:00,inbound,27.952898550724637,30.0,552.0
2026-04-03 15:30:00,inbound,25.00225225225225,26.0,444.0
2026-04-03 15:45:00,inbound,24.759002770083104,30.0,361.0
2026-04-03 16:00:00,inbound,23.325699745547073,26.0,393.0
2026-04-03 16:15:00,inbound,23.128980891719745,24.0,628.0
2026-04-03 16:30:00,inbound,19.57660167130919,24.0,359.0
2026-04-03 16:45:00,inbound,21.902313624678662,24.0,389.0
2026-04-03 17:00:00,inbound,23.98966026587888,24.0,677.0
2026-04-03 17:15:00,inbound,22.504032258064516,24.0,248.0
2026-04-03 17:30:00,inbound,23.641758241758243,22.0,455.0
2026-04-03 17:45:00,inbound,18.16867469879518,13.0,249.0
2026-04-03 18:00:00,inbound,25.979253112033195,30.0,241.0
2026-04-03 18:15:00,inbound,27.81081081081081,29.0,370.0
2026-04-03 18:30:00,inbound,34.24916943521595,34.0,602.0
2026-04-03 18:45:00,inbound,28.42956120092379,29.0,433.0
2026-04-03 19:00:00,inbound,26.113502935420744,29.0,511.0
2026-04-03 19:15:00,inbound,28.566298342541437,29.0,362.0
2026-04-03 19:30:00,inbound,20.753020134228187,14.0,745.0
2026-04-03 19:45:00,inbound,18.891954022988507,13.0,435.0
2026-04-03 20:00:00,inbound,17.60912052117264,11.0,614.0
2026-04-03 20:15:00,inbound,22.867346938775512,13.0,392.0
2026-04-03 20:30:00,inbound,11.338645418326694,10.0,251.0
2026-04-03 20:45:00,inbound,11.875331564986737,10.0,377.0
2026-04-03 21:00:00,inbound,14.740963855421686,10.0,332.0
2026-04-03 21:15:00,inbound,18.329268292682926,10.0,492.0
2026-04-03 21:30:00,inbound,21.829842931937172,11.0,382.0
2026-04-03 21:45:00,inbound,36.27312775330397,43.0,227.0
2026-04-03 22:00:00,inbound,32.227436823104696,43.0,277.0
2026-04-03 22:15:00,inbound,34.39568345323741,43.0,139.0
2026-04-03 22:30:00,inbound,35.796747967479675,43.0,123.0
2026-04-03 22:45:00,inbound,23.98181818181818,15.0,110.0
2026-04-03 23:00:00,inbound,15.365853658536585,15.0,82.0
2026-04-03 23:15:00,inbound,9.045454545454545,5.0,66.0
2026-04-03 23:30:00,inbound,5.9605263157894735,5.0,76.0
2026-04-03 23:45:00,inbound,5.508474576271187,6.0,59.0
2026-04-04 00:00:00,inbound,,,
2026-04-04 00:15:00,inbound,,,
2026-04-04 00:30:00,inbound,,,
2026-04-04 00:45:00,inbound,,,
2026-04-04 01:00:00,inbound,,,
2026-04-04 01:15:00,inbound,,,
2026-04-04 01:30:00,inbound,,,
2026-04-04 01:45:00,inbound,,,
2026-04-04 02:00:00,inbound,,,
2026-04-04 02:15:00,inbound,,,
2026-04-04 02:30:00,inbound,11.0,11.0,1.0
2026-04-04 02:45:00,inbound,11.0,11.0,2.0
2026-04-04 03:00:00,inbound,11.0,11.0,28.0
2026-04-04 03:15:00,inbound,10.333333333333334,11.0,9.0
2026-04-04 03:30:00,inbound,11.0,11.0,1.0
2026-04-04 03:45:00,inbound,11.0,11.0,6.0
2026-04-04 04:00:00,inbound,11.0,11.0,24.0
2026-04-04 04:15:00,inbound,15.448275862068966,11.0,58.0
2026-04-04 04:30:00,inbound,9.426229508196721,11.0,122.0
2026-04-04 04:45:00,inbound,11.246376811594203,11.0,207.0
2026-04-04 05:00:00,inbound,11.273684210526316,11.0,190.0
2026-04-04 05:15:00,inbound,10.125,11.0,240.0
2026-04-04 05:30:00,inbound,9.819875776397515,10.0,322.0
2026-04-04 05:45:00,inbound,10.37785016286645,9.0,307.0
2026-04-04 06:00:00,inbound,12.27461139896373,11.0,386.0
2026-04-04 06:15:00,inbound,11.198717948717949,11.0,468.0
2026-04-04 06:30:00,inbound,13.456666666666667,15.0,300.0
2026-04-04 06:45:00,inbound,13.101398601398602,13.0,286.0
2026-04-04 07:00:00,inbound,12.309433962264151,13.0,265.0
2026-04-04 07:15:00,inbound,12.717201166180757,13.0,343.0
2026-04-04 07:30:00,inbound,11.272952853598015,10.0,403.0
2026-04-04 07:45:00,inbound,10.772058823529411,10.0,272.0
2026-04-04 08:00:00,inbound,11.968253968253968,12.0,315.0
2026-04-04 08:15:00,inbound,10.724025974025974,10.0,308.0
2026-04-04 08:30:00,inbound,14.989669421487603,10.0,484.0
2026-04-04 08:45:00,inbound,15.660493827160494,10.0,324.0
2026-04-04 09:00:00,inbound,16.446623093681918,12.0,459.0
2026-04-04 09:15:00,inbound,14.77037037037037,12.0,405.0
2026-04-04 09:30:00,inbound,16.80757097791798,12.0,317.0
2026-04-04 09:45:00,inbound,11.963302752293577,11.0,436.0
2026-04-04 10:00:00,inbound,14.075757575757576,11.0,462.0
2026-04-04 10:15:00,inbound,15.793604651162791,10.0,344.0
2026-04-04 10:30:00,inbound,14.637969094922738,10.0,453.0
2026-04-04 10:45:00,inbound,19.335154826958107,10.0,549.0
2026-04-04 11:00:00,inbound,19.950877192982457,10.0,285.0
2026-04-04 11:15:00,inbound,21.709205020920503,11.0,478.0
2026-04-04 11:30:00,inbound,29.44950495049505,12.0,505.0
2026-04-04 11:45:00,inbound,26.023076923076925,12.0,390.0
2026-04-04 12:00:00,inbound,18.87878787878788,11.0,396.0
2026-04-04 12:15:00,inbound,22.817472698907956,7.0,641.0
2026-04-04 12:30:00,inbound,32.521126760563384,12.0,426.0
2026-04-04 12:45:00,inbound,25.455172413793104,8.0,725.0
2026-04-04 13:00:00,inbound,14.651245551601424,7.0,281.0
2026-04-04 13:15:00,inbound,32.03991596638655,14.0,476.0
2026-04-04 13:30:00,inbound,32.796380090497735,14.0,663.0
2026-04-04 13:45:00,inbound,32.00888888888889,14.0,675.0
2026-04-04 14:00:00,inbound,45.44891640866873,45.0,323.0
2026-04-04 14:15:00,inbound,39.910628019323674,37.0,414.0
2026-04-04 14:30:00,inbound,32.90984974958264,8.0,599.0
2026-04-04 14:45:00,inbound,28.013157894736842,8.0,380.0
2026-04-04 15:00:00,inbound,22.346478873239437,8.0,355.0
2026-04-04 15:15:00,inbound,32.54421768707483,37.0,441.0
2026-04-04 15:30:00,inbound,31.627962085308056,45.0,422.0
2026-04-04 15:45:00,inbound,28.106761565836297,8.0,562.0
2026-04-04 16:00:00,inbound,35.51015228426396,45.0,394.0
2026-04-04 16:15:00,inbound,33.15342960288809,46.0,554.0
2026-04-04 16:30:00,inbound,26.275659824046922,9.0,341.0
2026-04-04 16:45:00,inbound,22.47878787878788,8.0,330.0
2026-04-04 17:00:00,inbound,24.280973451327434,9.0,452.0
2026-04-04 17:15:00,inbound,30.733695652173914,43.0,368.0
2026-04-04 17:30:00,inbound,35.74734042553192,45.0,376.0
2026-04-04 17:45:00,inbound,31.752,43.0,375.0
2026-04-04 18:00:00,inbound,33.412017167381975,49.0,233.0
2026-04-04 18:15:00,inbound,30.87214611872146,13.0,219.0
2026-04-04 18:30:00,inbound,34.846062052505964,43.0,838.0
2026-04-04 18:45:00,inbound,25.77536231884058,13.0,414.0
2026-04-04 19:00:00,inbound,33.5395256916996,41.0,506.0
2026-04-04 19:15:00,inbound,28.037037037037038,17.0,432.0
2026-04-04 19:30:00,inbound,26.978896103896105,12.0,616.0
2026-04-04 19:45:00,inbound,33.71937639198218,41.0,449.0
2026-04-04 20:00:00,inbound,29.815068493150687,17.0,438.0
2026-04-04 20:15:00,inbound,33.15869565217391,41.0,460.0
2026-04-04 20:30:00,inbound,27.980728051391864,17.0,467.0
2026-04-04 20:45:00,inbound,26.973372781065088,17.0,338.0
2026-04-04 21:00:00,inbound,18.067441860465117,11.0,430.0
2026-04-04 21:15:00,inbound,17.6,11.0,395.0
2026-04-04 21:30:00,inbound,13.806338028169014,10.0,284.0
2026-04-04 21:45:00,inbound,18.88105726872247,10.0,227.0
2026-04-04 22:00:00,inbound,19.27810650887574,11.0,338.0
2026-04-04 22:15:00,inbound,24.094488188976378,14.0,254.0
2026-04-04 22:30:00,inbound,20.703703703703702,14.0,243.0
2026-04-04 22:45:00,inbound,18.780564263322884,11.0,319.0
2026-04-04 23:00:00,inbound,17.641255605381165,11.0,223.0
2026-04-04 23:15:00,inbound,13.640625,11.0,128.0
2026-04-04 23:30:00,inbound,10.36,11.0,75.0
2026-04-04 23:45:00,inbound,8.515151515151516,7.0,66.0
2026-04-05 00:00:00,inbound,,,
2026-04-05 00:15:00,inbound,,,
2026-04-05 00:30:00,inbound,,,
2026-04-05 00:45:00,inbound,,,
2026-04-05 01:00:00,inbound,,,
2026-04-05 01:15:00,inbound,,,
2026-04-05 01:30:00,inbound,,,
2026-04-05 01:45:00,inbound,,,
2026-04-05 02:00:00,inbound,,,
2026-04-05 02:15:00,inbound,,,
2026-04-05 02:30:00,inbound,,,
2026-04-05 02:45:00,inbound,3.0,3.0,10.0
2026-04-05 03:00:00,inbound,4.56,5.0,50.0
2026-04-05 03:15:00,inbound,7.089743589743589,5.0,78.0
2026-04-05 03:30:00,inbound,7.810344827586207,5.0,116.0
2026-04-05 03:45:00,inbound,4.144736842105263,4.0,152.0
2026-04-05 04:00:00,inbound,4.958041958041958,5.0,143.0
2026-04-05 04:15:00,inbound,5.074183976261128,5.0,337.0
2026-04-05 04:30:00,inbound,2.6166666666666667,5.0,360.0
2026-04-05 04:45:00,inbound,-8.240343347639485,5.0,233.0
2026-04-05 05:00:00,inbound,0.5,5.0,798.0
2026-04-05 05:15:00,inbound,3.5794117647058825,5.0,680.0
2026-04-05 05:30:00,inbound,4.507444168734492,5.0,806.0
2026-04-05 05:45:00,inbound,2.6335078534031413,5.0,573.0
2026-04-05 06:00:00,inbound,1.3245454545454545,5.0,1100.0
2026-04-05 06:15:00,inbound,2.563855421686747,5.0,830.0
2026-04-05 06:30:00,inbound,-0.47980997624703087,5.0,421.0
2026-04-05 06:45:00,inbound,2.660485021398003,5.0,701.0
2026-04-05 07:00:00,inbound,3.3800350262697023,4.0,571.0
2026-04-05 07:15:00,inbound,3.5938375350140057,6.0,357.0
2026-04-05 07:30:00,inbound,1.7767441860465116,8.0,645.0
2026-04-05 07:45:00,inbound,7.3130904183535765,8.0,741.0
2026-04-05 08:00:00,inbound,12.536624203821656,12.0,628.0
2026-04-05 08:15:00,inbound,11.181818181818182,7.0,308.0
2026-04-05 08:30:00,inbound,16.756183745583037,17.0,849.0
2026-04-05 08:45:00,inbound,9.730584192439862,6.0,1455.0
2026-04-05 09:00:00,inbound,11.798457087753134,7.0,1037.0
2026-04-05 09:15:00,inbound,12.948366013071896,7.0,1530.0
2026-04-05 09:30:00,inbound,14.771446862996159,14.0,1562.0
2026-04-05 09:45:00,inbound,17.10097719869707,17.0,1228.0
2026-04-05 10:00:00,inbound,17.09516129032258,17.0,1240.0
2026-04-05 10:15:00,inbound,17.299465240641712,17.0,935.0
2026-04-05 10:30:00,inbound,18.773988439306358,20.0,1730.0
2026-04-05 10:45:00,inbound,15.545307443365695,13.0,1236.0
2026-04-05 11:00:00,inbound,18.76824034334764,21.0,932.0
2026-04-05 11:15:00,inbound,16.37425149700599,15.0,1336.0
2026-04-05 11:30:00,inbound,17.560481317289423,15.0,1579.0
2026-04-05 11:45:00,inbound,17.670652173913044,18.0,920.0
2026-04-05 12:00:00,inbound,15.314027149321268,15.0,1105.0
2026-04-05 12:15:00,inbound,16.7441113490364,15.0,934.0
2026-04-05 12:30:00,inbound,17.905982905982906,18.0,468.0
2026-04-05 12:45:00,inbound,9.842239185750635,9.0,786.0
2026-04-05 13:00:00,inbound,16.326822916666668,10.0,768.0
2026-04-05 13:15:00,inbound,12.870535714285714,9.0,672.0
2026-04-05 13:30:00,inbound,20.885467980295566,10.0,812.0
2026-04-05 13:45:00,inbound,19.761544920235096,12.0,1191.0
2026-04-05 14:00:00,inbound,20.56811048336472,14.0,1593.0
2026-04-05 14:15:00,inbound,17.9136,13.0,1250.0
2026-04-05 14:30:00,inbound,22.55211726384365,16.0,1228.0
2026-04-05 14:45:00,inbound,24.33887349953832,19.0,1083.0
2026-04-05 15:00:00,inbound,20.43493552168816,13.0,853.0
2026-04-05 15:15:00,inbound,19.88412017167382,13.0,699.0
2026-04-05 15:30:00,inbound,20.8886925795053,13.0,1132.0
2026-04-05 15:45:00,inbound,22.025839793281655,13.0,1161.0
2026-04-05 16:00:00,inbound,21.589967284623775,13.0,917.0
2026-04-05 16:15:00,inbound,24.651982378854626,18.0,681.0
2026-04-05 16:30:00,inbound,26.8101802757158,16.0,943.0
2026-04-05 16:45:00,inbound,24.281407035175878,13.0,995.0
2026-04-05 17:00:00,inbound,22.90962962962963,13.0,1350.0
2026-04-05 17:15:00,inbound,19.839201877934272,13.0,852.0
2026-04-05 17:30:00,inbound,15.315934065934066,11.0,728.0
2026-04-05 17:45:00,inbound,12.04551365409623,10.0,769.0
2026-04-05 18:00:00,inbound,18.062626262626264,11.0,990.0
2026-04-05 18:15:00,inbound,19.99,13.0,1200.0
2026-04-05 18:30:00,inbound,24.242564102564103,16.0,1950.0
2026-04-05 18:45:00,inbound,24.941618015012512,16.0,1199.0
2026-04-05 19:00:00,inbound,23.395912187736563,16.0,1321.0
2026-04-05 19:15:00,inbound,20.273658536585366,13.0,2050.0
2026-04-05 19:30:00,inbound,35.50181378476421,21.0,827.0
2026-04-05 19:45:00,inbound,24.942703670546106,13.0,1117.0
2026-04-05 20:00:00,inbound,27.017543859649123,16.0,912.0
2026-04-05 20:15:00,inbound,22.863358778625955,14.0,1310.0
2026-04-05 20:30:00,inbound,21.330827067669173,16.0,1064.0
2026-04-05 20:45:00,inbound,18.300710339384374,16.0,1267.0
2026-04-05 21:00:00,inbound,18.164034021871203,16.0,823.0
2026-04-05 21:15:00,inbound,18.363636363636363,16.0,1188.0
2026-04-05 21:30:00,inbound,16.763962065331928,16.0,949.0
2026-04-05 21:45:00,inbound,18.071428571428573,16.0,700.0
2026-04-05 22:00:00,inbound,19.396551724137932,16.0,406.0
2026-04-05 22:15:00,inbound,18.392857142857142,15.0,644.0
2026-04-05 22:30:00,inbound,23.91830985915493,16.0,355.0
2026-04-05 22:45:00,inbound,21.77578475336323,16.0,223.0
2026-04-05 23:00:00,inbound,24.491525423728813,16.0,177.0
2026-04-05 23:15:00,inbound,19.110091743119266,15.0,109.0
2026-04-05 23:30:00,inbound,9.39655172413793,0.0,58.0
2026-04-05 23:45:00,inbound,1.6666666666666667,0.0,33.0
2026-04-06 00:00:00,inbound,,,
2026-04-06 00:15:00,inbound,,,
2026-04-06 00:30:00,inbound,,,
2026-04-06 00:45:00,inbound,,,
2026-04-06 01:00:00,inbound,,,
2026-04-06 01:15:00,inbound,,,
2026-04-06 01:30:00,inbound,,,
2026-04-06 01:45:00,inbound,,,
2026-04-06 02:00:00,inbound,,,
2026-04-06 02:15:00,inbound,,,
2026-04-06 02:30:00,inbound,,,
2026-04-06 02:45:00,inbound,,,
2026-04-06 03:00:00,inbound,,,
2026-04-06 03:15:00,inbound,,,
2026-04-06 03:30:00,inbound,5.0,5.0,17.0
2026-04-06 03:45:00,inbound,4.403846153846154,5.0,52.0
2026-04-06 04:00:00,inbound,4.056603773584905,5.0,53.0
2026-04-06 04:15:00,inbound,4.504587155963303,5.0,109.0
2026-04-06 04:30:00,inbound,-3.709090909090909,5.0,165.0
2026-04-06 04:45:00,inbound,-3.7804878048780486,5.0,369.0
2026-04-06 05:00:00,inbound,4.713692946058091,5.0,241.0
2026-04-06 05:15:00,inbound,3.6512968299711814,5.0,347.0
2026-04-06 05:30:00,inbound,6.579113924050633,5.0,316.0
2026-04-06 05:45:00,inbound,7.852320675105485,5.0,237.0
2026-04-06 06:00:00,inbound,3.1469465648854964,5.0,524.0
2026-04-06 06:15:00,inbound,5.593548387096774,5.0,465.0
2026-04-06 06:30:00,inbound,7.759643916913946,15.0,337.0
2026-04-06 06:45:00,inbound,10.12037037037037,8.0,540.0
2026-04-06 07:00:00,inbound,8.773809523809524,4.0,588.0
2026-04-06 07:15:00,inbound,10.481092436974789,8.0,476.0
2026-04-06 07:30:00,inbound,7.667334669338677,5.0,998.0
2026-04-06 07:45:00,inbound,8.710743801652892,7.0,605.0
2026-04-06 08:00:00,inbound,10.138775510204082,8.0,490.0
2026-04-06 08:15:00,inbound,9.114,7.0,500.0
2026-04-06 08:30:00,inbound,8.8375,7.0,1040.0
2026-04-06 08:45:00,inbound,7.9050802139037435,4.0,748.0
2026-04-06 09:00:00,inbound,9.008968609865471,4.0,446.0
2026-04-06 09:15:00,inbound,10.448733413751508,7.0,829.0
2026-04-06 09:30:00,inbound,11.174107142857142,9.0,448.0
2026-04-06 09:45:00,inbound,12.255474452554745,12.0,548.0
2026-04-06 10:00:00,inbound,13.961538461538462,12.0,988.0
2026-04-06 10:15:00,inbound,14.89482470784641,12.0,599.0
2026-04-06 10:30:00,inbound,9.830369357045143,7.0,731.0
2026-04-06 10:45:00,inbound,16.18686868686869,15.0,792.0
2026-04-06 11:00:00,inbound,19.98090277777778,24.0,576.0
2026-04-06 11:15:00,inbound,17.662188099808063,18.0,521.0
2026-04-06 11:30:00,inbound,18.504444444444445,18.0,450.0
2026-04-06 11:45:00,inbound,16.08623087621697,15.0,719.0
2026-04-06 12:00:00,inbound,19.819477434679335,17.0,421.0
2026-04-06 12:15:00,inbound,12.96311475409836,14.0,488.0
2026-04-06 12:30:00,inbound,17.98805970149254,15.0,670.0
2026-04-06 12:45:00,inbound,11.577720207253886,6.0,772.0
2026-04-06 13:00:00,inbound,12.069321533923304,5.0,678.0
2026-04-06 13:15:00,inbound,12.037037037037036,7.0,945.0
2026-04-06 13:30:00,inbound,14.577661431064572,13.0,573.0
2026-04-06 13:45:00,inbound,14.74537037037037,8.5,648.0
2026-04-06 14:00:00,inbound,21.886402753872634,15.0,581.0
2026-04-06 14:15:00,inbound,20.242248062015506,15.0,516.0
2026-04-06 14:30:00,inbound,23.094972067039105,15.0,358.0
2026-04-06 14:45:00,inbound,17.987364620938628,13.0,554.0
2026-04-06 15:00:00,inbound,15.292828685258964,8.0,502.0
2026-04-06 15:15:00,inbound,14.49618320610687,7.0,393.0
2026-04-06 15:30:00,inbound,12.730290456431534,7.0,723.0
2026-04-06 15:45:00,inbound,13.187393526405451,9.0,587.0
2026-04-06 16:00:00,inbound,14.94225721784777,13.0,762.0
2026-04-06 16:15:00,inbound,14.657553956834532,9.0,695.0
2026-04-06 16:30:00,inbound,17.720750551876378,13.0,906.0
2026-04-06 16:45:00,inbound,17.3765625,13.0,640.0
2026-04-06 17:00:00,inbound,14.92421052631579,13.0,475.0
2026-04-06 17:15:00,inbound,16.96875,13.0,448.0
2026-04-06 17:30:00,inbound,15.057283142389526,13.0,611.0
2026-04-06 17:45:00,inbound,13.752461322081576,13.0,711.0
2026-04-06 18:00:00,inbound,14.783094098883572,13.0,627.0
2026-04-06 18:15:00,inbound,16.042194092827003,13.0,474.0
2026-04-06 18:30:00,inbound,13.80764163372859,13.0,759.0
2026-04-06 18:45:00,inbound,17.035714285714285,13.0,560.0
2026-04-06 19:00:00,inbound,21.670731707317074,13.0,656.0
2026-04-06 19:15:00,inbound,19.161987041036717,13.0,463.0
2026-04-06 19:30:00,inbound,21.698564593301434,21.0,209.0
2026-04-06 19:45:00,inbound,25.346613545816734,21.0,251.0
2026-04-06 20:00:00,inbound,22.071875,15.0,320.0
2026-04-06 20:15:00,inbound,17.956190476190475,13.0,525.0
2026-04-06 20:30:00,inbound,26.03053435114504,34.0,131.0
2026-04-06 20:45:00,inbound,19.0,13.0,437.0
2026-04-06 21:00:00,inbound,23.474530831099194,19.0,373.0
2026-04-06 21:15:00,inbound,21.223333333333333,16.0,300.0
2026-04-06 21:30:00,inbound,20.757009345794394,18.0,214.0
2026-04-06 21:45:00,inbound,16.248730964467004,16.0,394.0
2026-04-06 22:00:00,inbound,17.697674418604652,16.0,344.0
2026-04-06 22:15:00,inbound,20.252707581227437,16.0,277.0
2026-04-06 22:30:00,inbound,18.556603773584907,16.0,318.0
2026-04-06 22:45:00,inbound,15.4009009009009,15.0,222.0
2026-04-06 23:00:00,inbound,16.30939226519337,15.0,181.0
2026-04-06 23:15:00,inbound,13.407407407407407,9.0,162.0
2026-04-06 23:30:00,inbound,10.146341463414634,0.0,41.0
2026-04-06 23:45:00,inbound,1.3428571428571427,0.0,70.0
2026-04-07 00:00:00,inbound,,,
2026-04-07 00:15:00,inbound,,,
2026-04-07 00:30:00,inbound,,,
2026-04-07 00:45:00,inbound,,,
2026-04-07 01:00:00,inbound,,,
2026-04-07 01:15:00,inbound,,,
2026-04-07 01:30:00,inbound,,,
2026-04-07 01:45:00,inbound,,,
2026-04-07 02:00:00,inbound,,,
2026-04-07 02:15:00,inbound,,,
2026-04-07 02:30:00,inbound,,,
2026-04-07 02:45:00,inbound,,,
2026-04-07 03:00:00,inbound,,,
2026-04-07 03:15:00,inbound,20.347826086956523,18.0,23.0
2026-04-07 03:30:00,inbound,21.733333333333334,24.0,60.0
2026-04-07 03:45:00,inbound,19.38121546961326,18.0,181.0
2026-04-07 04:00:00,inbound,18.363636363636363,18.0,99.0
2026-04-07 04:15:00,inbound,16.26530612244898,18.0,98.0
2026-04-07 04:30:00,inbound,16.213740458015266,18.0,131.0
2026-04-07 04:45:00,inbound,16.268382352941178,18.0,272.0
2026-04-07 05:00:00,inbound,17.545454545454547,18.0,220.0
2026-04-07 05:15:00,inbound,17.931740614334473,18.0,586.0
2026-04-07 05:30:00,inbound,17.20948012232416,18.0,654.0
2026-04-07 05:45:00,inbound,16.137724550898202,18.0,501.0
2026-04-07 06:00:00,inbound,14.22184300341297,16.0,586.0
2026-04-07 06:15:00,inbound,14.921985815602836,18.0,705.0
2026-04-07 06:30:00,inbound,15.259391771019677,18.0,559.0
2026-04-07 06:45:00,inbound,13.978787878787879,18.0,660.0
2026-04-07 07:00:00,inbound,14.0459940652819,16.0,674.0
2026-04-07 07:15:00,inbound,15.149750415973378,16.0,601.0
2026-04-07 07:30:00,inbound,16.943738656987296,16.0,551.0
2026-04-07 07:45:00,inbound,15.260810810810812,12.0,740.0
2026-04-07 08:00:00,inbound,16.15586206896552,12.0,725.0
2026-04-07 08:15:00,inbound,19.291609353507564,12.0,727.0
2026-04-07 08:30:00,inbound,21.87017543859649,12.0,570.0
2026-04-07 08:45:00,inbound,15.02664298401421,9.0,563.0
2026-04-07 09:00:00,inbound,19.971465629053178,12.0,771.0
2026-04-07 09:15:00,inbound,21.282420749279538,14.0,347.0
2026-04-07 09:30:00,inbound,25.413361169102295,18.0,479.0
2026-04-07 09:45:00,inbound,25.785326086956523,16.0,368.0
2026-04-07 10:00:00,inbound,24.806451612903224,17.0,527.0
2026-04-07 10:15:00,inbound,23.874734607218684,17.0,471.0
2026-04-07 10:30:00,inbound,23.20877192982456,18.0,570.0
2026-04-07 10:45:00,inbound,25.47557003257329,18.0,614.0
2026-04-07 11:00:00,inbound,22.11460258780037,17.0,541.0
2026-04-07 11:15:00,inbound,18.887892376681613,17.0,446.0
2026-04-07 11:30:00,inbound,16.26732673267327,17.0,303.0
2026-04-07 11:45:00,inbound,17.11912225705329,15.0,319.0
2026-04-07 12:00:00,inbound,20.245192307692307,18.0,416.0
2026-04-07 12:15:00,inbound,18.87550200803213,17.0,249.0
2026-04-07 12:30:00,inbound,12.94327990135635,11.0,811.0
2026-04-07 12:45:00,inbound,11.44140625,11.0,512.0
2026-04-07 13:00:00,inbound,10.149078726968174,9.0,597.0
2026-04-07 13:15:00,inbound,11.629294755877034,13.0,553.0
2026-04-07 13:30:00,inbound,10.830434782608696,10.0,460.0
2026-04-07 13:45:00,inbound,13.828254847645429,15.0,722.0
2026-04-07 14:00:00,inbound,14.181818181818182,15.0,539.0
2026-04-07 14:15:00,inbound,15.143225806451612,15.0,775.0
2026-04-07 14:30:00,inbound,12.862745098039216,13.0,510.0
2026-04-07 14:45:00,inbound,15.536666666666667,15.0,600.0
2026-04-07 15:00:00,inbound,15.441821247892074,16.0,593.0
2026-04-07 15:15:00,inbound,15.220462850182704,16.0,821.0
2026-04-07 15:30:00,inbound,16.66875,19.0,800.0
2026-04-07 15:45:00,inbound,16.886363636363637,16.0,572.0
2026-04-07 16:00:00,inbound,17.730722154222768,19.0,817.0
2026-04-07 16:15:00,inbound,17.255597014925375,16.0,536.0
2026-04-07 16:30:00,inbound,16.652027027027028,16.0,592.0
2026-04-07 16:45:00,inbound,16.120200333889816,21.0,599.0
2026-04-07 17:00:00,inbound,22.25,26.0,316.0
2026-04-07 17:15:00,inbound,18.459976105137397,21.0,837.0
2026-04-07 17:30:00,inbound,16.044554455445546,13.0,404.0
2026-04-07 17:45:00,inbound,16.19437652811736,13.0,818.0
2026-04-07 18:00:00,inbound,17.001438848920863,13.0,695.0
2026-04-07 18:15:00,inbound,17.7462482946794,13.0,733.0
2026-04-07 18:30:00,inbound,22.390602055800294,21.0,681.0
2026-04-07 18:45:00,inbound,18.274793388429753,21.0,484.0
2026-04-07 19:00:00,inbound,17.304242424242425,18.0,825.0
2026-04-07 19:15:00,inbound,19.70952380952381,21.0,630.0
2026-04-07 19:30:00,inbound,18.749668874172187,21.0,755.0
2026-04-07 19:45:00,inbound,19.37854251012146,16.5,494.0
2026-04-07 20:00:00,inbound,20.891603053435116,18.0,655.0
2026-04-07 20:15:00,inbound,24.89064976228209,20.0,631.0
2026-04-07 20:30:00,inbound,21.14490674318508,20.0,697.0
2026-04-07 20:45:00,inbound,24.509036144578314,20.0,332.0
2026-04-07 21:00:00,inbound,25.37142857142857,20.0,665.0
2026-04-07 21:15:00,inbound,24.421553090332804,18.0,631.0
2026-04-07 21:30:00,inbound,20.12701612903226,18.0,496.0
2026-04-07 21:45:00,inbound,23.058309037900873,9.0,343.0
2026-04-07 22:00:00,inbound,23.986725663716815,8.0,226.0
2026-04-07 22:15:00,inbound,24.903846153846153,8.0,260.0
2026-04-07 22:30:00,inbound,26.895652173913042,8.0,115.0
2026-04-07 22:45:00,inbound,26.372093023255815,9.0,129.0
2026-04-07 23:00:00,inbound,30.076923076923077,9.0,39.0
2026-04-07 23:15:00,inbound,36.114754098360656,55.0,61.0
2026-04-07 23:30:00,inbound,53.755102040816325,67.0,49.0
2026-04-07 23:45:00,inbound,34.27906976744186,67.0,43.0
2026-04-08 00:00:00,inbound,,,
2026-04-08 00:15:00,inbound,,,
2026-04-08 00:30:00,inbound,,,
2026-04-08 00:45:00,inbound,,,
2026-04-08 01:00:00,inbound,,,
2026-04-08 01:15:00,inbound,,,
2026-04-08 01:30:00,inbound,,,
2026-04-08 01:45:00,inbound,,,
2026-04-08 02:00:00,inbound,,,
2026-04-08 02:15:00,inbound,,,
2026-04-08 02:30:00,inbound,,,
2026-04-08 02:45:00,inbound,11.0,11.0,2.0
2026-04-08 03:00:00,inbound,11.0,11.0,44.0
2026-04-08 03:15:00,inbound,8.654411764705882,7.5,272.0
2026-04-08 03:30:00,inbound,9.842592592592593,7.5,108.0
2026-04-08 03:45:00,inbound,9.802083333333334,7.5,96.0
2026-04-08 04:00:00,inbound,10.353658536585366,8.0,492.0
2026-04-08 04:15:00,inbound,10.511873350923484,8.0,758.0
2026-04-08 04:30:00,inbound,11.43719806763285,9.0,414.0
2026-04-08 04:45:00,inbound,10.858649789029537,8.0,948.0
2026-04-08 05:00:00,inbound,10.481361426256077,8.0,1234.0
2026-04-08 05:15:00,inbound,9.566901408450704,8.0,1420.0
2026-04-08 05:30:00,inbound,9.657384987893462,8.0,1652.0
2026-04-08 05:45:00,inbound,9.35242718446602,8.0,1030.0
2026-04-08 06:00:00,inbound,10.169853768278966,9.0,1778.0
2026-04-08 06:15:00,inbound,11.172684458398743,9.0,1274.0
2026-04-08 06:30:00,inbound,11.377028714107366,10.0,1602.0
2026-04-08 06:45:00,inbound,10.470394736842104,9.0,1520.0
2026-04-08 07:00:00,inbound,13.407933398628796,10.0,2042.0
2026-04-08 07:15:00,inbound,13.397905759162304,10.0,2292.0
2026-04-08 07:30:00,inbound,11.863636363636363,10.0,1628.0
2026-04-08 07:45:00,inbound,12.210487444608567,10.0,1354.0
2026-04-08 08:00:00,inbound,12.899535423925668,10.0,1722.0
2026-04-08 08:15:00,inbound,10.596194503171247,9.0,946.0
2026-04-08 08:30:00,inbound,13.551810237203496,10.0,1602.0
2026-04-08 08:45:00,inbound,12.91733870967742,10.0,1488.0
2026-04-08 09:00:00,inbound,12.029080675422138,10.0,1066.0
2026-04-08 09:15:00,inbound,17.976550680786687,16.0,1322.0
2026-04-08 09:30:00,inbound,16.799837925445704,14.0,1234.0
2026-04-08 09:45:00,inbound,18.807622504537203,16.0,1102.0
2026-04-08 10:00:00,inbound,15.930203045685278,14.0,1576.0
2026-04-08 10:15:00,inbound,13.846036585365853,13.0,1312.0
2026-04-08 10:30:00,inbound,13.602161100196463,13.0,1018.0
2026-04-08 10:45:00,inbound,12.482408660351826,12.0,1478.0
2026-04-08 11:00:00,inbound,11.494582043343653,11.0,1292.0
2026-04-08 11:15:00,inbound,11.565436241610739,12.0,596.0
2026-04-08 11:30:00,inbound,10.998760842627014,10.0,1614.0
2026-04-08 11:45:00,inbound,11.445573294629899,11.0,1378.0
2026-04-08 12:00:00,inbound,10.244498777506113,8.0,1636.0
2026-04-08 12:15:00,inbound,9.813559322033898,8.0,944.0
2026-04-08 12:30:00,inbound,10.456702253855278,9.0,1686.0
2026-04-08 12:45:00,inbound,10.415,10.0,1400.0
2026-04-08 13:00:00,inbound,11.193018480492814,11.0,974.0
2026-04-08 13:15:00,inbound,9.768151815181518,10.0,1212.0
2026-04-08 13:30:00,inbound,11.110749185667752,10.0,1228.0
2026-04-08 13:45:00,inbound,10.377604166666666,10.0,1152.0
2026-04-08 14:00:00,inbound,11.149178255372945,10.0,1582.0
2026-04-08 14:15:00,inbound,12.660990712074303,11.0,1292.0
2026-04-08 14:30:00,inbound,12.579365079365079,11.0,1134.0
2026-04-08 14:45:00,inbound,13.843146718146718,11.0,2072.0
2026-04-08 15:00:00,inbound,14.023577235772358,11.0,1230.0
2026-04-08 15:15:00,inbound,14.316638370118845,11.0,1178.0
2026-04-08 15:30:00,inbound,13.69937369519833,11.0,958.0
2026-04-08 15:45:00,inbound,14.781302170283807,11.0,1198.0
2026-04-08 16:00:00,inbound,15.338120104438643,14.0,1532.0
2026-04-08 16:15:00,inbound,15.607476635514018,14.0,1070.0
2026-04-08 16:30:00,inbound,16.340690978886755,14.0,1042.0
2026-04-08 16:45:00,inbound,16.448924731182796,14.0,1116.0
2026-04-08 17:00:00,inbound,16.837790697674418,14.0,1720.0
2026-04-08 17:15:00,inbound,16.222672064777328,14.0,1482.0
2026-04-08 17:30:00,inbound,16.761061946902654,15.0,678.0
2026-04-08 17:45:00,inbound,20.49078947368421,23.0,760.0
2026-04-08 18:00:00,inbound,19.22517006802721,17.0,1470.0
2026-04-08 18:15:00,inbound,21.664835164835164,17.0,910.0
2026-04-08 18:30:00,inbound,23.155378486055778,24.0,1004.0
2026-04-08 18:45:00,inbound,24.2112810707457,25.0,1046.0
2026-04-08 19:00:00,inbound,21.944827586206898,21.0,1015.0
2026-04-08 19:15:00,inbound,23.260430686406462,21.0,1486.0
2026-04-08 19:30:00,inbound,23.194868238557557,21.0,1442.0
2026-04-08 19:45:00,inbound,20.259860788863108,17.0,862.0
2026-04-08 20:00:00,inbound,23.929698708751793,26.0,1394.0
2026-04-08 20:15:00,inbound,24.312968917470524,26.0,933.0
2026-04-08 20:30:00,inbound,24.781310837118752,26.0,1541.0
2026-04-08 20:45:00,inbound,21.84267453294002,20.0,1017.0
2026-04-08 21:00:00,inbound,24.233333333333334,26.0,1320.0
2026-04-08 21:15:00,inbound,22.822277847309138,20.0,799.0
2026-04-08 21:30:00,inbound,21.30824008138352,20.0,983.0
2026-04-08 21:45:00,inbound,22.24312333629104,20.0,1127.0
2026-04-08 22:00:00,inbound,20.69348127600555,20.0,721.0
2026-04-08 22:15:00,inbound,19.33146853146853,20.0,715.0
2026-04-08 22:30:00,inbound,23.095389507154213,26.0,629.0
2026-04-08 22:45:00,inbound,24.664556962025316,26.0,316.0
2026-04-08 23:00:00,inbound,25.95409836065574,26.0,305.0
2026-04-08 23:15:00,inbound,25.87037037037037,26.0,270.0
2026-04-08 23:30:00,inbound,25.602272727272727,26.0,176.0
2026-04-08 23:45:00,inbound,21.198019801980198,26.0,101.0
2026-04-09 00:00:00,inbound,,,
2026-04-09 00:15:00,inbound,,,
2026-04-09 00:30:00,inbound,,,
2026-04-09 00:45:00,inbound,,,
2026-04-09 01:00:00,inbound,,,
2026-04-09 01:15:00,inbound,,,
2026-04-09 01:30:00,inbound,,,
2026-04-09 01:45:00,inbound,,,
2026-04-09 02:00:00,inbound,,,
2026-04-09 02:15:00,inbound,,,
2026-04-09 02:30:00,inbound,15.0,15.0,16.0
2026-04-09 02:45:00,inbound,15.0,15.0,1.0
2026-04-09 03:00:00,inbound,15.0,15.0,13.0
2026-04-09 03:15:00,inbound,12.487179487179487,15.0,39.0
2026-04-09 03:30:00,inbound,13.18,15.0,50.0
2026-04-09 03:45:00,inbound,12.84375,12.0,96.0
2026-04-09 04:00:00,inbound,13.311827956989248,15.0,279.0
2026-04-09 04:15:00,inbound,13.264367816091953,15.0,174.0
2026-04-09 04:30:00,inbound,12.336538461538462,15.0,208.0
2026-04-09 04:45:00,inbound,13.215827338129497,15.0,417.0
2026-04-09 05:00:00,inbound,13.4937106918239,15.0,318.0
2026-04-09 05:15:00,inbound,12.046816479400748,12.0,534.0
2026-04-09 05:30:00,inbound,12.003044140030442,12.0,657.0
2026-04-09 05:45:00,inbound,11.260042283298096,12.0,473.0
2026-04-09 06:00:00,inbound,15.05491990846682,16.0,437.0
2026-04-09 06:15:00,inbound,12.610367892976589,15.0,598.0
2026-04-09 06:30:00,inbound,10.342668863261943,10.0,607.0
2026-04-09 06:45:00,inbound,11.459090909090909,10.0,440.0
2026-04-09 07:00:00,inbound,12.351145038167939,10.0,524.0
2026-04-09 07:15:00,inbound,15.953846153846154,11.0,520.0
2026-04-09 07:30:00,inbound,12.030905077262693,10.0,453.0
2026-04-09 07:45:00,inbound,14.758928571428571,16.0,336.0
2026-04-09 08:00:00,inbound,15.602209944751381,13.0,543.0
2026-04-09 08:15:00,inbound,15.664305949008499,13.0,706.0
2026-04-09 08:30:00,inbound,15.44894366197183,13.0,568.0
2026-04-09 08:45:00,inbound,15.488188976377952,12.0,635.0
2026-04-09 09:00:00,inbound,19.08,16.0,800.0
2026-04-09 09:15:00,inbound,16.337874659400544,12.0,367.0
2026-04-09 09:30:00,inbound,17.364485981308412,16.0,535.0
2026-04-09 09:45:00,inbound,22.305309734513273,22.0,226.0
2026-04-09 10:00:00,inbound,18.65990639625585,17.0,641.0
2026-04-09 10:15:00,inbound,15.890339425587467,16.0,766.0
2026-04-09 10:30:00,inbound,15.762250453720508,16.0,551.0
2026-04-09 10:45:00,inbound,15.857142857142858,16.0,378.0
2026-04-09 11:00:00,inbound,14.227941176470589,16.0,544.0
2026-04-09 11:15:00,inbound,13.354691075514873,14.0,437.0
2026-04-09 11:30:00,inbound,15.818401937046005,17.0,413.0
2026-04-09 11:45:00,inbound,15.482882882882883,16.0,555.0
2026-04-09 12:00:00,inbound,14.019911504424778,10.0,452.0
2026-04-09 12:15:00,inbound,16.07255520504732,17.0,317.0
2026-04-09 12:30:00,inbound,14.1976401179941,10.0,678.0
2026-04-09 12:45:00,inbound,15.308764940239044,14.0,502.0
2026-04-09 13:00:00,inbound,13.446058091286307,10.0,482.0
2026-04-09 13:15:00,inbound,13.679203539823009,10.0,452.0
2026-04-09 13:30:00,inbound,15.327067669172932,11.0,532.0
2026-04-09 13:45:00,inbound,14.302597402597403,10.0,770.0
2026-04-09 14:00:00,inbound,16.289795918367346,14.0,490.0
2026-04-09 14:15:00,inbound,18.21319796954315,20.0,788.0
2026-04-09 14:30:00,inbound,19.243506493506494,22.0,616.0
2026-04-09 14:45:00,inbound,20.75368139223561,22.0,747.0
2026-04-09 15:00:00,inbound,18.1147859922179,20.0,514.0
2026-04-09 15:15:00,inbound,17.428571428571427,19.0,504.0
2026-04-09 15:30:00,inbound,17.866323907455012,19.0,389.0
2026-04-09 15:45:00,inbound,14.31868131868132,16.0,455.0
2026-04-09 16:00:00,inbound,20.181340341655716,19.0,761.0
2026-04-09 16:15:00,inbound,18.743538767395627,16.0,503.0
2026-04-09 16:30:00,inbound,18.532894736842106,16.0,760.0
2026-04-09 16:45:00,inbound,16.575317604355718,15.0,551.0
2026-04-09 17:00:00,inbound,17.18508997429306,15.0,389.0
2026-04-09 17:15:00,inbound,20.591772151898734,16.0,316.0
2026-04-09 17:30:00,inbound,16.99851411589896,15.0,673.0
2026-04-09 17:45:00,inbound,16.959143968871594,15.0,514.0
2026-04-09 18:00:00,inbound,17.907133243607,13.0,743.0
2026-04-09 18:15:00,inbound,17.0,14.0,334.0
2026-04-09 18:30:00,inbound,22.204262877442275,15.0,563.0
2026-04-09 18:45:00,inbound,22.027322404371585,21.0,549.0
2026-04-09 19:00:00,inbound,18.208,14.0,375.0
2026-04-09 19:15:00,inbound,21.247579529737205,17.0,723.0
2026-04-09 19:30:00,inbound,21.923631123919307,20.0,694.0
2026-04-09 19:45:00,inbound,22.53953488372093,21.0,645.0
2026-04-09 20:00:00,inbound,23.774936061381073,24.0,782.0
2026-04-09 20:15:00,inbound,20.908122503328894,20.0,751.0
2026-04-09 20:30:00,inbound,20.375709421112372,20.0,881.0
2026-04-09 20:45:00,inbound,20.710526315789473,20.0,760.0
2026-04-09 21:00:00,inbound,20.18671679197995,17.0,798.0
2026-04-09 21:15:00,inbound,19.329153605015673,20.0,638.0
2026-04-09 21:30:00,inbound,19.040268456375838,20.0,447.0
2026-04-09 21:45:00,inbound,19.192015209125476,20.0,526.0
2026-04-09 22:00:00,inbound,15.612371134020618,16.0,485.0
2026-04-09 22:15:00,inbound,16.740359897172237,16.0,389.0
2026-04-09 22:30:00,inbound,14.935135135135136,13.0,370.0
2026-04-09 22:45:00,inbound,12.517571884984026,14.0,313.0
2026-04-09 23:00:00,inbound,12.267175572519085,10.0,131.0
2026-04-09 23:15:00,inbound,9.462264150943396,9.0,106.0
2026-04-09 23:30:00,inbound,7.397260273972603,4.0,73.0
2026-04-09 23:45:00,inbound,7.545454545454546,4.0,66.0
2026-03-15 14:00:00,outbound,15.425531914893616,11.0,47.0
2026-03-15 14:15:00,outbound,11.040084388185655,11.0,474.0
2026-03-15 14:30:00,outbound,9.803245436105477,6.0,493.0
2026-03-15 14:45:00,outbound,7.709677419354839,6.0,465.0
2026-03-15 15:00:00,outbound,10.01007556675063,6.0,397.0
2026-03-15 15:15:00,outbound,9.13495575221239,6.0,452.0
2026-03-15 15:30:00,outbound,12.535922330097087,12.0,515.0
2026-03-15 15:45:00,outbound,13.052631578947368,7.0,323.0
2026-03-15 16:00:00,outbound,15.296495956873315,7.0,371.0
2026-03-15 16:15:00,outbound,14.040590405904059,12.0,542.0
2026-03-15 16:30:00,outbound,12.100790513833992,7.0,506.0
2026-03-15 16:45:00,outbound,8.810578105781058,6.0,813.0
2026-03-15 17:00:00,outbound,8.601960784313725,6.0,510.0
2026-03-15 17:15:00,outbound,8.295238095238096,6.0,420.0
2026-03-15 17:30:00,outbound,8.020761245674741,7.0,578.0
2026-03-15 17:45:00,outbound,10.105413105413106,7.0,351.0
2026-03-15 18:00:00,outbound,10.995633187772926,7.0,458.0
2026-03-15 18:15:00,outbound,10.907597535934292,10.0,487.0
2026-03-15 18:30:00,outbound,9.516129032258064,10.0,372.0
2026-03-15 18:45:00,outbound,10.84022038567493,10.0,363.0
2026-03-15 19:00:00,outbound,8.207407407407407,4.0,270.0
2026-03-15 19:15:00,outbound,8.46058091286307,9.0,241.0
2026-03-15 19:30:00,outbound,6.1661016949152545,6.0,295.0
2026-03-15 19:45:00,outbound,13.213333333333333,9.0,300.0
2026-03-15 20:00:00,outbound,15.604895104895105,14.0,286.0
2026-03-15 20:15:00,outbound,13.202197802197801,9.0,455.0
2026-03-15 20:30:00,outbound,11.257001647446458,8.0,607.0
2026-03-15 20:45:00,outbound,13.158854166666666,9.0,384.0
2026-03-15 21:00:00,outbound,12.530474040632054,9.0,443.0
2026-03-15 21:15:00,outbound,10.6,8.0,460.0
2026-03-15 21:30:00,outbound,12.988165680473372,13.0,169.0
2026-03-15 21:45:00,outbound,10.034013605442176,7.0,294.0
2026-03-15 22:00:00,outbound,6.891666666666667,6.0,240.0
2026-03-15 22:15:00,outbound,7.682051282051282,7.0,195.0
2026-03-15 22:30:00,outbound,5.259818731117825,5.0,331.0
2026-03-15 22:45:00,outbound,4.408695652173913,5.0,230.0
2026-03-15 23:00:00,outbound,2.180451127819549,5.0,133.0
2026-03-15 23:15:00,outbound,1.2678571428571428,5.0,112.0
2026-03-15 23:30:00,outbound,-11.666666666666666,-28.0,99.0
2026-03-15 23:45:00,outbound,-10.024390243902438,4.0,82.0
2026-03-16 00:00:00,outbound,,,
2026-03-16 00:15:00,outbound,,,
2026-03-16 00:30:00,outbound,,,
2026-03-16 00:45:00,outbound,,,
2026-03-16 01:00:00,outbound,,,
2026-03-16 01:15:00,outbound,,,
2026-03-16 01:30:00,outbound,,,
2026-03-16 01:45:00,outbound,,,
2026-03-16 02:00:00,outbound,,,
2026-03-16 02:15:00,outbound,,,
2026-03-16 02:30:00,outbound,,,
2026-03-16 02:45:00,outbound,,,
2026-03-16 03:00:00,outbound,55.0,55.0,6.0
2026-03-16 03:15:00,outbound,55.0,55.0,8.0
2026-03-16 03:30:00,outbound,34.42857142857143,28.0,14.0
2026-03-16 03:45:00,outbound,30.93548387096774,28.0,31.0
2026-03-16 04:00:00,outbound,19.567901234567902,13.0,81.0
2026-03-16 04:15:00,outbound,22.884146341463413,13.0,164.0
2026-03-16 04:30:00,outbound,19.792763157894736,13.0,304.0
2026-03-16 04:45:00,outbound,22.913544668587896,21.0,347.0
2026-03-16 05:00:00,outbound,24.32183908045977,21.0,261.0
2026-03-16 05:15:00,outbound,30.911392405063292,33.0,158.0
2026-03-16 05:30:00,outbound,20.09748427672956,13.0,318.0
2026-03-16 05:45:00,outbound,12.07052186177715,13.0,709.0
2026-03-16 06:00:00,outbound,21.918088737201366,13.0,293.0
2026-03-16 06:15:00,outbound,20.820668693009118,13.0,658.0
2026-03-16 06:30:00,outbound,17.12343297974928,14.0,1037.0
2026-03-16 06:45:00,outbound,17.255014326647565,14.0,698.0
2026-03-16 07:00:00,outbound,23.52994350282486,21.0,885.0
2026-03-16 07:15:00,outbound,23.434163701067614,19.0,843.0
2026-03-16 07:30:00,outbound,13.97844827586207,10.0,464.0
2026-03-16 07:45:00,outbound,24.026315789473685,14.0,722.0
2026-03-16 08:00:00,outbound,17.832644628099175,14.0,484.0
2026-03-16 08:15:00,outbound,12.728260869565217,14.0,552.0
2026-03-16 08:30:00,outbound,9.50408719346049,19.0,367.0
2026-03-16 08:45:00,outbound,23.816216216216215,19.0,740.0
2026-03-16 09:00:00,outbound,25.362025316455696,19.0,790.0
2026-03-16 09:15:00,outbound,37.969574036511155,26.0,493.0
2026-03-16 09:30:00,outbound,32.47014925373134,20.5,536.0
2026-03-16 09:45:00,outbound,42.29454545454546,54.0,275.0
2026-03-16 10:00:00,outbound,32.918,22.0,500.0
2026-03-16 10:15:00,outbound,20.25,15.0,380.0
2026-03-16 10:30:00,outbound,38.23026315789474,22.0,304.0
2026-03-16 10:45:00,outbound,29.118055555555557,15.0,432.0
2026-03-16 11:00:00,outbound,30.890339425587467,13.0,383.0
2026-03-16 11:15:00,outbound,28.893203883495147,15.0,309.0
2026-03-16 11:30:00,outbound,39.32945736434109,49.0,258.0
2026-03-16 11:45:00,outbound,41.66101694915254,42.0,236.0
2026-03-16 12:00:00,outbound,32.80983606557377,16.0,305.0
2026-03-16 12:15:00,outbound,35.27037037037037,21.0,270.0
2026-03-16 12:30:00,outbound,44.03654485049834,58.0,301.0
2026-03-16 12:45:00,outbound,31.92654028436019,17.0,422.0
2026-03-16 13:00:00,outbound,34.72698412698413,42.0,315.0
2026-03-16 13:15:00,outbound,47.88333333333333,49.0,240.0
2026-03-16 13:30:00,outbound,35.15727002967359,42.0,337.0
2026-03-16 13:45:00,outbound,36.77150537634409,42.0,372.0
2026-03-16 14:00:00,outbound,29.31045751633987,17.0,306.0
2026-03-16 14:15:00,outbound,27.396039603960396,17.0,303.0
2026-03-16 14:30:00,outbound,29.393846153846155,17.0,325.0
2026-03-16 14:45:00,outbound,36.43847874720358,32.0,447.0
2026-03-16 15:00:00,outbound,34.1375,17.0,240.0
2026-03-16 15:15:00,outbound,37.3551637279597,17.0,397.0
2026-03-16 15:30:00,outbound,23.178217821782177,17.0,202.0
2026-03-16 15:45:00,outbound,41.52566371681416,31.0,565.0
2026-03-16 16:00:00,outbound,57.925925925925924,60.0,243.0
2026-03-16 16:15:00,outbound,53.89421157684631,59.0,501.0
2026-03-16 16:30:00,outbound,46.84123711340206,33.0,485.0
2026-03-16 16:45:00,outbound,36.735,31.0,600.0
2026-03-16 17:00:00,outbound,37.85162601626016,31.0,492.0
2026-03-16 17:15:00,outbound,40.5886524822695,31.0,705.0
2026-03-16 17:30:00,outbound,37.23037542662116,31.0,586.0
2026-03-16 17:45:00,outbound,50.92941176470588,31.0,340.0
2026-03-16 18:00:00,outbound,43.263754045307444,31.0,618.0
2026-03-16 18:15:00,outbound,38.5099052540913,29.0,1161.0
2026-03-16 18:30:00,outbound,45.21228545618789,33.0,1107.0
2026-03-16 18:45:00,outbound,42.48349834983498,33.0,606.0
2026-03-16 19:00:00,outbound,38.8875,33.0,1040.0
2026-03-16 19:15:00,outbound,34.924937447873226,31.0,1199.0
2026-03-16 19:30:00,outbound,42.14580801944107,34.0,823.0
2026-03-16 19:45:00,outbound,38.31011450381679,34.0,1048.0
2026-03-16 20:00:00,outbound,34.15840779853777,29.0,1231.0
2026-03-16 20:15:00,outbound,38.27295918367347,34.0,784.0
2026-03-16 20:30:00,outbound,48.51971830985916,41.0,710.0
2026-03-16 20:45:00,outbound,51.142857142857146,41.0,868.0
2026-03-16 21:00:00,outbound,55.79049295774648,57.0,568.0
2026-03-16 21:15:00,outbound,51.598,57.0,500.0
2026-03-16 21:30:00,outbound,44.852112676056336,41.0,426.0
2026-03-16 21:45:00,outbound,44.54515050167224,40.0,598.0
2026-03-16 22:00:00,outbound,42.15136054421769,40.0,588.0
2026-03-16 22:15:00,outbound,36.37081339712919,37.0,418.0
2026-03-16 22:30:00,outbound,27.407692307692308,23.0,260.0
2026-03-16 22:45:00,outbound,40.78212290502793,40.0,358.0
2026-03-16 23:00:00,outbound,50.62162162162162,46.0,259.0
2026-03-16 23:15:00,outbound,58.267857142857146,68.0,224.0
2026-03-16 23:30:00,outbound,56.42261904761905,46.0,168.0
2026-03-16 23:45:00,outbound,69.61764705882354,68.0,68.0
2026-03-17 00:00:00,outbound,,,
2026-03-17 00:15:00,outbound,,,
2026-03-17 00:30:00,outbound,,,
2026-03-17 00:45:00,outbound,,,
2026-03-17 01:00:00,outbound,,,
2026-03-17 01:15:00,outbound,,,
2026-03-17 01:30:00,outbound,,,
2026-03-17 01:45:00,outbound,,,
2026-03-17 02:00:00,outbound,,,
2026-03-17 02:15:00,outbound,,,
2026-03-17 02:30:00,outbound,,,
2026-03-17 02:45:00,outbound,,,
2026-03-17 03:00:00,outbound,,,
2026-03-17 03:15:00,outbound,,,
2026-03-17 03:30:00,outbound,,,
2026-03-17 03:45:00,outbound,,,
2026-03-17 04:00:00,outbound,,,
2026-03-17 04:15:00,outbound,,,
2026-03-17 04:30:00,outbound,,,
2026-03-17 04:45:00,outbound,,,
2026-03-17 05:00:00,outbound,,,
2026-03-17 05:15:00,outbound,,,
2026-03-17 05:30:00,outbound,,,
2026-03-17 05:45:00,outbound,,,
2026-03-17 06:00:00,outbound,,,
2026-03-17 06:15:00,outbound,,,
2026-03-17 06:30:00,outbound,,,
2026-03-17 06:45:00,outbound,,,
2026-03-17 07:00:00,outbound,,,
2026-03-17 07:15:00,outbound,,,
2026-03-17 07:30:00,outbound,,,
2026-03-17 07:45:00,outbound,,,
2026-03-17 08:00:00,outbound,,,
2026-03-17 08:15:00,outbound,,,
2026-03-17 08:30:00,outbound,,,
2026-03-17 08:45:00,outbound,,,
2026-03-17 09:00:00,outbound,,,
2026-03-17 09:15:00,outbound,,,
2026-03-17 09:30:00,outbound,,,
2026-03-17 09:45:00,outbound,,,
2026-03-17 10:00:00,outbound,,,
2026-03-17 10:15:00,outbound,,,
2026-03-17 10:30:00,outbound,,,
2026-03-17 10:45:00,outbound,,,
2026-03-17 11:00:00,outbound,,,
2026-03-17 11:15:00,outbound,,,
2026-03-17 11:30:00,outbound,,,
2026-03-17 11:45:00,outbound,,,
2026-03-17 12:00:00,outbound,,,
2026-03-17 12:15:00,outbound,,,
2026-03-17 12:30:00,outbound,,,
2026-03-17 12:45:00,outbound,,,
2026-03-17 13:00:00,outbound,,,
2026-03-17 13:15:00,outbound,,,
2026-03-17 13:30:00,outbound,,,
2026-03-17 13:45:00,outbound,,,
2026-03-17 14:00:00,outbound,,,
2026-03-17 14:15:00,outbound,,,
2026-03-17 14:30:00,outbound,,,
2026-03-17 14:45:00,outbound,,,
2026-03-17 15:00:00,outbound,,,
2026-03-17 15:15:00,outbound,,,
2026-03-17 15:30:00,outbound,,,
2026-03-17 15:45:00,outbound,,,
2026-03-17 16:00:00,outbound,,,
2026-03-17 16:15:00,outbound,,,
2026-03-17 16:30:00,outbound,,,
2026-03-17 16:45:00,outbound,,,
2026-03-17 17:00:00,outbound,,,
2026-03-17 17:15:00,outbound,,,
2026-03-17 17:30:00,outbound,,,
2026-03-17 17:45:00,outbound,,,
2026-03-17 18:00:00,outbound,,,
2026-03-17 18:15:00,outbound,,,
2026-03-17 18:30:00,outbound,,,
2026-03-17 18:45:00,outbound,,,
2026-03-17 19:00:00,outbound,,,
2026-03-17 19:15:00,outbound,39.344086021505376,33.0,279.0
2026-03-17 19:30:00,outbound,38.83232323232323,33.0,495.0
2026-03-17 19:45:00,outbound,32.26923076923077,27.0,390.0
2026-03-17 20:00:00,outbound,36.51126516464471,29.0,577.0
2026-03-17 20:15:00,outbound,31.717054263565892,29.0,258.0
2026-03-17 20:30:00,outbound,38.03217821782178,34.0,404.0
2026-03-17 20:45:00,outbound,37.42617449664429,35.0,298.0
2026-03-17 21:00:00,outbound,38.359778597785976,37.0,542.0
2026-03-17 21:15:00,outbound,43.12807881773399,43.0,406.0
2026-03-17 21:30:00,outbound,49.24519230769231,43.0,208.0
2026-03-17 21:45:00,outbound,49.64450867052023,37.0,346.0
2026-03-17 22:00:00,outbound,42.897887323943664,37.0,284.0
2026-03-17 22:15:00,outbound,52.910614525139664,59.0,179.0
2026-03-17 22:30:00,outbound,59.104166666666664,59.0,144.0
2026-03-17 22:45:00,outbound,62.13257575757576,59.0,264.0
2026-03-17 23:00:00,outbound,52.258823529411764,44.0,340.0
2026-03-17 23:15:00,outbound,51.517699115044245,44.0,226.0
2026-03-17 23:30:00,outbound,48.82832618025751,42.0,233.0
2026-03-17 23:45:00,outbound,34.246753246753244,34.0,154.0
2026-03-18 00:00:00,outbound,,,
2026-03-18 00:15:00,outbound,,,
2026-03-18 00:30:00,outbound,,,
2026-03-18 00:45:00,outbound,,,
2026-03-18 01:00:00,outbound,,,
2026-03-18 01:15:00,outbound,,,
2026-03-18 01:30:00,outbound,,,
2026-03-18 01:45:00,outbound,,,
2026-03-18 02:00:00,outbound,,,
2026-03-18 02:15:00,outbound,,,
2026-03-18 02:30:00,outbound,,,
2026-03-18 02:45:00,outbound,,,
2026-03-18 03:00:00,outbound,,,
2026-03-18 03:15:00,outbound,,,
2026-03-18 03:30:00,outbound,21.0,21.0,10.0
2026-03-18 03:45:00,outbound,,,
2026-03-18 04:00:00,outbound,,,
2026-03-18 04:15:00,outbound,9.123595505617978,11.0,89.0
2026-03-18 04:30:00,outbound,-1.4821428571428572,11.0,112.0
2026-03-18 04:45:00,outbound,13.505050505050505,11.0,198.0
2026-03-18 05:00:00,outbound,,,
2026-03-18 05:15:00,outbound,17.516819571865444,21.0,327.0
2026-03-18 05:30:00,outbound,15.554755043227665,16.0,694.0
2026-03-18 05:45:00,outbound,16.966339410939693,18.0,713.0
2026-03-18 06:00:00,outbound,18.02251655629139,19.0,755.0
2026-03-18 06:15:00,outbound,15.946107784431138,14.0,167.0
2026-03-18 06:30:00,outbound,,,
2026-03-18 06:45:00,outbound,18.631386861313867,16.0,822.0
2026-03-18 07:00:00,outbound,19.707831325301203,16.0,664.0
2026-03-18 07:15:00,outbound,24.92112676056338,27.0,710.0
2026-03-18 07:30:00,outbound,20.78152753108348,23.0,1126.0
2026-03-18 07:45:00,outbound,21.642857142857142,20.0,462.0
2026-03-18 08:00:00,outbound,19.96467991169978,19.0,453.0
2026-03-18 08:15:00,outbound,20.1257225433526,19.0,692.0
2026-03-18 08:30:00,outbound,17.755671902268762,19.0,573.0
2026-03-18 08:45:00,outbound,16.049707602339183,19.0,342.0
2026-03-18 09:00:00,outbound,13.272727272727273,18.0,242.0
2026-03-18 09:15:00,outbound,6.1213235294117645,6.0,272.0
2026-03-18 09:30:00,outbound,7.126865671641791,6.0,268.0
2026-03-18 09:45:00,outbound,-0.7670157068062827,3.0,382.0
2026-03-18 10:00:00,outbound,2.4272930648769573,3.0,447.0
2026-03-18 10:15:00,outbound,3.772222222222222,6.0,360.0
2026-03-18 10:30:00,outbound,3.058333333333333,6.0,240.0
2026-03-18 10:45:00,outbound,6.90307328605201,6.0,423.0
2026-03-18 11:00:00,outbound,6.95771144278607,6.0,402.0
2026-03-18 11:15:00,outbound,8.45,6.0,360.0
2026-03-18 11:30:00,outbound,9.282608695652174,6.0,276.0
2026-03-18 11:45:00,outbound,12.570833333333333,13.5,480.0
2026-03-18 12:00:00,outbound,17.640949554896142,22.0,337.0
2026-03-18 12:15:00,outbound,15.398148148148149,14.0,324.0
2026-03-18 12:30:00,outbound,11.845977011494252,6.0,435.0
2026-03-18 12:45:00,outbound,14.57422969187675,9.0,357.0
2026-03-18 13:00:00,outbound,12.89240506329114,9.0,158.0
2026-03-18 13:15:00,outbound,20.26993865030675,13.0,652.0
2026-03-18 13:30:00,outbound,18.74125874125874,13.0,429.0
2026-03-18 13:45:00,outbound,18.3121387283237,22.0,346.0
2026-03-18 14:00:00,outbound,20.268361581920903,22.0,708.0
2026-03-18 14:15:00,outbound,21.307368421052633,22.0,475.0
2026-03-18 14:30:00,outbound,24.100877192982455,22.0,456.0
2026-03-18 14:45:00,outbound,30.482233502538072,31.0,394.0
2026-03-18 15:00:00,outbound,34.05045871559633,40.0,436.0
2026-03-18 15:15:00,outbound,34.21989528795812,44.0,382.0
2026-03-18 15:30:00,outbound,40.301886792452834,46.0,265.0
2026-03-18 15:45:00,outbound,39.83050847457627,44.0,354.0
2026-03-18 16:00:00,outbound,35.73698630136986,42.0,365.0
2026-03-18 16:15:00,outbound,32.848571428571425,40.0,350.0
2026-03-18 16:30:00,outbound,27.84070796460177,42.0,226.0
2026-03-18 16:45:00,outbound,35.13389121338912,44.0,239.0
2026-03-18 17:00:00,outbound,28.598784194528875,42.0,658.0
2026-03-18 17:15:00,outbound,38.402272727272724,44.0,440.0
2026-03-18 17:30:00,outbound,41.55288461538461,44.0,208.0
2026-03-18 17:45:00,outbound,36.464,43.0,375.0
2026-03-18 18:00:00,outbound,25.147679324894515,42.0,237.0
2026-03-18 18:15:00,outbound,39.62148337595908,44.0,391.0
2026-03-18 18:30:00,outbound,49.6061776061776,49.0,259.0
2026-03-18 18:45:00,outbound,49.906724511930584,49.0,461.0
2026-03-18 19:00:00,outbound,44.09719626168224,43.0,535.0
2026-03-18 19:15:00,outbound,48.946969696969695,45.0,396.0
2026-03-18 19:30:00,outbound,42.035940803382665,43.0,473.0
2026-03-18 19:45:00,outbound,37.89367088607595,41.0,395.0
2026-03-18 20:00:00,outbound,37.62719298245614,41.0,456.0
2026-03-18 20:15:00,outbound,35.94822888283379,40.0,367.0
2026-03-18 20:30:00,outbound,38.23452157598499,40.0,533.0
2026-03-18 20:45:00,outbound,35.295918367346935,35.0,392.0
2026-03-18 21:00:00,outbound,36.60677966101695,35.0,590.0
2026-03-18 21:15:00,outbound,40.078125,40.0,256.0
2026-03-18 21:30:00,outbound,42.39111111111111,40.0,450.0
2026-03-18 21:45:00,outbound,45.9815668202765,40.0,217.0
2026-03-18 22:00:00,outbound,47.6053412462908,49.0,337.0
2026-03-18 22:15:00,outbound,40.63661971830986,40.0,355.0
2026-03-18 22:30:00,outbound,42.90521327014218,40.0,211.0
2026-03-18 22:45:00,outbound,36.16279069767442,29.0,172.0
2026-03-18 23:00:00,outbound,33.85016286644951,29.0,307.0
2026-03-18 23:15:00,outbound,32.30042918454936,35.0,233.0
2026-03-18 23:30:00,outbound,34.26724137931034,40.0,116.0
2026-03-18 23:45:00,outbound,37.74576271186441,40.0,118.0
2026-03-19 00:00:00,outbound,,,
2026-03-19 00:15:00,outbound,,,
2026-03-19 00:30:00,outbound,,,
2026-03-19 00:45:00,outbound,,,
2026-03-19 01:00:00,outbound,,,
2026-03-19 01:15:00,outbound,,,
2026-03-19 01:30:00,outbound,,,
2026-03-19 01:45:00,outbound,,,
2026-03-19 02:00:00,outbound,,,
2026-03-19 02:15:00,outbound,,,
2026-03-19 02:30:00,outbound,,,
2026-03-19 02:45:00,outbound,,,
2026-03-19 03:00:00,outbound,3.0,3.0,4.0
2026-03-19 03:15:00,outbound,,,
2026-03-19 03:30:00,outbound,4.246153846153846,4.0,65.0
2026-03-19 03:45:00,outbound,8.03225806451613,6.0,31.0
2026-03-19 04:00:00,outbound,3.2222222222222223,1.0,9.0
2026-03-19 04:15:00,outbound,5.588785046728972,5.0,214.0
2026-03-19 04:30:00,outbound,8.43108504398827,6.0,341.0
2026-03-19 04:45:00,outbound,14.297912713472487,8.0,527.0
2026-03-19 05:00:00,outbound,9.64968152866242,10.0,157.0
2026-03-19 05:15:00,outbound,18.86832061068702,11.0,524.0
2026-03-19 05:30:00,outbound,16.357142857142858,8.0,294.0
2026-03-19 05:45:00,outbound,19.292479108635096,21.0,1077.0
2026-03-19 06:00:00,outbound,16.525625744934445,8.0,839.0
2026-03-19 06:15:00,outbound,14.076271186440678,6.0,826.0
2026-03-19 06:30:00,outbound,14.790977443609023,8.0,665.0
2026-03-19 06:45:00,outbound,18.605873261205563,12.0,647.0
2026-03-19 07:00:00,outbound,22.812925170068027,23.0,588.0
2026-03-19 07:15:00,outbound,28.709558823529413,23.0,544.0
2026-03-19 07:30:00,outbound,29.290035587188612,23.0,562.0
2026-03-19 07:45:00,outbound,27.421951219512195,23.0,820.0
2026-03-19 08:00:00,outbound,29.088467614533965,23.0,633.0
2026-03-19 08:15:00,outbound,33.0637037037037,26.0,675.0
2026-03-19 08:30:00,outbound,26.965260545905707,21.0,806.0
2026-03-19 08:45:00,outbound,28.231766612641817,21.0,617.0
2026-03-19 09:00:00,outbound,25.103703703703705,19.0,540.0
2026-03-19 09:15:00,outbound,23.955102040816328,12.0,490.0
2026-03-19 09:30:00,outbound,29.172749391727493,26.0,411.0
2026-03-19 09:45:00,outbound,22.467391304347824,12.0,276.0
2026-03-19 10:00:00,outbound,21.483333333333334,12.0,300.0
2026-03-19 10:15:00,outbound,23.348249027237355,19.0,514.0
2026-03-19 10:30:00,outbound,17.385826771653544,11.0,381.0
2026-03-19 10:45:00,outbound,16.549295774647888,11.0,284.0
2026-03-19 11:00:00,outbound,14.858078602620088,11.0,458.0
2026-03-19 11:15:00,outbound,22.91127098321343,18.0,417.0
2026-03-19 11:30:00,outbound,25.18888888888889,18.0,270.0
2026-03-19 11:45:00,outbound,21.959785522788202,19.0,373.0
2026-03-19 12:00:00,outbound,18.483234714003945,14.0,507.0
2026-03-19 12:15:00,outbound,15.87984496124031,13.0,516.0
2026-03-19 12:30:00,outbound,16.198738170347003,14.0,317.0
2026-03-19 12:45:00,outbound,14.419491525423728,13.0,236.0
2026-03-19 13:00:00,outbound,13.320652173913043,13.0,184.0
2026-03-19 13:15:00,outbound,11.928251121076233,13.0,223.0
2026-03-19 13:30:00,outbound,14.97069597069597,13.0,273.0
2026-03-19 13:45:00,outbound,17.339285714285715,13.0,280.0
2026-03-19 14:00:00,outbound,19.959627329192546,19.0,322.0
2026-03-19 14:15:00,outbound,17.147058823529413,13.0,340.0
2026-03-19 14:30:00,outbound,13.885375494071146,13.0,253.0
2026-03-19 14:45:00,outbound,9.76775956284153,8.0,366.0
2026-03-19 15:00:00,outbound,10.65126050420168,8.0,238.0
2026-03-19 15:15:00,outbound,13.2,8.0,210.0
2026-03-19 15:30:00,outbound,13.369150779896014,8.0,577.0
2026-03-19 15:45:00,outbound,13.079365079365079,8.0,189.0
2026-03-19 16:00:00,outbound,16.489461358313818,14.0,427.0
2026-03-19 16:15:00,outbound,20.436046511627907,20.0,516.0
2026-03-19 16:30:00,outbound,24.270223752151463,29.0,581.0
2026-03-19 16:45:00,outbound,23.949324324324323,29.0,592.0
2026-03-19 17:00:00,outbound,14.986206896551725,11.0,435.0
2026-03-19 17:15:00,outbound,18.58267716535433,18.0,254.0
2026-03-19 17:30:00,outbound,23.739436619718308,22.0,426.0
2026-03-19 17:45:00,outbound,19.37221269296741,18.0,583.0
2026-03-19 18:00:00,outbound,20.69022869022869,18.0,481.0
2026-03-19 18:15:00,outbound,22.321525885558582,23.0,367.0
2026-03-19 18:30:00,outbound,22.240875912408757,22.5,274.0
2026-03-19 18:45:00,outbound,15.753164556962025,13.0,474.0
2026-03-19 19:00:00,outbound,15.641176470588235,7.0,340.0
2026-03-19 19:15:00,outbound,13.591522157996147,7.0,519.0
2026-03-19 19:30:00,outbound,15.088967971530248,7.0,281.0
2026-03-19 19:45:00,outbound,17.392857142857142,16.0,364.0
2026-03-19 20:00:00,outbound,18.115264797507788,18.0,321.0
2026-03-19 20:15:00,outbound,16.5703125,16.0,384.0
2026-03-19 20:30:00,outbound,15.914634146341463,16.0,246.0
2026-03-19 20:45:00,outbound,13.976744186046512,13.0,387.0
2026-03-19 21:00:00,outbound,14.95959595959596,13.0,297.0
2026-03-19 21:15:00,outbound,14.657407407407407,10.0,216.0
2026-03-19 21:30:00,outbound,18.638297872340427,23.0,188.0
2026-03-19 21:45:00,outbound,19.874125874125873,23.0,143.0
2026-03-19 22:00:00,outbound,21.11111111111111,30.0,45.0
2026-03-19 22:15:00,outbound,23.681318681318682,29.0,91.0
2026-03-19 22:30:00,outbound,26.68421052631579,30.0,38.0
2026-03-19 22:45:00,outbound,25.2,23.0,50.0
2026-03-19 23:00:00,outbound,25.06896551724138,23.0,58.0
2026-03-19 23:15:00,outbound,24.5,23.0,44.0
2026-03-19 23:30:00,outbound,18.523809523809526,23.0,42.0
2026-03-19 23:45:00,outbound,15.105263157894736,23.0,38.0
2026-03-20 00:00:00,outbound,,,
2026-03-20 00:15:00,outbound,,,
2026-03-20 00:30:00,outbound,,,
2026-03-20 00:45:00,outbound,,,
2026-03-20 01:00:00,outbound,,,
2026-03-20 01:15:00,outbound,,,
2026-03-20 01:30:00,outbound,,,
2026-03-20 01:45:00,outbound,,,
2026-03-20 02:00:00,outbound,,,
2026-03-20 02:15:00,outbound,,,
2026-03-20 02:30:00,outbound,,,
2026-03-20 02:45:00,outbound,,,
2026-03-20 03:00:00,outbound,,,
2026-03-20 03:15:00,outbound,,,
2026-03-20 03:30:00,outbound,,,
2026-03-20 03:45:00,outbound,3.619047619047619,0.0,21.0
2026-03-20 04:00:00,outbound,4.877551020408164,6.0,98.0
2026-03-20 04:15:00,outbound,2.289940828402367,6.0,169.0
2026-03-20 04:30:00,outbound,-6.128755364806867,7.0,233.0
2026-03-20 04:45:00,outbound,8.311111111111112,6.0,45.0
2026-03-20 05:00:00,outbound,12.187096774193549,9.0,310.0
2026-03-20 05:15:00,outbound,1.586046511627907,7.0,215.0
2026-03-20 05:30:00,outbound,9.059701492537313,6.0,402.0
2026-03-20 05:45:00,outbound,6.261022927689594,6.0,567.0
2026-03-20 06:00:00,outbound,10.266240681576145,12.0,939.0
2026-03-20 06:15:00,outbound,10.99719887955182,9.0,1071.0
2026-03-20 06:30:00,outbound,12.182258064516128,13.0,620.0
2026-03-20 06:45:00,outbound,15.701923076923077,18.0,832.0
2026-03-20 07:00:00,outbound,12.216374269005849,9.0,342.0
2026-03-20 07:15:00,outbound,16.76443941109853,18.0,883.0
2026-03-20 07:30:00,outbound,18.62686567164179,18.0,603.0
2026-03-20 07:45:00,outbound,16.96197718631179,18.0,789.0
2026-03-20 08:00:00,outbound,16.31190150478796,18.0,731.0
2026-03-20 08:15:00,outbound,16.20408163265306,18.0,539.0
2026-03-20 08:30:00,outbound,14.35064935064935,18.0,231.0
2026-03-20 08:45:00,outbound,,,
2026-03-20 09:00:00,outbound,24.21232876712329,21.0,146.0
2026-03-20 09:15:00,outbound,19.47029702970297,19.0,202.0
2026-03-20 09:30:00,outbound,12.378378378378379,11.0,296.0
2026-03-20 09:45:00,outbound,18.43438914027149,15.0,221.0
2026-03-20 10:00:00,outbound,8.744186046511627,11.0,43.0
2026-03-20 10:15:00,outbound,15.194139194139193,11.0,273.0
2026-03-20 10:30:00,outbound,17.869565217391305,11.0,437.0
2026-03-20 10:45:00,outbound,17.846808510638297,11.0,470.0
2026-03-20 11:00:00,outbound,14.983098591549295,10.0,355.0
2026-03-20 11:15:00,outbound,27.94495412844037,37.0,218.0
2026-03-20 11:30:00,outbound,,,
2026-03-20 11:45:00,outbound,25.972350230414747,30.0,217.0
2026-03-20 12:00:00,outbound,22.686411149825783,14.0,287.0
2026-03-20 12:15:00,outbound,23.88,14.0,450.0
2026-03-20 12:30:00,outbound,20.44,12.0,350.0
2026-03-20 12:45:00,outbound,22.903010033444815,12.0,299.0
2026-03-20 13:00:00,outbound,,,
2026-03-20 13:15:00,outbound,16.918367346938776,12.0,49.0
2026-03-20 13:30:00,outbound,19.5993031358885,14.0,287.0
2026-03-20 13:45:00,outbound,21.944723618090453,17.0,199.0
2026-03-20 14:00:00,outbound,17.889150943396228,14.0,424.0
2026-03-20 14:15:00,outbound,19.966580976863753,14.0,389.0
2026-03-20 14:30:00,outbound,19.553846153846155,16.0,130.0
2026-03-20 14:45:00,outbound,,,
2026-03-20 15:00:00,outbound,26.91891891891892,12.0,37.0
2026-03-20 15:15:00,outbound,21.271714922048996,16.0,449.0
2026-03-20 15:30:00,outbound,19.26145552560647,14.0,371.0
2026-03-20 15:45:00,outbound,18.53917050691244,17.0,434.0
2026-03-20 16:00:00,outbound,15.884030418250951,15.0,526.0
2026-03-20 16:15:00,outbound,,,
2026-03-20 16:30:00,outbound,17.1875,15.0,192.0
2026-03-20 16:45:00,outbound,13.050595238095237,10.0,336.0
2026-03-20 17:00:00,outbound,12.050445103857566,10.0,337.0
2026-03-20 17:15:00,outbound,11.912087912087912,11.0,364.0
2026-03-20 17:30:00,outbound,12.369565217391305,11.0,460.0
2026-03-20 17:45:00,outbound,,,
2026-03-20 18:00:00,outbound,13.335570469798657,11.0,149.0
2026-03-20 18:15:00,outbound,14.060665362035225,11.0,511.0
2026-03-20 18:30:00,outbound,17.34102564102564,12.0,390.0
2026-03-20 18:45:00,outbound,12.293617021276596,7.0,470.0
2026-03-20 19:00:00,outbound,10.51048951048951,7.0,286.0
2026-03-20 19:15:00,outbound,20.658227848101266,16.0,395.0
2026-03-20 19:30:00,outbound,13.413612565445026,12.0,382.0
2026-03-20 19:45:00,outbound,13.677777777777777,10.0,270.0
2026-03-20 20:00:00,outbound,20.43111111111111,13.0,450.0
2026-03-20 20:15:00,outbound,18.374193548387098,12.0,310.0
2026-03-20 20:30:00,outbound,19.80859375,12.0,512.0
2026-03-20 20:45:00,outbound,23.075539568345324,15.0,278.0
2026-03-20 21:00:00,outbound,21.30790190735695,22.0,367.0
2026-03-20 21:15:00,outbound,22.77927927927928,22.0,222.0
2026-03-20 21:30:00,outbound,15.287769784172662,10.0,278.0
2026-03-20 21:45:00,outbound,13.336879432624114,10.0,282.0
2026-03-20 22:00:00,outbound,10.598360655737705,10.0,244.0
2026-03-20 22:15:00,outbound,10.707317073170731,10.0,205.0
2026-03-20 22:30:00,outbound,13.65267175572519,10.0,262.0
2026-03-20 22:45:00,outbound,12.805194805194805,10.0,154.0
2026-03-20 23:00:00,outbound,15.224066390041493,10.0,241.0
2026-03-20 23:15:00,outbound,14.722543352601155,10.0,173.0
2026-03-20 23:30:00,outbound,15.794701986754967,10.0,151.0
2026-03-20 23:45:00,outbound,14.074074074074074,10.0,108.0
2026-03-21 00:00:00,outbound,,,
2026-03-21 00:15:00,outbound,,,
2026-03-21 00:30:00,outbound,,,
2026-03-21 00:45:00,outbound,,,
2026-03-21 01:00:00,outbound,,,
2026-03-21 01:15:00,outbound,,,
2026-03-21 01:30:00,outbound,,,
2026-03-21 01:45:00,outbound,,,
2026-03-21 02:00:00,outbound,,,
2026-03-21 02:15:00,outbound,,,
2026-03-21 02:30:00,outbound,,,
2026-03-21 02:45:00,outbound,,,
2026-03-21 03:00:00,outbound,,,
2026-03-21 03:15:00,outbound,1.0,1.0,7.0
2026-03-21 03:30:00,outbound,1.6285714285714286,1.0,35.0
2026-03-21 03:45:00,outbound,2.2,2.0,30.0
2026-03-21 04:00:00,outbound,5.231155778894473,4.0,199.0
2026-03-21 04:15:00,outbound,4.654088050314465,4.0,159.0
2026-03-21 04:30:00,outbound,12.696969696969697,18.0,66.0
2026-03-21 04:45:00,outbound,7.415178571428571,4.0,224.0
2026-03-21 05:00:00,outbound,6.696581196581197,4.0,234.0
2026-03-21 05:15:00,outbound,7.300699300699301,2.0,143.0
2026-03-21 05:30:00,outbound,6.03921568627451,4.0,255.0
2026-03-21 05:45:00,outbound,6.542780748663102,2.0,374.0
2026-03-21 06:00:00,outbound,7.489296636085627,4.0,327.0
2026-03-21 06:15:00,outbound,9.480182926829269,7.0,656.0
2026-03-21 06:30:00,outbound,10.71889400921659,7.0,434.0
2026-03-21 06:45:00,outbound,16.89622641509434,17.0,530.0
2026-03-21 07:00:00,outbound,19.029891304347824,18.0,368.0
2026-03-21 07:15:00,outbound,17.796672828096117,18.0,541.0
2026-03-21 07:30:00,outbound,16.966403162055336,18.0,506.0
2026-03-21 07:45:00,outbound,15.021220159151193,11.0,754.0
2026-03-21 08:00:00,outbound,15.034175334323923,11.0,673.0
2026-03-21 08:15:00,outbound,16.06788511749347,11.0,383.0
2026-03-21 08:30:00,outbound,19.788095238095238,21.0,840.0
2026-03-21 08:45:00,outbound,23.09278350515464,21.0,388.0
2026-03-21 09:00:00,outbound,25.381703470031546,21.0,317.0
2026-03-21 09:15:00,outbound,28.213675213675213,29.0,351.0
2026-03-21 09:30:00,outbound,30.58003766478343,29.0,531.0
2026-03-21 09:45:00,outbound,20.192139737991265,21.0,229.0
2026-03-21 10:00:00,outbound,21.42071197411003,21.0,309.0
2026-03-21 10:15:00,outbound,30.860975609756096,29.0,410.0
2026-03-21 10:30:00,outbound,27.880859375,26.0,512.0
2026-03-21 10:45:00,outbound,30.101234567901233,26.0,405.0
2026-03-21 11:00:00,outbound,26.61764705882353,26.0,238.0
2026-03-21 11:15:00,outbound,25.84789644012945,26.0,309.0
2026-03-21 11:30:00,outbound,26.19572953736655,26.0,281.0
2026-03-21 11:45:00,outbound,23.023529411764706,18.0,255.0
2026-03-21 12:00:00,outbound,28.10211267605634,29.0,284.0
2026-03-21 12:15:00,outbound,34.840816326530614,39.0,245.0
2026-03-21 12:30:00,outbound,19.122615803814714,11.0,367.0
2026-03-21 12:45:00,outbound,27.8843537414966,29.0,294.0
2026-03-21 13:00:00,outbound,28.755274261603375,29.0,474.0
2026-03-21 13:15:00,outbound,27.847014925373134,29.0,536.0
2026-03-21 13:30:00,outbound,29.02375809935205,29.0,463.0
2026-03-21 13:45:00,outbound,30.01919385796545,29.0,521.0
2026-03-21 14:00:00,outbound,26.92876712328767,18.0,365.0
2026-03-21 14:15:00,outbound,34.39959016393443,35.0,488.0
2026-03-21 14:30:00,outbound,26.130718954248366,14.0,765.0
2026-03-21 14:45:00,outbound,34.92769440654843,35.0,733.0
2026-03-21 15:00:00,outbound,27.93851717902351,14.0,553.0
2026-03-21 15:15:00,outbound,32.675,35.0,440.0
2026-03-21 15:30:00,outbound,32.57685352622062,32.0,553.0
2026-03-21 15:45:00,outbound,23.91111111111111,14.0,405.0
2026-03-21 16:00:00,outbound,25.784240150093808,23.0,533.0
2026-03-21 16:15:00,outbound,22.927102803738318,14.0,535.0
2026-03-21 16:30:00,outbound,26.004830917874397,24.0,621.0
2026-03-21 16:45:00,outbound,20.784313725490197,12.0,459.0
2026-03-21 17:00:00,outbound,18.015968063872254,12.0,501.0
2026-03-21 17:15:00,outbound,19.57046979865772,12.0,447.0
2026-03-21 17:30:00,outbound,18.410207939508506,13.0,529.0
2026-03-21 17:45:00,outbound,10.671875,9.0,384.0
2026-03-21 18:00:00,outbound,14.55841121495327,11.0,428.0
2026-03-21 18:15:00,outbound,23.3656462585034,22.0,588.0
2026-03-21 18:30:00,outbound,19.710679611650484,20.0,515.0
2026-03-21 18:45:00,outbound,23.755769230769232,24.0,520.0
2026-03-21 19:00:00,outbound,29.061333333333334,24.0,375.0
2026-03-21 19:15:00,outbound,33.22727272727273,28.0,418.0
2026-03-21 19:30:00,outbound,18.21875,9.0,320.0
2026-03-21 19:45:00,outbound,23.495667244367418,20.0,577.0
2026-03-21 20:00:00,outbound,18.855371900826448,20.0,484.0
2026-03-21 20:15:00,outbound,28.218947368421052,28.0,475.0
2026-03-21 20:30:00,outbound,24.849794238683128,20.0,486.0
2026-03-21 20:45:00,outbound,19.92892156862745,20.0,408.0
2026-03-21 21:00:00,outbound,22.462184873949578,20.0,357.0
2026-03-21 21:15:00,outbound,24.658536585365855,20.0,246.0
2026-03-21 21:30:00,outbound,18.98611111111111,8.0,360.0
2026-03-21 21:45:00,outbound,20.787610619469028,22.0,339.0
2026-03-21 22:00:00,outbound,17.3421926910299,22.0,301.0
2026-03-21 22:15:00,outbound,14.327433628318584,2.0,226.0
2026-03-21 22:30:00,outbound,12.855172413793104,16.0,145.0
2026-03-21 22:45:00,outbound,14.330097087378642,16.0,103.0
2026-03-21 23:00:00,outbound,13.425287356321839,16.0,87.0
2026-03-21 23:15:00,outbound,14.696969696969697,16.0,66.0
2026-03-21 23:30:00,outbound,16.0,16.0,38.0
2026-03-21 23:45:00,outbound,16.0,16.0,23.0
2026-03-22 00:00:00,outbound,,,
2026-03-22 00:15:00,outbound,,,
2026-03-22 00:30:00,outbound,,,
2026-03-22 00:45:00,outbound,,,
2026-03-22 01:00:00,outbound,,,
2026-03-22 01:15:00,outbound,,,
2026-03-22 01:30:00,outbound,,,
2026-03-22 01:45:00,outbound,,,
2026-03-22 02:00:00,outbound,,,
2026-03-22 02:15:00,outbound,,,
2026-03-22 02:30:00,outbound,,,
2026-03-22 02:45:00,outbound,,,
2026-03-22 03:00:00,outbound,,,
2026-03-22 03:15:00,outbound,9.0,9.0,1.0
2026-03-22 03:30:00,outbound,4.0,4.0,12.0
2026-03-22 03:45:00,outbound,6.785714285714286,6.0,42.0
2026-03-22 04:00:00,outbound,4.957446808510638,2.0,141.0
2026-03-22 04:15:00,outbound,6.511111111111111,2.0,225.0
2026-03-22 04:30:00,outbound,4.19672131147541,2.0,122.0
2026-03-22 04:45:00,outbound,6.612612612612613,2.0,111.0
2026-03-22 05:00:00,outbound,4.288732394366197,5.0,142.0
2026-03-22 05:15:00,outbound,6.632743362831858,5.0,226.0
2026-03-22 05:30:00,outbound,12.228021978021978,9.0,364.0
2026-03-22 05:45:00,outbound,8.035608308605342,6.0,337.0
2026-03-22 06:00:00,outbound,9.933333333333334,9.0,375.0
2026-03-22 06:15:00,outbound,10.765494137353434,9.0,597.0
2026-03-22 06:30:00,outbound,11.416873449131513,9.0,403.0
2026-03-22 06:45:00,outbound,14.044887780548628,15.0,401.0
2026-03-22 07:00:00,outbound,13.300751879699249,14.0,399.0
2026-03-22 07:15:00,outbound,18.722044728434504,16.0,313.0
2026-03-22 07:30:00,outbound,17.278772378516624,15.0,391.0
2026-03-22 07:45:00,outbound,14.134438305709024,11.0,543.0
2026-03-22 08:00:00,outbound,14.061855670103093,11.0,485.0
2026-03-22 08:15:00,outbound,13.798913043478262,11.0,368.0
2026-03-22 08:30:00,outbound,17.058227848101264,16.0,395.0
2026-03-22 08:45:00,outbound,10.690537084398978,9.0,391.0
2026-03-22 09:00:00,outbound,11.456140350877194,9.0,285.0
2026-03-22 09:15:00,outbound,15.66551724137931,16.0,290.0
2026-03-22 09:30:00,outbound,16.143564356435643,9.0,404.0
2026-03-22 09:45:00,outbound,12.24187725631769,3.0,277.0
2026-03-22 10:00:00,outbound,21.685990338164252,26.0,414.0
2026-03-22 10:15:00,outbound,24.161290322580644,36.0,372.0
2026-03-22 10:30:00,outbound,26.57176470588235,36.0,425.0
2026-03-22 10:45:00,outbound,21.45275590551181,26.0,254.0
2026-03-22 11:00:00,outbound,25.403846153846153,26.5,416.0
2026-03-22 11:15:00,outbound,25.799679487179485,26.0,624.0
2026-03-22 11:30:00,outbound,20.010706638115632,15.0,467.0
2026-03-22 11:45:00,outbound,26.758436944937834,26.0,563.0
2026-03-22 12:00:00,outbound,29.089673913043477,40.0,368.0
2026-03-22 12:15:00,outbound,22.864197530864196,20.0,405.0
2026-03-22 12:30:00,outbound,23.29054054054054,20.0,444.0
2026-03-22 12:45:00,outbound,23.992337164750957,23.5,522.0
2026-03-22 13:00:00,outbound,21.251046025104603,26.0,239.0
2026-03-22 13:15:00,outbound,22.734290843806104,26.0,557.0
2026-03-22 13:30:00,outbound,11.796992481203008,2.0,532.0
2026-03-22 13:45:00,outbound,27.057142857142857,26.0,350.0
2026-03-22 14:00:00,outbound,17.233333333333334,6.0,390.0
2026-03-22 14:15:00,outbound,26.574358974358976,14.0,195.0
2026-03-22 14:30:00,outbound,19.598639455782312,6.0,441.0
2026-03-22 14:45:00,outbound,25.870967741935484,21.0,310.0
2026-03-22 15:00:00,outbound,25.461734693877553,27.0,392.0
2026-03-22 15:15:00,outbound,29.714285714285715,29.0,350.0
2026-03-22 15:30:00,outbound,23.59144893111639,27.0,421.0
2026-03-22 15:45:00,outbound,17.95777777777778,12.0,450.0
2026-03-22 16:00:00,outbound,17.34065934065934,12.0,364.0
2026-03-22 16:15:00,outbound,19.12857142857143,11.0,280.0
2026-03-22 16:30:00,outbound,11.707207207207206,4.0,444.0
2026-03-22 16:45:00,outbound,19.713963963963963,9.0,444.0
2026-03-22 17:00:00,outbound,32.17258883248731,36.0,394.0
2026-03-22 17:15:00,outbound,28.209486166007906,33.0,253.0
2026-03-22 17:30:00,outbound,20.6,10.0,495.0
2026-03-22 17:45:00,outbound,23.30708661417323,32.0,254.0
2026-03-22 18:00:00,outbound,28.952614379084967,32.0,612.0
2026-03-22 18:15:00,outbound,26.00595238095238,33.0,168.0
2026-03-22 18:30:00,outbound,23.618343195266274,23.0,338.0
2026-03-22 18:45:00,outbound,26.47142857142857,32.0,490.0
2026-03-22 19:00:00,outbound,24.23931623931624,32.0,234.0
2026-03-22 19:15:00,outbound,26.958847736625515,32.0,243.0
2026-03-22 19:30:00,outbound,30.10599078341014,32.0,217.0
2026-03-22 19:45:00,outbound,28.19016393442623,32.0,305.0
2026-03-22 20:00:00,outbound,29.622317596566525,32.0,233.0
2026-03-22 20:15:00,outbound,19.43859649122807,26.0,285.0
2026-03-22 20:30:00,outbound,16.076612903225808,5.0,248.0
2026-03-22 20:45:00,outbound,17.827338129496404,17.0,556.0
2026-03-22 21:00:00,outbound,23.080246913580247,26.0,162.0
2026-03-22 21:15:00,outbound,30.004504504504503,39.0,222.0
2026-03-22 21:30:00,outbound,19.31,17.0,300.0
2026-03-22 21:45:00,outbound,23.324675324675326,25.0,154.0
2026-03-22 22:00:00,outbound,15.459649122807017,7.0,285.0
2026-03-22 22:15:00,outbound,21.488372093023255,29.0,172.0
2026-03-22 22:30:00,outbound,12.185314685314685,7.0,286.0
2026-03-22 22:45:00,outbound,11.860869565217392,7.0,230.0
2026-03-22 23:00:00,outbound,11.652439024390244,7.0,164.0
2026-03-22 23:15:00,outbound,13.027397260273972,17.0,146.0
2026-03-22 23:30:00,outbound,12.731707317073171,17.0,82.0
2026-03-22 23:45:00,outbound,14.483870967741936,17.0,62.0
2026-03-23 00:00:00,outbound,,,
2026-03-23 00:15:00,outbound,,,
2026-03-23 00:30:00,outbound,,,
2026-03-23 00:45:00,outbound,,,
2026-03-23 01:00:00,outbound,,,
2026-03-23 01:15:00,outbound,,,
2026-03-23 01:30:00,outbound,,,
2026-03-23 01:45:00,outbound,,,
2026-03-23 02:00:00,outbound,,,
2026-03-23 02:15:00,outbound,,,
2026-03-23 02:30:00,outbound,,,
2026-03-23 02:45:00,outbound,,,
2026-03-23 03:00:00,outbound,1.0,1.0,4.0
2026-03-23 03:15:00,outbound,,,
2026-03-23 03:30:00,outbound,4.245901639344262,1.0,61.0
2026-03-23 03:45:00,outbound,3.5161290322580645,1.0,31.0
2026-03-23 04:00:00,outbound,9.193548387096774,7.0,31.0
2026-03-23 04:15:00,outbound,10.18018018018018,11.0,111.0
2026-03-23 04:30:00,outbound,5.780392156862745,4.0,255.0
2026-03-23 04:45:00,outbound,6.057803468208093,4.0,173.0
2026-03-23 05:00:00,outbound,4.894179894179894,1.0,189.0
2026-03-23 05:15:00,outbound,6.206572769953052,6.0,213.0
2026-03-23 05:30:00,outbound,6.09375,6.0,416.0
2026-03-23 05:45:00,outbound,6.9935064935064934,6.0,308.0
2026-03-23 06:00:00,outbound,9.248598130841122,8.0,535.0
2026-03-23 06:15:00,outbound,9.270223752151463,6.0,581.0
2026-03-23 06:30:00,outbound,9.742028985507247,6.0,690.0
2026-03-23 06:45:00,outbound,11.888529886914379,6.0,619.0
2026-03-23 07:00:00,outbound,8.698519515477793,6.0,743.0
2026-03-23 07:15:00,outbound,9.016908212560386,6.0,414.0
2026-03-23 07:30:00,outbound,13.370184254606365,8.0,597.0
2026-03-23 07:45:00,outbound,11.18118948824343,6.0,723.0
2026-03-23 08:00:00,outbound,13.001438848920863,8.0,695.0
2026-03-23 08:15:00,outbound,10.961945031712473,8.0,473.0
2026-03-23 08:30:00,outbound,15.503496503496503,15.0,572.0
2026-03-23 08:45:00,outbound,12.055374592833877,8.0,307.0
2026-03-23 09:00:00,outbound,16.955465587044536,15.0,247.0
2026-03-23 09:15:00,outbound,31.48141592920354,23.0,565.0
2026-03-23 09:30:00,outbound,29.491803278688526,23.0,488.0
2026-03-23 09:45:00,outbound,23.20056497175141,15.0,354.0
2026-03-23 10:00:00,outbound,24.85,23.0,360.0
2026-03-23 10:15:00,outbound,21.426807760141095,15.0,567.0
2026-03-23 10:30:00,outbound,17.224137931034484,12.0,464.0
2026-03-23 10:45:00,outbound,30.123867069486405,23.0,331.0
2026-03-23 11:00:00,outbound,31.609907120743035,23.0,323.0
2026-03-23 11:15:00,outbound,27.51179245283019,15.0,424.0
2026-03-23 11:30:00,outbound,24.712158808933,15.0,403.0
2026-03-23 11:45:00,outbound,25.284,15.0,500.0
2026-03-23 12:00:00,outbound,21.826923076923077,15.0,208.0
2026-03-23 12:15:00,outbound,22.654255319148938,15.0,376.0
2026-03-23 12:30:00,outbound,14.63448275862069,7.0,290.0
2026-03-23 12:45:00,outbound,18.29078014184397,7.0,282.0
2026-03-23 13:00:00,outbound,20.922857142857143,7.0,350.0
2026-03-23 13:15:00,outbound,18.332530120481927,7.0,415.0
2026-03-23 13:30:00,outbound,30.15530303030303,25.0,264.0
2026-03-23 13:45:00,outbound,23.483957219251337,12.0,374.0
2026-03-23 14:00:00,outbound,22.580851063829787,22.0,470.0
2026-03-23 14:15:00,outbound,22.791095890410958,17.0,292.0
2026-03-23 14:30:00,outbound,21.236363636363638,22.0,495.0
2026-03-23 14:45:00,outbound,20.744813278008298,22.0,482.0
2026-03-23 15:00:00,outbound,18.96747967479675,22.0,246.0
2026-03-23 15:15:00,outbound,15.252727272727272,18.0,550.0
2026-03-23 15:30:00,outbound,15.555900621118013,18.0,322.0
2026-03-23 15:45:00,outbound,16.603988603988604,22.0,351.0
2026-03-23 16:00:00,outbound,15.914285714285715,18.0,350.0
2026-03-23 16:15:00,outbound,19.809248554913296,22.0,346.0
2026-03-23 16:30:00,outbound,16.35920177383592,17.0,451.0
2026-03-23 16:45:00,outbound,14.1280353200883,7.0,453.0
2026-03-23 17:00:00,outbound,16.046747967479675,15.0,492.0
2026-03-23 17:15:00,outbound,12.521064301552107,7.0,451.0
2026-03-23 17:30:00,outbound,14.13225806451613,7.0,310.0
2026-03-23 17:45:00,outbound,12.055374592833877,6.0,307.0
2026-03-23 18:00:00,outbound,13.571428571428571,15.0,357.0
2026-03-23 18:15:00,outbound,10.89655172413793,6.0,377.0
2026-03-23 18:30:00,outbound,8.441011235955056,5.0,356.0
2026-03-23 18:45:00,outbound,7.811209439528024,5.0,339.0
2026-03-23 19:00:00,outbound,8.362126245847175,5.0,301.0
2026-03-23 19:15:00,outbound,5.912863070539419,3.0,241.0
2026-03-23 19:30:00,outbound,8.112994350282486,5.0,177.0
2026-03-23 19:45:00,outbound,13.54,15.0,300.0
2026-03-23 20:00:00,outbound,15.96135265700483,15.0,207.0
2026-03-23 20:15:00,outbound,15.831168831168831,15.0,462.0
2026-03-23 20:30:00,outbound,17.351111111111113,17.0,225.0
2026-03-23 20:45:00,outbound,13.912959381044487,15.0,517.0
2026-03-23 21:00:00,outbound,13.504258943781942,15.0,587.0
2026-03-23 21:15:00,outbound,11.289902280130294,10.0,614.0
2026-03-23 21:30:00,outbound,11.392857142857142,10.0,392.0
2026-03-23 21:45:00,outbound,11.148846960167715,10.0,477.0
2026-03-23 22:00:00,outbound,12.08187134502924,14.0,342.0
2026-03-23 22:15:00,outbound,11.820121951219512,14.0,328.0
2026-03-23 22:30:00,outbound,10.184049079754601,10.0,326.0
2026-03-23 22:45:00,outbound,9.967153284671532,6.0,274.0
2026-03-23 23:00:00,outbound,8.240196078431373,4.0,204.0
2026-03-23 23:15:00,outbound,6.729559748427673,6.0,159.0
2026-03-23 23:30:00,outbound,5.008196721311475,4.0,122.0
2026-03-23 23:45:00,outbound,3.7241379310344827,4.0,116.0
2026-03-24 00:00:00,outbound,,,
2026-03-24 00:15:00,outbound,,,
2026-03-24 00:30:00,outbound,,,
2026-03-24 00:45:00,outbound,,,
2026-03-24 01:00:00,outbound,,,
2026-03-24 01:15:00,outbound,,,
2026-03-24 01:30:00,outbound,,,
2026-03-24 01:45:00,outbound,,,
2026-03-24 02:00:00,outbound,,,
2026-03-24 02:15:00,outbound,,,
2026-03-24 02:30:00,outbound,,,
2026-03-24 02:45:00,outbound,,,
2026-03-24 03:00:00,outbound,0.5,0.5,16.0
2026-03-24 03:15:00,outbound,,,
2026-03-24 03:30:00,outbound,0.625,1.0,64.0
2026-03-24 03:45:00,outbound,0.7714285714285715,1.0,70.0
2026-03-24 04:00:00,outbound,0.6170212765957447,1.0,94.0
2026-03-24 04:15:00,outbound,4.536697247706422,3.0,218.0
2026-03-24 04:30:00,outbound,3.505,1.0,400.0
2026-03-24 04:45:00,outbound,7.089743589743589,3.0,312.0
2026-03-24 05:00:00,outbound,8.331955922865014,3.0,1452.0
2026-03-24 05:15:00,outbound,9.29734219269103,6.0,602.0
2026-03-24 05:30:00,outbound,5.677469135802469,1.0,648.0
2026-03-24 05:45:00,outbound,9.1270783847981,3.0,842.0
2026-03-24 06:00:00,outbound,7.135782747603834,3.0,626.0
2026-03-24 06:15:00,outbound,7.54524886877828,1.0,884.0
2026-03-24 06:30:00,outbound,7.300376647834275,3.0,1062.0
2026-03-24 06:45:00,outbound,11.635678391959798,9.0,1194.0
2026-03-24 07:00:00,outbound,12.805217391304348,10.0,1150.0
2026-03-24 07:15:00,outbound,16.15602189781022,19.0,1096.0
2026-03-24 07:30:00,outbound,14.460674157303371,13.0,1602.0
2026-03-24 07:45:00,outbound,16.206422018348626,19.0,872.0
2026-03-24 08:00:00,outbound,13.522045855379188,11.0,1134.0
2026-03-24 08:15:00,outbound,18.5093808630394,21.0,1066.0
2026-03-24 08:30:00,outbound,17.02262931034483,18.0,928.0
2026-03-24 08:45:00,outbound,15.168092909535453,12.0,1636.0
2026-03-24 09:00:00,outbound,17.61195286195286,13.0,1188.0
2026-03-24 09:15:00,outbound,18.264758497316638,15.0,1118.0
2026-03-24 09:30:00,outbound,14.12788906009245,11.0,1298.0
2026-03-24 09:45:00,outbound,10.988505747126437,10.0,522.0
2026-03-24 10:00:00,outbound,13.08108108108108,11.0,740.0
2026-03-24 10:15:00,outbound,16.74858757062147,11.0,708.0
2026-03-24 10:30:00,outbound,19.493827160493826,15.0,1134.0
2026-03-24 10:45:00,outbound,18.538745387453876,15.0,542.0
2026-03-24 11:00:00,outbound,20.59375,17.0,544.0
2026-03-24 11:15:00,outbound,21.751540041067763,21.0,974.0
2026-03-24 11:30:00,outbound,18.67705735660848,17.0,802.0
2026-03-24 11:45:00,outbound,15.920427553444181,11.0,842.0
2026-03-24 12:00:00,outbound,16.507194244604317,11.0,1112.0
2026-03-24 12:15:00,outbound,15.838709677419354,11.0,868.0
2026-03-24 12:30:00,outbound,18.741116751269036,14.0,788.0
2026-03-24 12:45:00,outbound,20.28205128205128,15.0,702.0
2026-03-24 13:00:00,outbound,20.109164420485175,12.0,742.0
2026-03-24 13:15:00,outbound,29.974509803921567,28.0,510.0
2026-03-24 13:30:00,outbound,22.053949903660886,15.0,1038.0
2026-03-24 13:45:00,outbound,19.446428571428573,11.0,224.0
2026-03-24 14:00:00,outbound,16.53614457831325,11.0,830.0
2026-03-24 14:15:00,outbound,18.370445344129553,11.0,494.0
2026-03-24 14:30:00,outbound,16.572093023255814,12.0,860.0
2026-03-24 14:45:00,outbound,17.011737089201876,12.0,426.0
2026-03-24 15:00:00,outbound,16.794117647058822,12.0,850.0
2026-03-24 15:15:00,outbound,19.254901960784313,21.0,408.0
2026-03-24 15:30:00,outbound,19.559485530546624,22.0,622.0
2026-03-24 15:45:00,outbound,17.826460481099655,18.0,582.0
2026-03-24 16:00:00,outbound,14.843283582089553,11.0,402.0
2026-03-24 16:15:00,outbound,15.544776119402986,11.0,402.0
2026-03-24 16:30:00,outbound,15.69943820224719,11.0,356.0
2026-03-24 16:45:00,outbound,19.269516728624534,15.0,538.0
2026-03-24 17:00:00,outbound,20.083333333333332,15.0,348.0
2026-03-24 17:15:00,outbound,18.813370473537603,15.0,718.0
2026-03-24 17:30:00,outbound,18.71894409937888,21.0,644.0
2026-03-24 17:45:00,outbound,15.705555555555556,14.0,720.0
2026-03-24 18:00:00,outbound,16.668458781362006,17.0,558.0
2026-03-24 18:15:00,outbound,19.31423611111111,21.0,576.0
2026-03-24 18:30:00,outbound,15.12212643678161,11.0,696.0
2026-03-24 18:45:00,outbound,16.31524926686217,11.0,682.0
2026-03-24 19:00:00,outbound,15.40680473372781,9.0,676.0
2026-03-24 19:15:00,outbound,19.220064724919094,12.0,618.0
2026-03-24 19:30:00,outbound,18.455357142857142,13.0,448.0
2026-03-24 19:45:00,outbound,22.3314121037464,17.0,694.0
2026-03-24 20:00:00,outbound,22.44782608695652,14.0,460.0
2026-03-24 20:15:00,outbound,20.493243243243242,13.0,296.0
2026-03-24 20:30:00,outbound,20.904891304347824,14.0,368.0
2026-03-24 20:45:00,outbound,31.88135593220339,24.0,354.0
2026-03-24 21:00:00,outbound,44.190140845070424,43.0,284.0
2026-03-24 21:15:00,outbound,42.589005235602095,43.0,382.0
2026-03-24 21:30:00,outbound,31.33431952662722,22.0,338.0
2026-03-24 21:45:00,outbound,29.692307692307693,17.0,364.0
2026-03-24 22:00:00,outbound,21.243197278911566,16.0,588.0
2026-03-24 22:15:00,outbound,20.670157068062828,16.0,382.0
2026-03-24 22:30:00,outbound,16.58677685950413,16.0,242.0
2026-03-24 22:45:00,outbound,16.205357142857142,16.0,224.0
2026-03-24 23:00:00,outbound,16.240384615384617,16.0,104.0
2026-03-24 23:15:00,outbound,21.53932584269663,15.5,178.0
2026-03-24 23:30:00,outbound,23.53846153846154,15.0,156.0
2026-03-24 23:45:00,outbound,19.11042944785276,15.0,163.0
2026-03-25 00:00:00,outbound,,,
2026-03-25 00:15:00,outbound,,,
2026-03-25 00:30:00,outbound,,,
2026-03-25 00:45:00,outbound,,,
2026-03-25 01:00:00,outbound,,,
2026-03-25 01:15:00,outbound,,,
2026-03-25 01:30:00,outbound,,,
2026-03-25 01:45:00,outbound,,,
2026-03-25 02:00:00,outbound,,,
2026-03-25 02:15:00,outbound,,,
2026-03-25 02:30:00,outbound,,,
2026-03-25 02:45:00,outbound,,,
2026-03-25 03:00:00,outbound,1.0,1.0,3.0
2026-03-25 03:15:00,outbound,,,
2026-03-25 03:30:00,outbound,1.0,1.0,15.0
2026-03-25 03:45:00,outbound,1.0,1.0,6.0
2026-03-25 04:00:00,outbound,2.2222222222222223,1.0,36.0
2026-03-25 04:15:00,outbound,6.43778801843318,2.0,217.0
2026-03-25 04:30:00,outbound,5.146067415730337,2.0,89.0
2026-03-25 04:45:00,outbound,13.561643835616438,12.0,73.0
2026-03-25 05:00:00,outbound,5.256410256410256,1.0,156.0
2026-03-25 05:15:00,outbound,9.31203007518797,3.0,532.0
2026-03-25 05:30:00,outbound,9.084033613445378,3.0,476.0
2026-03-25 05:45:00,outbound,9.334500875656742,3.0,571.0
2026-03-25 06:00:00,outbound,13.745283018867925,15.0,636.0
2026-03-25 06:15:00,outbound,9.83434650455927,3.0,658.0
2026-03-25 06:30:00,outbound,10.145242070116861,3.0,599.0
2026-03-25 06:45:00,outbound,11.797853309481216,5.0,559.0
2026-03-25 07:00:00,outbound,13.800729040097206,13.0,823.0
2026-03-25 07:15:00,outbound,14.602639296187684,7.0,682.0
2026-03-25 07:30:00,outbound,16.020227560050568,15.0,791.0
2026-03-25 07:45:00,outbound,16.56551724137931,15.0,725.0
2026-03-25 08:00:00,outbound,18.024048096192384,24.0,499.0
2026-03-25 08:15:00,outbound,17.662921348314608,20.0,890.0
2026-03-25 08:30:00,outbound,19.101604278074866,23.0,561.0
2026-03-25 08:45:00,outbound,17.906458797327396,15.0,449.0
2026-03-25 09:00:00,outbound,14.915520628683694,13.0,509.0
2026-03-25 09:15:00,outbound,13.418539325842696,12.0,356.0
2026-03-25 09:30:00,outbound,10.220338983050848,11.0,295.0
2026-03-25 09:45:00,outbound,9.92,11.0,225.0
2026-03-25 10:00:00,outbound,5.274760383386582,4.0,313.0
2026-03-25 10:15:00,outbound,3.088050314465409,2.0,159.0
2026-03-25 10:30:00,outbound,8.480874316939891,4.0,183.0
2026-03-25 10:45:00,outbound,6.437869822485207,4.0,169.0
2026-03-25 11:00:00,outbound,8.237388724035608,10.0,337.0
2026-03-25 11:15:00,outbound,12.015873015873016,15.0,315.0
2026-03-25 11:30:00,outbound,12.602564102564102,15.0,312.0
2026-03-25 11:45:00,outbound,12.16267942583732,10.0,209.0
2026-03-25 12:00:00,outbound,13.589506172839506,11.0,324.0
2026-03-25 12:15:00,outbound,14.967213114754099,11.0,305.0
2026-03-25 12:30:00,outbound,14.96111111111111,11.0,180.0
2026-03-25 12:45:00,outbound,15.335793357933579,12.0,271.0
2026-03-25 13:00:00,outbound,16.36024844720497,15.0,161.0
2026-03-25 13:15:00,outbound,19.066225165562916,15.0,151.0
2026-03-25 13:30:00,outbound,18.630573248407643,21.0,314.0
2026-03-25 13:45:00,outbound,20.435897435897434,21.0,234.0
2026-03-25 14:00:00,outbound,14.126666666666667,12.0,300.0
2026-03-25 14:15:00,outbound,14.14,12.0,150.0
2026-03-25 14:30:00,outbound,17.405797101449274,14.0,552.0
2026-03-25 14:45:00,outbound,18.983739837398375,15.0,369.0
2026-03-25 15:00:00,outbound,22.10574018126888,25.0,331.0
2026-03-25 15:15:00,outbound,25.375776397515526,25.0,322.0
2026-03-25 15:30:00,outbound,17.955102040816328,22.0,245.0
2026-03-25 15:45:00,outbound,13.50328947368421,10.0,304.0
2026-03-25 16:00:00,outbound,18.228571428571428,22.0,105.0
2026-03-25 16:15:00,outbound,23.923076923076923,28.0,91.0
2026-03-25 16:30:00,outbound,13.422818791946309,13.0,298.0
2026-03-25 16:45:00,outbound,16.889460154241647,15.0,389.0
2026-03-25 17:00:00,outbound,16.73728813559322,15.0,236.0
2026-03-25 17:15:00,outbound,19.065671641791045,15.0,335.0
2026-03-25 17:30:00,outbound,21.056818181818183,25.0,352.0
2026-03-25 17:45:00,outbound,15.747774480712167,14.0,337.0
2026-03-25 18:00:00,outbound,16.441412520064205,13.0,623.0
2026-03-25 18:15:00,outbound,18.010729613733904,13.0,466.0
2026-03-25 18:30:00,outbound,15.686131386861314,13.0,411.0
2026-03-25 18:45:00,outbound,14.833333333333334,9.0,126.0
2026-03-25 19:00:00,outbound,16.382142857142856,9.0,280.0
2026-03-25 19:15:00,outbound,13.71313672922252,6.0,373.0
2026-03-25 19:30:00,outbound,15.434782608695652,6.0,299.0
2026-03-25 19:45:00,outbound,19.3206106870229,14.0,262.0
2026-03-25 20:00:00,outbound,22.013745704467354,22.0,291.0
2026-03-25 20:15:00,outbound,27.1355421686747,32.0,332.0
2026-03-25 20:30:00,outbound,27.63917525773196,37.5,194.0
2026-03-25 20:45:00,outbound,22.13157894736842,15.0,228.0
2026-03-25 21:00:00,outbound,23.99622641509434,30.0,265.0
2026-03-25 21:15:00,outbound,23.282511210762333,22.0,223.0
2026-03-25 21:30:00,outbound,21.122340425531913,22.0,188.0
2026-03-25 21:45:00,outbound,18.247813411078717,14.0,343.0
2026-03-25 22:00:00,outbound,21.053956834532375,22.0,278.0
2026-03-25 22:15:00,outbound,16.9527027027027,14.0,296.0
2026-03-25 22:30:00,outbound,11.74235807860262,2.0,229.0
2026-03-25 22:45:00,outbound,9.862068965517242,2.0,290.0
2026-03-25 23:00:00,outbound,10.022346368715084,2.0,179.0
2026-03-25 23:15:00,outbound,10.11111111111111,15.0,90.0
2026-03-25 23:30:00,outbound,6.794117647058823,9.0,102.0
2026-03-25 23:45:00,outbound,6.763636363636364,9.0,55.0
2026-03-26 00:00:00,outbound,,,
2026-03-26 00:15:00,outbound,,,
2026-03-26 00:30:00,outbound,,,
2026-03-26 00:45:00,outbound,,,
2026-03-26 01:00:00,outbound,,,
2026-03-26 01:15:00,outbound,,,
2026-03-26 01:30:00,outbound,,,
2026-03-26 01:45:00,outbound,,,
2026-03-26 02:00:00,outbound,,,
2026-03-26 02:15:00,outbound,,,
2026-03-26 02:30:00,outbound,,,
2026-03-26 02:45:00,outbound,,,
2026-03-26 03:00:00,outbound,,,
2026-03-26 03:15:00,outbound,,,
2026-03-26 03:30:00,outbound,4.5,1.0,44.0
2026-03-26 03:45:00,outbound,9.725,11.0,40.0
2026-03-26 04:00:00,outbound,24.5,24.5,36.0
2026-03-26 04:15:00,outbound,10.355555555555556,7.0,90.0
2026-03-26 04:30:00,outbound,4.535714285714286,6.0,168.0
2026-03-26 04:45:00,outbound,10.707602339181287,6.0,342.0
2026-03-26 05:00:00,outbound,7.269035532994923,1.0,394.0
2026-03-26 05:15:00,outbound,12.042345276872965,7.0,614.0
2026-03-26 05:30:00,outbound,12.559065934065934,10.0,728.0
2026-03-26 05:45:00,outbound,14.150176678445229,11.0,566.0
2026-03-26 06:00:00,outbound,18.202789699570815,19.0,932.0
2026-03-26 06:15:00,outbound,11.995037220843672,7.0,806.0
2026-03-26 06:30:00,outbound,12.44377990430622,7.0,836.0
2026-03-26 06:45:00,outbound,17.153398058252428,18.0,1030.0
2026-03-26 07:00:00,outbound,19.536199095022624,24.0,884.0
2026-03-26 07:15:00,outbound,21.4024926686217,24.0,1364.0
2026-03-26 07:30:00,outbound,22.072805139186297,25.0,934.0
2026-03-26 07:45:00,outbound,23.240088105726873,21.0,1362.0
2026-03-26 08:00:00,outbound,24.31264637002342,24.0,854.0
2026-03-26 08:15:00,outbound,25.149051490514903,25.0,738.0
2026-03-26 08:30:00,outbound,23.316399286987522,21.0,1122.0
2026-03-26 08:45:00,outbound,24.81967213114754,25.0,732.0
2026-03-26 09:00:00,outbound,20.28625,20.0,800.0
2026-03-26 09:15:00,outbound,19.807339449541285,15.0,654.0
2026-03-26 09:30:00,outbound,18.522959183673468,15.0,392.0
2026-03-26 09:45:00,outbound,24.455,31.0,400.0
2026-03-26 10:00:00,outbound,22.044642857142858,23.5,336.0
2026-03-26 10:15:00,outbound,22.635245901639344,21.0,488.0
2026-03-26 10:30:00,outbound,29.855555555555554,33.0,270.0
2026-03-26 10:45:00,outbound,22.167487684729064,21.0,406.0
2026-03-26 11:00:00,outbound,20.650862068965516,20.0,464.0
2026-03-26 11:15:00,outbound,21.274011299435028,12.0,354.0
2026-03-26 11:30:00,outbound,27.24742268041237,20.0,388.0
2026-03-26 11:45:00,outbound,17.74867724867725,12.0,378.0
2026-03-26 12:00:00,outbound,17.415,13.0,400.0
2026-03-26 12:15:00,outbound,14.831896551724139,13.0,464.0
2026-03-26 12:30:00,outbound,8.916666666666666,5.0,480.0
2026-03-26 12:45:00,outbound,12.900584795321638,6.0,342.0
2026-03-26 13:00:00,outbound,16.71005917159763,18.0,338.0
2026-03-26 13:15:00,outbound,16.869565217391305,15.0,690.0
2026-03-26 13:30:00,outbound,15.9679012345679,11.0,810.0
2026-03-26 13:45:00,outbound,18.192452830188678,14.0,530.0
2026-03-26 14:00:00,outbound,17.756281407035175,19.0,398.0
2026-03-26 14:15:00,outbound,22.98421052631579,23.0,570.0
2026-03-26 14:30:00,outbound,20.32092555331992,20.5,994.0
2026-03-26 14:45:00,outbound,19.76840490797546,15.0,652.0
2026-03-26 15:00:00,outbound,19.33375,11.0,800.0
2026-03-26 15:15:00,outbound,23.89917695473251,22.0,486.0
2026-03-26 15:30:00,outbound,23.11662198391421,19.0,746.0
2026-03-26 15:45:00,outbound,18.313694267515924,12.0,628.0
2026-03-26 16:00:00,outbound,16.784313725490197,12.0,612.0
2026-03-26 16:15:00,outbound,14.260450160771704,12.0,622.0
2026-03-26 16:30:00,outbound,15.213235294117647,12.0,680.0
2026-03-26 16:45:00,outbound,14.163612565445026,11.0,764.0
2026-03-26 17:00:00,outbound,11.185185185185185,9.0,432.0
2026-03-26 17:15:00,outbound,10.698830409356725,7.0,342.0
2026-03-26 17:30:00,outbound,9.060714285714285,7.0,280.0
2026-03-26 17:45:00,outbound,12.240816326530613,11.0,980.0
2026-03-26 18:00:00,outbound,10.318376068376068,10.0,468.0
2026-03-26 18:15:00,outbound,20.433431952662723,17.0,676.0
2026-03-26 18:30:00,outbound,19.535897435897436,16.0,390.0
2026-03-26 18:45:00,outbound,18.217770034843205,13.0,574.0
2026-03-26 19:00:00,outbound,18.497549019607842,13.0,408.0
2026-03-26 19:15:00,outbound,15.488679245283018,12.0,530.0
2026-03-26 19:30:00,outbound,16.643103448275863,15.0,580.0
2026-03-26 19:45:00,outbound,15.172995780590718,15.0,474.0
2026-03-26 20:00:00,outbound,15.407120743034056,16.0,646.0
2026-03-26 20:15:00,outbound,16.631229235880397,17.0,602.0
2026-03-26 20:30:00,outbound,21.922268907563026,18.0,476.0
2026-03-26 20:45:00,outbound,18.00887573964497,18.0,338.0
2026-03-26 21:00:00,outbound,27.863636363636363,23.0,286.0
2026-03-26 21:15:00,outbound,27.053571428571427,19.0,280.0
2026-03-26 21:30:00,outbound,37.35546875,32.0,256.0
2026-03-26 21:45:00,outbound,26.73846153846154,16.0,390.0
2026-03-26 22:00:00,outbound,20.513833992094863,16.0,506.0
2026-03-26 22:15:00,outbound,16.488636363636363,16.0,352.0
2026-03-26 22:30:00,outbound,17.074193548387097,16.0,310.0
2026-03-26 22:45:00,outbound,27.90948275862069,16.0,232.0
2026-03-26 23:00:00,outbound,32.10769230769231,37.0,130.0
2026-03-26 23:15:00,outbound,18.37272727272727,31.0,110.0
2026-03-26 23:30:00,outbound,15.785714285714286,15.5,42.0
2026-03-26 23:45:00,outbound,18.66470588235294,16.0,170.0
2026-03-27 00:00:00,outbound,,,
2026-03-27 00:15:00,outbound,,,
2026-03-27 00:30:00,outbound,,,
2026-03-27 00:45:00,outbound,,,
2026-03-27 01:00:00,outbound,,,
2026-03-27 01:15:00,outbound,,,
2026-03-27 01:30:00,outbound,,,
2026-03-27 01:45:00,outbound,,,
2026-03-27 02:00:00,outbound,,,
2026-03-27 02:15:00,outbound,,,
2026-03-27 02:30:00,outbound,,,
2026-03-27 02:45:00,outbound,,,
2026-03-27 03:00:00,outbound,,,
2026-03-27 03:15:00,outbound,1.2105263157894737,1.0,19.0
2026-03-27 03:30:00,outbound,10.0,5.0,15.0
2026-03-27 03:45:00,outbound,5.655172413793103,1.0,87.0
2026-03-27 04:00:00,outbound,6.353448275862069,1.0,116.0
2026-03-27 04:15:00,outbound,5.840336134453781,6.0,119.0
2026-03-27 04:30:00,outbound,8.093959731543624,5.0,149.0
2026-03-27 04:45:00,outbound,7.3130434782608695,1.0,115.0
2026-03-27 05:00:00,outbound,6.001865671641791,4.0,536.0
2026-03-27 05:15:00,outbound,6.940639269406392,1.0,219.0
2026-03-27 05:30:00,outbound,10.113133940182054,6.0,769.0
2026-03-27 05:45:00,outbound,9.888701517706577,6.0,593.0
2026-03-27 06:00:00,outbound,9.369606003752345,6.0,533.0
2026-03-27 06:15:00,outbound,7.304644808743169,6.0,732.0
2026-03-27 06:30:00,outbound,7.395604395604396,6.0,637.0
2026-03-27 06:45:00,outbound,10.90983606557377,6.0,488.0
2026-03-27 07:00:00,outbound,16.204918032786885,16.0,610.0
2026-03-27 07:15:00,outbound,15.645390070921986,16.0,564.0
2026-03-27 07:30:00,outbound,16.81801470588235,16.0,544.0
2026-03-27 07:45:00,outbound,16.029755579171095,16.0,941.0
2026-03-27 08:00:00,outbound,19.555555555555557,16.0,585.0
2026-03-27 08:15:00,outbound,18.607210626185957,16.0,527.0
2026-03-27 08:30:00,outbound,15.323823109843081,12.0,701.0
2026-03-27 08:45:00,outbound,17.65625,12.0,352.0
2026-03-27 09:00:00,outbound,24.42258064516129,15.0,620.0
2026-03-27 09:15:00,outbound,22.03911980440098,9.0,409.0
2026-03-27 09:30:00,outbound,18.174418604651162,9.0,430.0
2026-03-27 09:45:00,outbound,18.152641878669275,9.0,511.0
2026-03-27 10:00:00,outbound,22.32451923076923,15.0,416.0
2026-03-27 10:15:00,outbound,23.494708994708994,15.0,378.0
2026-03-27 10:30:00,outbound,27.13978494623656,15.0,372.0
2026-03-27 10:45:00,outbound,19.711496746203906,14.0,461.0
2026-03-27 11:00:00,outbound,22.520628683693516,14.0,509.0
2026-03-27 11:15:00,outbound,26.126463700234194,10.0,427.0
2026-03-27 11:30:00,outbound,27.07883817427386,14.0,482.0
2026-03-27 11:45:00,outbound,22.32564841498559,6.0,347.0
2026-03-27 12:00:00,outbound,38.23030303030303,37.0,495.0
2026-03-27 12:15:00,outbound,27.333965844402275,20.0,527.0
2026-03-27 12:30:00,outbound,25.743303571428573,18.0,448.0
2026-03-27 12:45:00,outbound,20.667279411764707,11.0,544.0
2026-03-27 13:00:00,outbound,26.895,18.0,400.0
2026-03-27 13:15:00,outbound,21.929155313351497,16.0,367.0
2026-03-27 13:30:00,outbound,23.467611336032387,16.0,494.0
2026-03-27 13:45:00,outbound,28.666666666666668,29.0,204.0
2026-03-27 14:00:00,outbound,23.462871287128714,12.0,404.0
2026-03-27 14:15:00,outbound,30.838862559241708,36.0,211.0
2026-03-27 14:30:00,outbound,24.445273631840795,12.0,402.0
2026-03-27 14:45:00,outbound,30.94871794871795,29.0,273.0
2026-03-27 15:00:00,outbound,15.551063829787234,11.0,470.0
2026-03-27 15:15:00,outbound,22.094444444444445,12.0,360.0
2026-03-27 15:30:00,outbound,23.07948717948718,18.0,390.0
2026-03-27 15:45:00,outbound,24.53846153846154,26.0,442.0
2026-03-27 16:00:00,outbound,18.52416918429003,16.0,662.0
2026-03-27 16:15:00,outbound,15.133689839572192,12.0,187.0
2026-03-27 16:30:00,outbound,13.923491379310345,9.0,928.0
2026-03-27 16:45:00,outbound,18.721757322175733,18.0,478.0
2026-03-27 17:00:00,outbound,14.348432055749129,9.0,287.0
2026-03-27 17:15:00,outbound,14.772151898734178,13.0,237.0
2026-03-27 17:30:00,outbound,11.009727626459144,9.0,514.0
2026-03-27 17:45:00,outbound,13.061946902654867,9.0,339.0
2026-03-27 18:00:00,outbound,13.296416938110749,15.0,307.0
2026-03-27 18:15:00,outbound,13.88787185354691,16.0,437.0
2026-03-27 18:30:00,outbound,17.830339321357286,15.0,501.0
2026-03-27 18:45:00,outbound,14.577127659574469,13.0,376.0
2026-03-27 19:00:00,outbound,13.324324324324325,13.0,481.0
2026-03-27 19:15:00,outbound,15.784140969162996,15.0,454.0
2026-03-27 19:30:00,outbound,17.976470588235294,9.0,255.0
2026-03-27 19:45:00,outbound,15.763636363636364,15.0,550.0
2026-03-27 20:00:00,outbound,14.928358208955224,16.0,335.0
2026-03-27 20:15:00,outbound,14.711538461538462,16.0,468.0
2026-03-27 20:30:00,outbound,12.552631578947368,17.0,228.0
2026-03-27 20:45:00,outbound,21.754578754578755,23.0,273.0
2026-03-27 21:00:00,outbound,4.663934426229508,16.0,366.0
2026-03-27 21:15:00,outbound,-3.747159090909091,16.0,352.0
2026-03-27 21:30:00,outbound,7.245810055865922,16.0,358.0
2026-03-27 21:45:00,outbound,1.1373390557939915,16.0,233.0
2026-03-27 22:00:00,outbound,1.8322981366459627,16.0,161.0
2026-03-27 22:15:00,outbound,17.275862068965516,16.0,87.0
2026-03-27 22:30:00,outbound,-9.160493827160494,0.0,81.0
2026-03-27 22:45:00,outbound,3.791044776119403,16.0,134.0
2026-03-27 23:00:00,outbound,-9.272727272727273,16.0,55.0
2026-03-27 23:15:00,outbound,10.666666666666666,16.0,3.0
2026-03-27 23:30:00,outbound,15.5,16.0,32.0
2026-03-27 23:45:00,outbound,12.235294117647058,16.0,17.0
2026-03-28 00:00:00,outbound,,,
2026-03-28 00:15:00,outbound,,,
2026-03-28 00:30:00,outbound,,,
2026-03-28 00:45:00,outbound,,,
2026-03-28 01:00:00,outbound,,,
2026-03-28 01:15:00,outbound,,,
2026-03-28 01:30:00,outbound,,,
2026-03-28 01:45:00,outbound,,,
2026-03-28 02:00:00,outbound,,,
2026-03-28 02:15:00,outbound,,,
2026-03-28 02:30:00,outbound,,,
2026-03-28 02:45:00,outbound,,,
2026-03-28 03:00:00,outbound,,,
2026-03-28 03:15:00,outbound,,,
2026-03-28 03:30:00,outbound,9.5,9.5,52.0
2026-03-28 03:45:00,outbound,10.130434782608695,3.0,46.0
2026-03-28 04:00:00,outbound,19.0,19.0,32.0
2026-03-28 04:15:00,outbound,8.5,6.0,14.0
2026-03-28 04:30:00,outbound,11.80327868852459,8.0,244.0
2026-03-28 04:45:00,outbound,11.566225165562914,5.0,302.0
2026-03-28 05:00:00,outbound,9.692708333333334,3.0,384.0
2026-03-28 05:15:00,outbound,9.63302752293578,4.0,654.0
2026-03-28 05:30:00,outbound,7.873134328358209,3.0,536.0
2026-03-28 05:45:00,outbound,10.112385321100918,4.0,436.0
2026-03-28 06:00:00,outbound,12.78225806451613,15.0,248.0
2026-03-28 06:15:00,outbound,13.327510917030567,15.0,458.0
2026-03-28 06:30:00,outbound,16.900523560209425,15.0,1146.0
2026-03-28 06:45:00,outbound,18.501464128843338,20.0,1366.0
2026-03-28 07:00:00,outbound,14.182539682539682,14.0,882.0
2026-03-28 07:15:00,outbound,18.454545454545453,18.0,1386.0
2026-03-28 07:30:00,outbound,15.43661971830986,14.0,994.0
2026-03-28 07:45:00,outbound,12.03479381443299,8.0,776.0
2026-03-28 08:00:00,outbound,14.536443148688047,12.0,1372.0
2026-03-28 08:15:00,outbound,17.402298850574713,14.0,1044.0
2026-03-28 08:30:00,outbound,17.456639566395665,14.0,738.0
2026-03-28 08:45:00,outbound,18.179640718562876,14.0,1002.0
2026-03-28 09:00:00,outbound,16.34922680412371,12.0,776.0
2026-03-28 09:15:00,outbound,19.82587064676617,18.0,804.0
2026-03-28 09:30:00,outbound,21.264150943396228,17.0,636.0
2026-03-28 09:45:00,outbound,26.28918918918919,18.0,740.0
2026-03-28 10:00:00,outbound,19.309808612440193,12.0,836.0
2026-03-28 10:15:00,outbound,21.765333333333334,17.0,750.0
2026-03-28 10:30:00,outbound,19.29783950617284,16.0,648.0
2026-03-28 10:45:00,outbound,18.599415204678362,11.0,684.0
2026-03-28 11:00:00,outbound,18.524475524475523,11.0,858.0
2026-03-28 11:15:00,outbound,17.89454094292804,11.0,806.0
2026-03-28 11:30:00,outbound,22.5777027027027,11.0,592.0
2026-03-28 11:45:00,outbound,18.60967741935484,11.0,930.0
2026-03-28 12:00:00,outbound,18.10855263157895,11.0,608.0
2026-03-28 12:15:00,outbound,14.769886363636363,9.0,352.0
2026-03-28 12:30:00,outbound,21.698214285714286,17.0,560.0
2026-03-28 12:45:00,outbound,16.306921675774134,12.0,1098.0
2026-03-28 13:00:00,outbound,23.1203125,20.0,640.0
2026-03-28 13:15:00,outbound,21.73062015503876,22.0,516.0
2026-03-28 13:30:00,outbound,22.793768545994066,20.5,674.0
2026-03-28 13:45:00,outbound,21.525096525096526,20.0,1036.0
2026-03-28 14:00:00,outbound,23.290076335877863,20.0,524.0
2026-03-28 14:15:00,outbound,24.933098591549296,20.0,568.0
2026-03-28 14:30:00,outbound,21.347826086956523,20.0,506.0
2026-03-28 14:45:00,outbound,22.748931623931625,20.0,936.0
2026-03-28 15:00:00,outbound,23.575797872340427,21.0,752.0
2026-03-28 15:15:00,outbound,23.915730337078653,21.0,534.0
2026-03-28 15:30:00,outbound,19.43409742120344,20.0,698.0
2026-03-28 15:45:00,outbound,20.70408163265306,22.0,392.0
2026-03-28 16:00:00,outbound,14.714776632302405,11.0,582.0
2026-03-28 16:15:00,outbound,25.951327433628318,28.0,226.0
2026-03-28 16:30:00,outbound,16.07928388746803,12.0,782.0
2026-03-28 16:45:00,outbound,12.250798722044728,6.5,626.0
2026-03-28 17:00:00,outbound,14.7875,11.0,480.0
2026-03-28 17:15:00,outbound,13.201244813278008,5.0,482.0
2026-03-28 17:30:00,outbound,13.849489795918368,11.0,784.0
2026-03-28 17:45:00,outbound,14.375,12.0,808.0
2026-03-28 18:00:00,outbound,15.26268656716418,11.0,670.0
2026-03-28 18:15:00,outbound,17.96069868995633,15.0,458.0
2026-03-28 18:30:00,outbound,17.748511904761905,15.0,672.0
2026-03-28 18:45:00,outbound,18.791044776119403,16.0,402.0
2026-03-28 19:00:00,outbound,18.431239388794566,18.0,589.0
2026-03-28 19:15:00,outbound,14.530647985989493,11.0,571.0
2026-03-28 19:30:00,outbound,17.814338235294116,15.0,544.0
2026-03-28 19:45:00,outbound,23.63949843260188,20.0,638.0
2026-03-28 20:00:00,outbound,14.727810650887575,13.5,338.0
2026-03-28 20:15:00,outbound,11.402777777777779,8.0,576.0
2026-03-28 20:30:00,outbound,13.63076923076923,10.0,455.0
2026-03-28 20:45:00,outbound,17.143283582089552,11.0,670.0
2026-03-28 21:00:00,outbound,14.215909090909092,8.0,440.0
2026-03-28 21:15:00,outbound,15.506849315068493,8.0,511.0
2026-03-28 21:30:00,outbound,21.583126550868485,14.0,403.0
2026-03-28 21:45:00,outbound,23.971599402092675,19.0,669.0
2026-03-28 22:00:00,outbound,19.40134529147982,13.0,446.0
2026-03-28 22:15:00,outbound,20.148936170212767,16.5,564.0
2026-03-28 22:30:00,outbound,19.6796875,13.0,256.0
2026-03-28 22:45:00,outbound,12.206422018348624,7.0,218.0
2026-03-28 23:00:00,outbound,16.0,7.0,98.0
2026-03-28 23:15:00,outbound,26.68,19.0,50.0
2026-03-28 23:30:00,outbound,31.0,31.0,10.0
2026-03-28 23:45:00,outbound,,,
2026-03-29 00:00:00,outbound,,,
2026-03-29 00:15:00,outbound,,,
2026-03-29 00:30:00,outbound,,,
2026-03-29 00:45:00,outbound,,,
2026-03-29 01:00:00,outbound,,,
2026-03-29 01:15:00,outbound,,,
2026-03-29 01:30:00,outbound,,,
2026-03-29 01:45:00,outbound,,,
2026-03-29 02:00:00,outbound,,,
2026-03-29 02:15:00,outbound,,,
2026-03-29 02:30:00,outbound,,,
2026-03-29 02:45:00,outbound,,,
2026-03-29 03:00:00,outbound,,,
2026-03-29 03:15:00,outbound,,,
2026-03-29 03:30:00,outbound,1.0,1.0,1.0
2026-03-29 03:45:00,outbound,1.0,1.0,1.0
2026-03-29 04:00:00,outbound,2.0779220779220777,1.0,77.0
2026-03-29 04:15:00,outbound,3.7142857142857144,2.0,77.0
2026-03-29 04:30:00,outbound,2.9859154929577465,2.0,71.0
2026-03-29 04:45:00,outbound,2.111111111111111,2.0,126.0
2026-03-29 05:00:00,outbound,1.7741935483870968,1.0,124.0
2026-03-29 05:15:00,outbound,2.1176470588235294,1.0,153.0
2026-03-29 05:30:00,outbound,3.2888888888888888,2.0,180.0
2026-03-29 05:45:00,outbound,4.035143769968051,2.0,313.0
2026-03-29 06:00:00,outbound,4.346715328467154,4.0,274.0
2026-03-29 06:15:00,outbound,6.324,2.0,250.0
2026-03-29 06:30:00,outbound,3.7563291139240507,2.0,316.0
2026-03-29 06:45:00,outbound,5.252365930599369,2.0,317.0
2026-03-29 07:00:00,outbound,5.522968197879859,2.0,283.0
2026-03-29 07:15:00,outbound,6.145374449339207,4.0,454.0
2026-03-29 07:30:00,outbound,5.111111111111111,4.0,189.0
2026-03-29 07:45:00,outbound,9.738095238095237,7.0,336.0
2026-03-29 08:00:00,outbound,8.27437641723356,4.0,441.0
2026-03-29 08:15:00,outbound,11.734072022160666,7.0,361.0
2026-03-29 08:30:00,outbound,15.11221945137157,11.0,401.0
2026-03-29 08:45:00,outbound,22.55909090909091,30.0,440.0
2026-03-29 09:00:00,outbound,11.309859154929578,8.0,213.0
2026-03-29 09:15:00,outbound,13.792207792207792,8.0,231.0
2026-03-29 09:30:00,outbound,7.679814385150812,2.0,431.0
2026-03-29 09:45:00,outbound,10.299342105263158,2.0,304.0
2026-03-29 10:00:00,outbound,12.376404494382022,2.0,178.0
2026-03-29 10:15:00,outbound,19.802575107296136,13.0,466.0
2026-03-29 10:30:00,outbound,16.910679611650487,6.0,515.0
2026-03-29 10:45:00,outbound,13.298555377207062,4.0,623.0
2026-03-29 11:00:00,outbound,12.792553191489361,7.0,376.0
2026-03-29 11:15:00,outbound,14.357377049180329,11.0,305.0
2026-03-29 11:30:00,outbound,10.252268602540834,8.0,551.0
2026-03-29 11:45:00,outbound,9.23157894736842,6.0,570.0
2026-03-29 12:00:00,outbound,7.55511811023622,4.0,254.0
2026-03-29 12:15:00,outbound,11.530791788856305,11.0,341.0
2026-03-29 12:30:00,outbound,12.779069767441861,11.0,344.0
2026-03-29 12:45:00,outbound,13.948176583493282,11.0,521.0
2026-03-29 13:00:00,outbound,12.759562841530055,11.0,366.0
2026-03-29 13:15:00,outbound,14.106719367588934,12.0,253.0
2026-03-29 13:30:00,outbound,14.142506142506143,17.0,407.0
2026-03-29 13:45:00,outbound,13.320754716981131,12.0,318.0
2026-03-29 14:00:00,outbound,12.50642673521851,12.0,389.0
2026-03-29 14:15:00,outbound,13.704419889502763,12.0,724.0
2026-03-29 14:30:00,outbound,11.802752293577981,11.0,218.0
2026-03-29 14:45:00,outbound,13.411910669975185,14.0,403.0
2026-03-29 15:00:00,outbound,14.429133858267717,17.0,254.0
2026-03-29 15:15:00,outbound,15.981684981684982,21.0,273.0
2026-03-29 15:30:00,outbound,12.708530805687204,17.0,422.0
2026-03-29 15:45:00,outbound,11.263605442176871,8.0,588.0
2026-03-29 16:00:00,outbound,15.84452296819788,17.0,566.0
2026-03-29 16:15:00,outbound,14.286713286713287,17.0,286.0
2026-03-29 16:30:00,outbound,11.791666666666666,8.0,504.0
2026-03-29 16:45:00,outbound,12.785542168674699,12.0,415.0
2026-03-29 17:00:00,outbound,13.337461300309597,8.0,323.0
2026-03-29 17:15:00,outbound,14.725903614457831,12.0,332.0
2026-03-29 17:30:00,outbound,12.35344827586207,5.0,348.0
2026-03-29 17:45:00,outbound,14.20775623268698,5.0,361.0
2026-03-29 18:00:00,outbound,17.914004914004913,19.0,407.0
2026-03-29 18:15:00,outbound,20.919117647058822,22.0,272.0
2026-03-29 18:30:00,outbound,14.392156862745098,12.0,357.0
2026-03-29 18:45:00,outbound,19.986206896551725,19.0,435.0
2026-03-29 19:00:00,outbound,17.864978902953588,19.0,237.0
2026-03-29 19:15:00,outbound,20.985507246376812,22.0,207.0
2026-03-29 19:30:00,outbound,17.410404624277458,13.0,173.0
2026-03-29 19:45:00,outbound,18.056603773584907,13.0,212.0
2026-03-29 20:00:00,outbound,23.578635014836795,22.0,337.0
2026-03-29 20:15:00,outbound,17.18918918918919,11.0,148.0
2026-03-29 20:30:00,outbound,21.05442176870748,19.0,147.0
2026-03-29 20:45:00,outbound,27.373831775700936,32.0,214.0
2026-03-29 21:00:00,outbound,31.23693379790941,32.0,287.0
2026-03-29 21:15:00,outbound,26.92056074766355,32.0,214.0
2026-03-29 21:30:00,outbound,22.745318352059925,15.0,267.0
2026-03-29 21:45:00,outbound,15.990066225165563,13.0,302.0
2026-03-29 22:00:00,outbound,20.130434782608695,19.0,253.0
2026-03-29 22:15:00,outbound,15.974545454545455,13.0,275.0
2026-03-29 22:30:00,outbound,13.531400966183575,13.0,207.0
2026-03-29 22:45:00,outbound,10.79646017699115,13.0,113.0
2026-03-29 23:00:00,outbound,12.53125,15.0,96.0
2026-03-29 23:15:00,outbound,13.694915254237289,15.0,59.0
2026-03-29 23:30:00,outbound,15.0,15.0,31.0
2026-03-29 23:45:00,outbound,10.764705882352942,15.0,34.0
2026-03-30 00:00:00,outbound,,,
2026-03-30 00:15:00,outbound,,,
2026-03-30 00:30:00,outbound,,,
2026-03-30 00:45:00,outbound,,,
2026-03-30 01:00:00,outbound,,,
2026-03-30 01:15:00,outbound,,,
2026-03-30 01:30:00,outbound,,,
2026-03-30 01:45:00,outbound,,,
2026-03-30 02:00:00,outbound,,,
2026-03-30 02:15:00,outbound,,,
2026-03-30 02:30:00,outbound,,,
2026-03-30 02:45:00,outbound,,,
2026-03-30 03:00:00,outbound,0.0,0.0,1.0
2026-03-30 03:15:00,outbound,,,
2026-03-30 03:30:00,outbound,5.833333333333333,10.0,30.0
2026-03-30 03:45:00,outbound,21.05263157894737,22.0,19.0
2026-03-30 04:00:00,outbound,7.912280701754386,5.0,114.0
2026-03-30 04:15:00,outbound,9.921052631578947,10.0,38.0
2026-03-30 04:30:00,outbound,8.061889250814332,5.0,307.0
2026-03-30 04:45:00,outbound,10.977099236641221,11.0,393.0
2026-03-30 05:00:00,outbound,5.60233918128655,4.0,171.0
2026-03-30 05:15:00,outbound,8.718929254302104,8.0,523.0
2026-03-30 05:30:00,outbound,8.921192758253461,6.0,939.0
2026-03-30 05:45:00,outbound,8.088261253309797,6.0,1133.0
2026-03-30 06:00:00,outbound,8.231515151515152,6.0,825.0
2026-03-30 06:15:00,outbound,8.172101449275363,8.0,1104.0
2026-03-30 06:30:00,outbound,8.161838161838162,6.0,1001.0
2026-03-30 06:45:00,outbound,9.08220502901354,6.0,1034.0
2026-03-30 07:00:00,outbound,8.777777777777779,6.0,954.0
2026-03-30 07:15:00,outbound,9.341479972844535,6.0,1473.0
2026-03-30 07:30:00,outbound,9.042163153070577,6.0,1091.0
2026-03-30 07:45:00,outbound,8.422192151556157,6.0,739.0
2026-03-30 08:00:00,outbound,8.401803607214429,6.0,998.0
2026-03-30 08:15:00,outbound,10.007898894154819,8.0,633.0
2026-03-30 08:30:00,outbound,9.844868735083532,8.0,419.0
2026-03-30 08:45:00,outbound,10.963636363636363,9.0,385.0
2026-03-30 09:00:00,outbound,10.216589861751151,9.0,434.0
2026-03-30 09:15:00,outbound,11.24901185770751,9.0,506.0
2026-03-30 09:30:00,outbound,12.55363321799308,9.0,289.0
2026-03-30 09:45:00,outbound,12.165625,9.0,320.0
2026-03-30 10:00:00,outbound,13.231843575418994,11.0,358.0
2026-03-30 10:15:00,outbound,13.392655367231638,12.0,354.0
2026-03-30 10:30:00,outbound,12.934579439252337,11.0,214.0
2026-03-30 10:45:00,outbound,11.657777777777778,11.0,450.0
2026-03-30 11:00:00,outbound,11.616858237547893,11.0,261.0
2026-03-30 11:15:00,outbound,9.835483870967742,11.0,310.0
2026-03-30 11:30:00,outbound,,,
2026-03-30 11:45:00,outbound,11.093877551020409,11.0,490.0
2026-03-30 12:00:00,outbound,11.285106382978723,10.0,470.0
2026-03-30 12:15:00,outbound,9.997590361445782,10.0,415.0
2026-03-30 12:30:00,outbound,13.486842105263158,14.0,456.0
2026-03-30 12:45:00,outbound,13.4765625,12.0,128.0
2026-03-30 13:00:00,outbound,,,
2026-03-30 13:15:00,outbound,14.389558232931726,14.0,249.0
2026-03-30 13:30:00,outbound,14.666666666666666,14.0,540.0
2026-03-30 13:45:00,outbound,12.911227154046998,11.0,383.0
2026-03-30 14:00:00,outbound,15.060759493670886,14.0,395.0
2026-03-30 14:15:00,outbound,14.06312292358804,14.0,301.0
2026-03-30 14:30:00,outbound,,,
2026-03-30 14:45:00,outbound,17.0,11.0,41.0
2026-03-30 15:00:00,outbound,17.11137440758294,17.0,422.0
2026-03-30 15:15:00,outbound,16.270220588235293,17.0,544.0
2026-03-30 15:30:00,outbound,14.931372549019608,17.0,408.0
2026-03-30 15:45:00,outbound,13.475849731663684,12.0,559.0
2026-03-30 16:00:00,outbound,,,
2026-03-30 16:15:00,outbound,,,
2026-03-30 16:30:00,outbound,18.24264705882353,20.0,408.0
2026-03-30 16:45:00,outbound,19.602439024390243,23.0,410.0
2026-03-30 17:00:00,outbound,20.473094170403588,20.0,446.0
2026-03-30 17:15:00,outbound,19.55877034358047,20.0,553.0
2026-03-30 17:30:00,outbound,21.035714285714285,20.0,112.0
2026-03-30 17:45:00,outbound,20.35135135135135,20.0,148.0
2026-03-30 18:00:00,outbound,18.827380952380953,18.0,168.0
2026-03-30 18:15:00,outbound,18.773700305810397,18.0,327.0
2026-03-30 18:30:00,outbound,17.37715179968701,13.0,639.0
2026-03-30 18:45:00,outbound,16.53857142857143,13.0,700.0
2026-03-30 19:00:00,outbound,19.805555555555557,20.0,324.0
2026-03-30 19:15:00,outbound,15.16,13.0,75.0
2026-03-30 19:30:00,outbound,16.426183844011142,13.0,359.0
2026-03-30 19:45:00,outbound,12.957915831663327,7.0,499.0
2026-03-30 20:00:00,outbound,12.625407166123779,7.0,307.0
2026-03-30 20:15:00,outbound,13.006666666666666,9.0,300.0
2026-03-30 20:30:00,outbound,12.597796143250688,7.0,363.0
2026-03-30 20:45:00,outbound,15.163987138263666,7.0,311.0
2026-03-30 21:00:00,outbound,11.609677419354838,7.0,310.0
2026-03-30 21:15:00,outbound,11.212121212121213,7.0,165.0
2026-03-30 21:30:00,outbound,12.237410071942445,6.0,139.0
2026-03-30 21:45:00,outbound,10.515555555555556,6.0,225.0
2026-03-30 22:00:00,outbound,12.950920245398773,6.0,163.0
2026-03-30 22:15:00,outbound,9.90857142857143,6.0,175.0
2026-03-30 22:30:00,outbound,6.704545454545454,6.0,176.0
2026-03-30 22:45:00,outbound,4.422360248447205,2.0,161.0
2026-03-30 23:00:00,outbound,8.537414965986395,2.0,147.0
2026-03-30 23:15:00,outbound,7.974789915966387,6.0,119.0
2026-03-30 23:30:00,outbound,6.591397849462366,6.0,93.0
2026-03-30 23:45:00,outbound,6.5,6.0,86.0
2026-03-31 00:00:00,outbound,,,
2026-03-31 00:15:00,outbound,,,
2026-03-31 00:30:00,outbound,,,
2026-03-31 00:45:00,outbound,,,
2026-03-31 01:00:00,outbound,,,
2026-03-31 01:15:00,outbound,,,
2026-03-31 01:30:00,outbound,,,
2026-03-31 01:45:00,outbound,,,
2026-03-31 02:00:00,outbound,,,
2026-03-31 02:15:00,outbound,,,
2026-03-31 02:30:00,outbound,,,
2026-03-31 02:45:00,outbound,,,
2026-03-31 03:00:00,outbound,,,
2026-03-31 03:15:00,outbound,1.0,1.0,6.0
2026-03-31 03:30:00,outbound,2.342857142857143,3.0,35.0
2026-03-31 03:45:00,outbound,1.4,1.0,5.0
2026-03-31 04:00:00,outbound,7.108108108108108,2.0,111.0
2026-03-31 04:15:00,outbound,11.886243386243386,7.0,378.0
2026-03-31 04:30:00,outbound,10.286713286713287,10.0,143.0
2026-03-31 04:45:00,outbound,9.011111111111111,4.0,90.0
2026-03-31 05:00:00,outbound,9.006944444444445,5.0,576.0
2026-03-31 05:15:00,outbound,9.684403669724771,5.0,545.0
2026-03-31 05:30:00,outbound,9.00974025974026,5.0,616.0
2026-03-31 05:45:00,outbound,12.022417153996102,8.0,1026.0
2026-03-31 06:00:00,outbound,14.852459016393443,13.0,610.0
2026-03-31 06:15:00,outbound,15.598269468479604,13.0,809.0
2026-03-31 06:30:00,outbound,14.416585365853658,13.0,1025.0
2026-03-31 06:45:00,outbound,16.176895306859205,13.0,1108.0
2026-03-31 07:00:00,outbound,15.374040474528961,11.0,1433.0
2026-03-31 07:15:00,outbound,15.572510822510823,11.0,924.0
2026-03-31 07:30:00,outbound,18.401475237091674,19.0,949.0
2026-03-31 07:45:00,outbound,15.230865746549561,11.0,797.0
2026-03-31 08:00:00,outbound,17.917098445595855,19.0,579.0
2026-03-31 08:15:00,outbound,17.48661800486618,19.0,822.0
2026-03-31 08:30:00,outbound,18.35883014623172,19.0,889.0
2026-03-31 08:45:00,outbound,19.930506478209658,19.0,849.0
2026-03-31 09:00:00,outbound,18.8292220113852,19.0,527.0
2026-03-31 09:15:00,outbound,17.007009345794394,10.0,428.0
2026-03-31 09:30:00,outbound,19.81438127090301,10.0,598.0
2026-03-31 09:45:00,outbound,20.318181818181817,10.0,330.0
2026-03-31 10:00:00,outbound,24.03529411764706,11.0,510.0
2026-03-31 10:15:00,outbound,23.863128491620113,10.0,358.0
2026-03-31 10:30:00,outbound,24.619854721549636,9.0,413.0
2026-03-31 10:45:00,outbound,24.46527777777778,13.0,432.0
2026-03-31 11:00:00,outbound,25.00275482093664,12.0,363.0
2026-03-31 11:15:00,outbound,23.40484429065744,13.0,578.0
2026-03-31 11:30:00,outbound,21.524940617577197,13.0,421.0
2026-03-31 11:45:00,outbound,22.16216216216216,12.0,296.0
2026-03-31 12:00:00,outbound,26.532567049808428,13.0,261.0
2026-03-31 12:15:00,outbound,17.587064676616915,12.0,201.0
2026-03-31 12:30:00,outbound,23.42772861356932,13.0,339.0
2026-03-31 12:45:00,outbound,29.442307692307693,13.0,312.0
2026-03-31 13:00:00,outbound,24.52836879432624,13.0,282.0
2026-03-31 13:15:00,outbound,26.552380952380954,13.0,210.0
2026-03-31 13:30:00,outbound,26.202247191011235,33.0,356.0
2026-03-31 13:45:00,outbound,24.243636363636362,13.0,275.0
2026-03-31 14:00:00,outbound,22.776190476190475,13.0,210.0
2026-03-31 14:15:00,outbound,19.98787878787879,13.0,165.0
2026-03-31 14:30:00,outbound,24.636942675159236,15.0,157.0
2026-03-31 14:45:00,outbound,31.15671641791045,34.0,268.0
2026-03-31 15:00:00,outbound,22.333333333333332,15.0,204.0
2026-03-31 15:15:00,outbound,27.778225806451612,33.0,248.0
2026-03-31 15:30:00,outbound,21.58951965065502,15.0,229.0
2026-03-31 15:45:00,outbound,25.050632911392405,33.0,316.0
2026-03-31 16:00:00,outbound,19.30392156862745,15.0,204.0
2026-03-31 16:15:00,outbound,19.211382113821138,15.0,369.0
2026-03-31 16:30:00,outbound,16.694560669456067,15.0,239.0
2026-03-31 16:45:00,outbound,11.658536585365853,10.0,533.0
2026-03-31 17:00:00,outbound,14.958984375,15.0,512.0
2026-03-31 17:15:00,outbound,15.163025210084033,10.0,595.0
2026-03-31 17:30:00,outbound,11.363420427553445,5.0,421.0
2026-03-31 17:45:00,outbound,18.123152709359605,11.0,406.0
2026-03-31 18:00:00,outbound,15.25598086124402,8.0,418.0
2026-03-31 18:15:00,outbound,16.04748201438849,10.0,695.0
2026-03-31 18:30:00,outbound,11.6,4.0,755.0
2026-03-31 18:45:00,outbound,14.128989361702128,8.0,752.0
2026-03-31 19:00:00,outbound,11.970588235294118,4.0,238.0
2026-03-31 19:15:00,outbound,14.389705882352942,8.0,272.0
2026-03-31 19:30:00,outbound,18.853146853146853,8.0,286.0
2026-03-31 19:45:00,outbound,24.84319526627219,16.0,338.0
2026-03-31 20:00:00,outbound,21.976744186046513,8.0,516.0
2026-03-31 20:15:00,outbound,21.51094890510949,16.0,411.0
2026-03-31 20:30:00,outbound,18.176348547717843,9.0,482.0
2026-03-31 20:45:00,outbound,18.857142857142858,9.0,469.0
2026-03-31 21:00:00,outbound,16.94238683127572,9.0,243.0
2026-03-31 21:15:00,outbound,19.185286103542236,16.0,367.0
2026-03-31 21:30:00,outbound,14.518382352941176,9.0,272.0
2026-03-31 21:45:00,outbound,15.55084745762712,9.0,354.0
2026-03-31 22:00:00,outbound,17.75925925925926,16.0,216.0
2026-03-31 22:15:00,outbound,21.028846153846153,16.0,104.0
2026-03-31 22:30:00,outbound,20.26126126126126,16.0,111.0
2026-03-31 22:45:00,outbound,14.432624113475176,9.0,141.0
2026-03-31 23:00:00,outbound,16.415966386554622,9.0,238.0
2026-03-31 23:15:00,outbound,16.65909090909091,9.0,132.0
2026-03-31 23:30:00,outbound,20.88157894736842,30.0,76.0
2026-03-31 23:45:00,outbound,14.95774647887324,9.0,71.0
2026-04-01 00:00:00,outbound,,,
2026-04-01 00:15:00,outbound,,,
2026-04-01 00:30:00,outbound,,,
2026-04-01 00:45:00,outbound,,,
2026-04-01 01:00:00,outbound,,,
2026-04-01 01:15:00,outbound,,,
2026-04-01 01:30:00,outbound,,,
2026-04-01 01:45:00,outbound,,,
2026-04-01 02:00:00,outbound,,,
2026-04-01 02:15:00,outbound,,,
2026-04-01 02:30:00,outbound,,,
2026-04-01 02:45:00,outbound,,,
2026-04-01 03:00:00,outbound,1.0,1.0,1.0
2026-04-01 03:15:00,outbound,,,
2026-04-01 03:30:00,outbound,5.0,3.0,50.0
2026-04-01 03:45:00,outbound,9.333333333333334,10.0,12.0
2026-04-01 04:00:00,outbound,4.044943820224719,1.0,89.0
2026-04-01 04:15:00,outbound,4.483870967741935,3.0,217.0
2026-04-01 04:30:00,outbound,5.815068493150685,3.0,292.0
2026-04-01 04:45:00,outbound,6.918032786885246,3.0,122.0
2026-04-01 05:00:00,outbound,5.682352941176471,3.0,255.0
2026-04-01 05:15:00,outbound,8.506666666666666,6.0,225.0
2026-04-01 05:30:00,outbound,5.516795865633075,3.0,387.0
2026-04-01 05:45:00,outbound,12.059485530546624,6.0,622.0
2026-04-01 06:00:00,outbound,9.551546391752577,6.0,388.0
2026-04-01 06:15:00,outbound,11.08476821192053,6.0,755.0
2026-04-01 06:30:00,outbound,10.565703634669152,6.0,1073.0
2026-04-01 06:45:00,outbound,17.4025974025974,10.0,1001.0
2026-04-01 07:00:00,outbound,11.063670411985019,6.0,801.0
2026-04-01 07:15:00,outbound,22.95054945054945,19.0,910.0
2026-04-01 07:30:00,outbound,16.820033955857387,13.0,589.0
2026-04-01 07:45:00,outbound,19.961142857142857,13.0,875.0
2026-04-01 08:00:00,outbound,29.55359765051395,25.0,681.0
2026-04-01 08:15:00,outbound,28.02312925170068,19.0,735.0
2026-04-01 08:30:00,outbound,24.71664167916042,19.0,667.0
2026-04-01 08:45:00,outbound,31.39910313901345,41.0,446.0
2026-04-01 09:00:00,outbound,31.449411764705882,41.0,425.0
2026-04-01 09:15:00,outbound,37.33742331288344,43.0,326.0
2026-04-01 09:30:00,outbound,28.517073170731706,32.0,615.0
2026-04-01 09:45:00,outbound,35.24193548387097,41.0,434.0
2026-04-01 10:00:00,outbound,22.96961690885073,10.0,757.0
2026-04-01 10:15:00,outbound,32.41860465116279,32.0,387.0
2026-04-01 10:30:00,outbound,33.88840262582057,41.0,457.0
2026-04-01 10:45:00,outbound,23.574137931034482,17.0,580.0
2026-04-01 11:00:00,outbound,26.486761710794298,27.0,491.0
2026-04-01 11:15:00,outbound,31.19887429643527,32.0,533.0
2026-04-01 11:30:00,outbound,26.303827751196174,32.0,418.0
2026-04-01 11:45:00,outbound,18.14003294892916,14.0,607.0
2026-04-01 12:00:00,outbound,22.195364238410598,19.0,302.0
2026-04-01 12:15:00,outbound,12.67945205479452,1.0,365.0
2026-04-01 12:30:00,outbound,11.037974683544304,1.0,316.0
2026-04-01 12:45:00,outbound,12.393258426966293,6.0,623.0
2026-04-01 13:00:00,outbound,19.51057401812689,14.0,331.0
2026-04-01 13:15:00,outbound,20.447661469933184,6.0,449.0
2026-04-01 13:30:00,outbound,19.774305555555557,4.0,288.0
2026-04-01 13:45:00,outbound,24.1284046692607,28.0,257.0
2026-04-01 14:00:00,outbound,15.476780185758514,6.0,323.0
2026-04-01 14:15:00,outbound,20.50558659217877,14.0,358.0
2026-04-01 14:30:00,outbound,16.131818181818183,11.0,440.0
2026-04-01 14:45:00,outbound,16.007104795737124,11.0,563.0
2026-04-01 15:00:00,outbound,13.318518518518518,11.0,540.0
2026-04-01 15:15:00,outbound,15.390322580645162,11.0,310.0
2026-04-01 15:30:00,outbound,15.15258855585831,12.0,367.0
2026-04-01 15:45:00,outbound,13.98158379373849,11.0,543.0
2026-04-01 16:00:00,outbound,16.045325779036826,11.0,353.0
2026-04-01 16:15:00,outbound,14.054166666666667,11.0,480.0
2026-04-01 16:30:00,outbound,15.112804878048781,11.0,328.0
2026-04-01 16:45:00,outbound,13.027777777777779,11.0,324.0
2026-04-01 17:00:00,outbound,10.993273542600896,11.0,446.0
2026-04-01 17:15:00,outbound,13.925979680696662,11.0,689.0
2026-04-01 17:30:00,outbound,13.556985294117647,11.0,544.0
2026-04-01 17:45:00,outbound,14.712737127371273,11.0,738.0
2026-04-01 18:00:00,outbound,13.594029850746269,11.0,670.0
2026-04-01 18:15:00,outbound,13.637228260869565,11.0,736.0
2026-04-01 18:30:00,outbound,11.038004750593824,11.0,421.0
2026-04-01 18:45:00,outbound,11.653488372093022,11.0,430.0
2026-04-01 19:00:00,outbound,12.640897755610972,11.0,401.0
2026-04-01 19:15:00,outbound,16.737051792828684,12.0,502.0
2026-04-01 19:30:00,outbound,14.827697262479871,11.0,621.0
2026-04-01 19:45:00,outbound,18.096339113680155,20.0,519.0
2026-04-01 20:00:00,outbound,19.319371727748692,20.0,573.0
2026-04-01 20:15:00,outbound,16.687878787878788,18.0,330.0
2026-04-01 20:30:00,outbound,16.136861313868614,18.0,548.0
2026-04-01 20:45:00,outbound,22.450854700854702,20.0,468.0
2026-04-01 21:00:00,outbound,21.101479915433405,20.0,473.0
2026-04-01 21:15:00,outbound,21.87305122494432,20.0,449.0
2026-04-01 21:30:00,outbound,24.060773480662984,27.0,181.0
2026-04-01 21:45:00,outbound,25.666666666666668,27.0,192.0
2026-04-01 22:00:00,outbound,20.569958847736626,18.0,486.0
2026-04-01 22:15:00,outbound,23.079019073569484,18.0,367.0
2026-04-01 22:30:00,outbound,19.894179894179896,18.0,378.0
2026-04-01 22:45:00,outbound,18.451162790697673,8.0,215.0
2026-04-01 23:00:00,outbound,18.444444444444443,8.0,189.0
2026-04-01 23:15:00,outbound,19.08695652173913,8.0,92.0
2026-04-01 23:30:00,outbound,10.10204081632653,10.0,98.0
2026-04-01 23:45:00,outbound,7.760869565217392,8.0,92.0
2026-04-02 00:00:00,outbound,,,
2026-04-02 00:15:00,outbound,,,
2026-04-02 00:30:00,outbound,,,
2026-04-02 00:45:00,outbound,,,
2026-04-02 01:00:00,outbound,,,
2026-04-02 01:15:00,outbound,,,
2026-04-02 01:30:00,outbound,,,
2026-04-02 01:45:00,outbound,,,
2026-04-02 02:00:00,outbound,,,
2026-04-02 02:15:00,outbound,,,
2026-04-02 02:30:00,outbound,,,
2026-04-02 02:45:00,outbound,6.0,6.0,16.0
2026-04-02 03:00:00,outbound,5.566666666666666,2.0,30.0
2026-04-02 03:15:00,outbound,7.458333333333333,4.5,96.0
2026-04-02 03:30:00,outbound,8.75,5.0,192.0
2026-04-02 03:45:00,outbound,9.3,3.0,60.0
2026-04-02 04:00:00,outbound,1.4166666666666667,1.0,48.0
2026-04-02 04:15:00,outbound,7.75503355704698,3.0,298.0
2026-04-02 04:30:00,outbound,6.372262773722627,6.0,137.0
2026-04-02 04:45:00,outbound,8.680327868852459,6.0,122.0
2026-04-02 05:00:00,outbound,7.311804008908686,6.0,449.0
2026-04-02 05:15:00,outbound,12.149090909090908,10.0,550.0
2026-04-02 05:30:00,outbound,6.775898520084566,3.0,473.0
2026-04-02 05:45:00,outbound,14.584668192219679,13.0,874.0
2026-04-02 06:00:00,outbound,11.380701754385965,6.0,570.0
2026-04-02 06:15:00,outbound,14.679487179487179,11.0,780.0
2026-04-02 06:30:00,outbound,15.825242718446601,13.0,618.0
2026-04-02 06:45:00,outbound,19.027878787878787,16.0,825.0
2026-04-02 07:00:00,outbound,19.712426035502958,16.0,1690.0
2026-04-02 07:15:00,outbound,18.641304347826086,15.0,1196.0
2026-04-02 07:30:00,outbound,17.37565445026178,11.0,764.0
2026-04-02 07:45:00,outbound,21.479623824451412,29.0,638.0
2026-04-02 08:00:00,outbound,22.454209065679926,26.0,1081.0
2026-04-02 08:15:00,outbound,22.977678571428573,26.0,672.0
2026-04-02 08:30:00,outbound,22.11563731931669,20.0,761.0
2026-04-02 08:45:00,outbound,26.793617021276596,31.0,470.0
2026-04-02 09:00:00,outbound,22.38860103626943,26.0,386.0
2026-04-02 09:15:00,outbound,27.932846715328466,34.0,685.0
2026-04-02 09:30:00,outbound,28.215300546448088,35.0,915.0
2026-04-02 09:45:00,outbound,30.322314049586776,35.0,847.0
2026-04-02 10:00:00,outbound,24.263063063063065,30.0,1110.0
2026-04-02 10:15:00,outbound,18.323924731182796,13.0,744.0
2026-04-02 10:30:00,outbound,19.02066929133858,13.0,1016.0
2026-04-02 10:45:00,outbound,21.117924528301888,17.0,1060.0
2026-04-02 11:00:00,outbound,22.092391304347824,18.0,552.0
2026-04-02 11:15:00,outbound,20.501170960187352,13.0,854.0
2026-04-02 11:30:00,outbound,16.418848167539267,11.0,1146.0
2026-04-02 11:45:00,outbound,19.887005649717516,13.0,1062.0
2026-04-02 12:00:00,outbound,18.424547283702214,12.0,994.0
2026-04-02 12:15:00,outbound,16.447712418300654,9.0,612.0
2026-04-02 12:30:00,outbound,19.009090909090908,15.0,770.0
2026-04-02 12:45:00,outbound,20.257985257985258,18.0,814.0
2026-04-02 13:00:00,outbound,13.376383763837639,9.0,1084.0
2026-04-02 13:15:00,outbound,15.550884955752212,13.0,904.0
2026-04-02 13:30:00,outbound,18.026162790697676,18.0,688.0
2026-04-02 13:45:00,outbound,12.11832946635731,7.0,862.0
2026-04-02 14:00:00,outbound,12.687667560321715,7.0,746.0
2026-04-02 14:15:00,outbound,12.062231759656653,7.0,932.0
2026-04-02 14:30:00,outbound,11.761904761904763,7.0,546.0
2026-04-02 14:45:00,outbound,14.223514211886306,13.0,774.0
2026-04-02 15:00:00,outbound,11.995,7.0,400.0
2026-04-02 15:15:00,outbound,20.120283018867923,18.0,424.0
2026-04-02 15:30:00,outbound,12.955974842767295,8.0,954.0
2026-04-02 15:45:00,outbound,15.498659517426274,13.0,746.0
2026-04-02 16:00:00,outbound,18.91919191919192,17.0,594.0
2026-04-02 16:15:00,outbound,17.01733648542159,8.0,1269.0
2026-04-02 16:30:00,outbound,18.48148148148148,16.0,918.0
2026-04-02 16:45:00,outbound,15.994638069705093,7.0,746.0
2026-04-02 17:00:00,outbound,10.188127853881278,6.0,1095.0
2026-04-02 17:15:00,outbound,19.285062713797036,10.0,877.0
2026-04-02 17:30:00,outbound,11.748965517241379,4.0,725.0
2026-04-02 17:45:00,outbound,9.36969696969697,4.0,330.0
2026-04-02 18:00:00,outbound,19.496206373292868,10.0,659.0
2026-04-02 18:15:00,outbound,22.560824742268043,20.0,970.0
2026-04-02 18:30:00,outbound,25.30078895463511,20.0,1014.0
2026-04-02 18:45:00,outbound,19.68807339449541,16.0,654.0
2026-04-02 19:00:00,outbound,24.168944099378884,16.0,805.0
2026-04-02 19:15:00,outbound,28.48633879781421,23.0,549.0
2026-04-02 19:30:00,outbound,23.482581967213115,16.0,976.0
2026-04-02 19:45:00,outbound,32.16289592760181,26.0,884.0
2026-04-02 20:00:00,outbound,25.249614791987675,24.0,649.0
2026-04-02 20:15:00,outbound,21.123574144486692,12.0,1052.0
2026-04-02 20:30:00,outbound,28.18069306930693,24.0,808.0
2026-04-02 20:45:00,outbound,25.193931398416886,22.0,758.0
2026-04-02 21:00:00,outbound,18.058333333333334,11.0,960.0
2026-04-02 21:15:00,outbound,21.84090909090909,12.0,572.0
2026-04-02 21:30:00,outbound,17.81388888888889,11.0,720.0
2026-04-02 21:45:00,outbound,25.377777777777776,22.0,540.0
2026-04-02 22:00:00,outbound,23.473577235772357,11.0,492.0
2026-04-02 22:15:00,outbound,31.006451612903227,39.0,310.0
2026-04-02 22:30:00,outbound,33.81055900621118,39.0,322.0
2026-04-02 22:45:00,outbound,32.16388888888889,32.0,360.0
2026-04-02 23:00:00,outbound,27.276457883369332,25.0,463.0
2026-04-02 23:15:00,outbound,21.866141732283463,22.0,254.0
2026-04-02 23:30:00,outbound,17.794520547945204,5.0,146.0
2026-04-02 23:45:00,outbound,15.920634920634921,5.0,126.0
2026-04-03 00:00:00,outbound,,,
2026-04-03 00:15:00,outbound,,,
2026-04-03 00:30:00,outbound,,,
2026-04-03 00:45:00,outbound,,,
2026-04-03 01:00:00,outbound,,,
2026-04-03 01:15:00,outbound,,,
2026-04-03 01:30:00,outbound,,,
2026-04-03 01:45:00,outbound,,,
2026-04-03 02:00:00,outbound,,,
2026-04-03 02:15:00,outbound,,,
2026-04-03 02:30:00,outbound,,,
2026-04-03 02:45:00,outbound,,,
2026-04-03 03:00:00,outbound,,,
2026-04-03 03:15:00,outbound,7.176470588235294,6.0,17.0
2026-04-03 03:30:00,outbound,,,
2026-04-03 03:45:00,outbound,5.681818181818182,6.0,44.0
2026-04-03 04:00:00,outbound,4.12396694214876,2.0,121.0
2026-04-03 04:15:00,outbound,12.555555555555555,11.0,54.0
2026-04-03 04:30:00,outbound,5.769230769230769,2.0,247.0
2026-04-03 04:45:00,outbound,7.205882352941177,2.0,204.0
2026-04-03 05:00:00,outbound,5.134146341463414,2.0,328.0
2026-04-03 05:15:00,outbound,5.792982456140351,3.0,285.0
2026-04-03 05:30:00,outbound,8.812206572769954,6.0,426.0
2026-04-03 05:45:00,outbound,7.3565891472868215,3.0,387.0
2026-04-03 06:00:00,outbound,6.72027972027972,2.0,286.0
2026-04-03 06:15:00,outbound,9.487804878048781,2.0,369.0
2026-04-03 06:30:00,outbound,11.84344422700587,12.0,511.0
2026-04-03 06:45:00,outbound,12.294416243654823,13.0,394.0
2026-04-03 07:00:00,outbound,14.800658978583195,16.0,607.0
2026-04-03 07:15:00,outbound,13.907196969696969,12.0,528.0
2026-04-03 07:30:00,outbound,16.65561694290976,16.0,543.0
2026-04-03 07:45:00,outbound,16.35181236673774,16.0,469.0
2026-04-03 08:00:00,outbound,22.154135338345863,20.0,532.0
2026-04-03 08:15:00,outbound,22.223039215686274,20.0,408.0
2026-04-03 08:30:00,outbound,18.10731707317073,12.0,205.0
2026-04-03 08:45:00,outbound,21.543307086614174,14.5,254.0
2026-04-03 09:00:00,outbound,16.233576642335766,9.0,274.0
2026-04-03 09:15:00,outbound,27.26086956521739,30.0,276.0
2026-04-03 09:30:00,outbound,25.154882154882156,24.0,297.0
2026-04-03 09:45:00,outbound,20.418060200668897,17.0,598.0
2026-04-03 10:00:00,outbound,26.898936170212767,24.0,376.0
2026-04-03 10:15:00,outbound,23.93093093093093,18.0,333.0
2026-04-03 10:30:00,outbound,25.165289256198346,18.0,363.0
2026-04-03 10:45:00,outbound,22.00261780104712,17.0,382.0
2026-04-03 11:00:00,outbound,19.118721461187214,17.0,219.0
2026-04-03 11:15:00,outbound,20.753968253968253,17.0,252.0
2026-04-03 11:30:00,outbound,16.974603174603175,15.0,315.0
2026-04-03 11:45:00,outbound,21.237373737373737,15.0,594.0
2026-04-03 12:00:00,outbound,26.306962025316455,30.0,316.0
2026-04-03 12:15:00,outbound,29.635220125786162,30.0,477.0
2026-04-03 12:30:00,outbound,27.298192771084338,30.0,332.0
2026-04-03 12:45:00,outbound,21.75722543352601,15.0,519.0
2026-04-03 13:00:00,outbound,20.88470588235294,15.0,425.0
2026-04-03 13:15:00,outbound,19.232662192393736,15.0,447.0
2026-04-03 13:30:00,outbound,15.784679089026914,9.0,483.0
2026-04-03 13:45:00,outbound,20.462264150943398,18.0,424.0
2026-04-03 14:00:00,outbound,20.048275862068966,18.0,725.0
2026-04-03 14:15:00,outbound,24.424418604651162,27.0,344.0
2026-04-03 14:30:00,outbound,15.032815198618307,7.0,579.0
2026-04-03 14:45:00,outbound,20.663291139240506,27.0,395.0
2026-04-03 15:00:00,outbound,21.436950146627566,27.0,341.0
2026-04-03 15:15:00,outbound,20.41025641025641,24.0,507.0
2026-04-03 15:30:00,outbound,13.226694915254237,10.0,472.0
2026-04-03 15:45:00,outbound,14.342995169082126,7.0,207.0
2026-04-03 16:00:00,outbound,13.705882352941176,7.0,255.0
2026-04-03 16:15:00,outbound,21.244897959183675,24.0,490.0
2026-04-03 16:30:00,outbound,20.74380165289256,24.0,242.0
2026-04-03 16:45:00,outbound,23.60268714011516,23.0,521.0
2026-04-03 17:00:00,outbound,25.789106145251395,23.0,716.0
2026-04-03 17:15:00,outbound,23.966745843230402,27.0,421.0
2026-04-03 17:30:00,outbound,23.229565217391304,20.0,575.0
2026-04-03 17:45:00,outbound,21.21282798833819,20.0,343.0
2026-04-03 18:00:00,outbound,23.095890410958905,23.0,292.0
2026-04-03 18:15:00,outbound,23.114349775784753,23.0,446.0
2026-04-03 18:30:00,outbound,24.66355140186916,23.0,535.0
2026-04-03 18:45:00,outbound,18.20343839541547,16.0,349.0
2026-04-03 19:00:00,outbound,18.49652777777778,16.0,288.0
2026-04-03 19:15:00,outbound,19.846441947565545,16.0,267.0
2026-04-03 19:30:00,outbound,21.189233278955953,13.0,613.0
2026-04-03 19:45:00,outbound,17.91958762886598,6.0,485.0
2026-04-03 20:00:00,outbound,17.065934065934066,9.0,546.0
2026-04-03 20:15:00,outbound,29.06687898089172,24.0,314.0
2026-04-03 20:30:00,outbound,14.537878787878787,2.0,396.0
2026-04-03 20:45:00,outbound,20.273972602739725,9.0,365.0
2026-04-03 21:00:00,outbound,23.431603773584907,24.0,424.0
2026-04-03 21:15:00,outbound,24.16,24.0,300.0
2026-04-03 21:30:00,outbound,21.561643835616437,24.0,438.0
2026-04-03 21:45:00,outbound,18.430051813471504,9.0,193.0
2026-04-03 22:00:00,outbound,21.158798283261802,9.0,233.0
2026-04-03 22:15:00,outbound,21.936842105263157,9.0,190.0
2026-04-03 22:30:00,outbound,21.87769784172662,9.0,139.0
2026-04-03 22:45:00,outbound,21.925925925925927,9.0,108.0
2026-04-03 23:00:00,outbound,30.204379562043794,32.0,137.0
2026-04-03 23:15:00,outbound,31.90909090909091,32.0,55.0
2026-04-03 23:30:00,outbound,41.46478873239437,44.0,71.0
2026-04-03 23:45:00,outbound,41.01960784313726,44.0,51.0
2026-04-04 00:00:00,outbound,,,
2026-04-04 00:15:00,outbound,,,
2026-04-04 00:30:00,outbound,,,
2026-04-04 00:45:00,outbound,,,
2026-04-04 01:00:00,outbound,,,
2026-04-04 01:15:00,outbound,,,
2026-04-04 01:30:00,outbound,,,
2026-04-04 01:45:00,outbound,,,
2026-04-04 02:00:00,outbound,,,
2026-04-04 02:15:00,outbound,,,
2026-04-04 02:30:00,outbound,,,
2026-04-04 02:45:00,outbound,,,
2026-04-04 03:00:00,outbound,,,
2026-04-04 03:15:00,outbound,0.6666666666666666,1.0,3.0
2026-04-04 03:30:00,outbound,3.263157894736842,2.0,38.0
2026-04-04 03:45:00,outbound,,,
2026-04-04 04:00:00,outbound,,,
2026-04-04 04:15:00,outbound,38.0,38.0,8.0
2026-04-04 04:30:00,outbound,10.768115942028986,5.0,138.0
2026-04-04 04:45:00,outbound,14.492063492063492,6.0,63.0
2026-04-04 05:00:00,outbound,4.052631578947368,0.0,152.0
2026-04-04 05:15:00,outbound,9.733333333333333,5.0,165.0
2026-04-04 05:30:00,outbound,7.570754716981132,5.0,212.0
2026-04-04 05:45:00,outbound,13.335689045936396,12.0,283.0
2026-04-04 06:00:00,outbound,12.901639344262295,6.0,305.0
2026-04-04 06:15:00,outbound,14.880263157894737,9.0,760.0
2026-04-04 06:30:00,outbound,14.112121212121211,5.0,330.0
2026-04-04 06:45:00,outbound,14.610800744878958,9.0,537.0
2026-04-04 07:00:00,outbound,14.938953488372093,5.0,344.0
2026-04-04 07:15:00,outbound,17.826923076923077,13.0,520.0
2026-04-04 07:30:00,outbound,17.122222222222224,15.0,540.0
2026-04-04 07:45:00,outbound,15.776119402985074,13.0,402.0
2026-04-04 08:00:00,outbound,19.512304250559286,22.0,447.0
2026-04-04 08:15:00,outbound,19.98582995951417,13.0,494.0
2026-04-04 08:30:00,outbound,16.528013582342954,13.0,589.0
2026-04-04 08:45:00,outbound,18.736607142857142,13.0,448.0
2026-04-04 09:00:00,outbound,16.599483204134366,11.0,387.0
2026-04-04 09:15:00,outbound,21.013513513513512,13.0,370.0
2026-04-04 09:30:00,outbound,22.62133891213389,11.0,478.0
2026-04-04 09:45:00,outbound,23.925,17.0,560.0
2026-04-04 10:00:00,outbound,28.09188034188034,17.0,468.0
2026-04-04 10:15:00,outbound,40.04040404040404,27.0,594.0
2026-04-04 10:30:00,outbound,28.43949044585987,17.0,471.0
2026-04-04 10:45:00,outbound,42.920133111480865,27.0,601.0
2026-04-04 11:00:00,outbound,17.91015625,11.0,256.0
2026-04-04 11:15:00,outbound,45.088698140200286,27.0,699.0
2026-04-04 11:30:00,outbound,45.027223230490016,27.0,551.0
2026-04-04 11:45:00,outbound,48.30246913580247,27.0,486.0
2026-04-04 12:00:00,outbound,35.411458333333336,14.0,384.0
2026-04-04 12:15:00,outbound,38.122257053291534,20.0,638.0
2026-04-04 12:30:00,outbound,45.012474012474016,48.0,481.0
2026-04-04 12:45:00,outbound,54.34362139917695,61.0,486.0
2026-04-04 13:00:00,outbound,46.84709480122324,48.0,327.0
2026-04-04 13:15:00,outbound,62.98641765704584,61.0,589.0
2026-04-04 13:30:00,outbound,59.188712522045854,52.0,567.0
2026-04-04 13:45:00,outbound,42.37373737373738,51.0,594.0
2026-04-04 14:00:00,outbound,40.06687898089172,51.0,314.0
2026-04-04 14:15:00,outbound,50.733870967741936,51.0,248.0
2026-04-04 14:30:00,outbound,42.11538461538461,48.0,442.0
2026-04-04 14:45:00,outbound,38.29530201342282,48.0,298.0
2026-04-04 15:00:00,outbound,29.3026706231454,13.0,337.0
2026-04-04 15:15:00,outbound,34.41193181818182,45.0,352.0
2026-04-04 15:30:00,outbound,24.7825311942959,17.0,561.0
2026-04-04 15:45:00,outbound,31.359550561797754,40.0,356.0
2026-04-04 16:00:00,outbound,36.617283950617285,45.0,243.0
2026-04-04 16:15:00,outbound,34.8130081300813,40.0,369.0
2026-04-04 16:30:00,outbound,20.911475409836065,13.0,305.0
2026-04-04 16:45:00,outbound,22.32996632996633,13.0,297.0
2026-04-04 17:00:00,outbound,21.619158878504674,13.0,428.0
2026-04-04 17:15:00,outbound,29.24074074074074,40.0,270.0
2026-04-04 17:30:00,outbound,26.387096774193548,19.0,248.0
2026-04-04 17:45:00,outbound,24.488,19.0,250.0
2026-04-04 18:00:00,outbound,30.662393162393162,40.0,234.0
2026-04-04 18:15:00,outbound,25.211453744493394,19.0,227.0
2026-04-04 18:30:00,outbound,34.822680412371135,45.0,485.0
2026-04-04 18:45:00,outbound,33.2108843537415,24.0,294.0
2026-04-04 19:00:00,outbound,36.69103773584906,50.0,424.0
2026-04-04 19:15:00,outbound,37.091911764705884,50.0,272.0
2026-04-04 19:30:00,outbound,30.49060542797495,24.0,479.0
2026-04-04 19:45:00,outbound,32.50735294117647,49.0,272.0
2026-04-04 20:00:00,outbound,30.0327868852459,23.0,244.0
2026-04-04 20:15:00,outbound,30.597249508840864,22.0,509.0
2026-04-04 20:30:00,outbound,28.82439024390244,17.0,410.0
2026-04-04 20:45:00,outbound,25.79015544041451,17.0,386.0
2026-04-04 21:00:00,outbound,20.005730659025787,15.0,349.0
2026-04-04 21:15:00,outbound,20.652173913043477,15.0,322.0
2026-04-04 21:30:00,outbound,14.643382352941176,5.0,272.0
2026-04-04 21:45:00,outbound,20.968,5.0,250.0
2026-04-04 22:00:00,outbound,14.706586826347305,5.0,334.0
2026-04-04 22:15:00,outbound,20.79591836734694,5.0,294.0
2026-04-04 22:30:00,outbound,24.682403433476395,7.0,233.0
2026-04-04 22:45:00,outbound,22.622340425531913,30.0,188.0
2026-04-04 23:00:00,outbound,25.93421052631579,30.0,152.0
2026-04-04 23:15:00,outbound,31.738095238095237,30.0,84.0
2026-04-04 23:30:00,outbound,16.338983050847457,30.0,59.0
2026-04-04 23:45:00,outbound,9.875,-1.0,72.0
2026-04-05 00:00:00,outbound,,,
2026-04-05 00:15:00,outbound,,,
2026-04-05 00:30:00,outbound,,,
2026-04-05 00:45:00,outbound,,,
2026-04-05 01:00:00,outbound,,,
2026-04-05 01:15:00,outbound,,,
2026-04-05 01:30:00,outbound,,,
2026-04-05 01:45:00,outbound,,,
2026-04-05 02:00:00,outbound,,,
2026-04-05 02:15:00,outbound,,,
2026-04-05 02:30:00,outbound,,,
2026-04-05 02:45:00,outbound,,,
2026-04-05 03:00:00,outbound,,,
2026-04-05 03:15:00,outbound,1.3333333333333333,1.0,27.0
2026-04-05 03:30:00,outbound,3.380952380952381,1.0,84.0
2026-04-05 03:45:00,outbound,5.448844884488449,2.0,303.0
2026-04-05 04:00:00,outbound,5.731343283582089,5.0,335.0
2026-04-05 04:15:00,outbound,7.398843930635838,6.0,865.0
2026-04-05 04:30:00,outbound,10.070697674418605,8.0,1075.0
2026-04-05 04:45:00,outbound,7.359116022099448,3.0,181.0
2026-04-05 05:00:00,outbound,10.553299492385786,6.0,985.0
2026-04-05 05:15:00,outbound,7.680628272251309,6.0,955.0
2026-04-05 05:30:00,outbound,7.844863731656185,6.0,954.0
2026-04-05 05:45:00,outbound,12.143939393939394,9.0,792.0
2026-04-05 06:00:00,outbound,9.738642164369576,9.0,1959.0
2026-04-05 06:15:00,outbound,13.50625,12.0,2400.0
2026-04-05 06:30:00,outbound,14.256490952006294,12.0,1271.0
2026-04-05 06:45:00,outbound,15.345540460720615,12.0,1693.0
2026-04-05 07:00:00,outbound,12.07591093117409,10.0,1976.0
2026-04-05 07:15:00,outbound,15.866209262435678,15.0,1166.0
2026-04-05 07:30:00,outbound,12.973079448456993,11.0,1523.0
2026-04-05 07:45:00,outbound,13.458027282266526,10.0,1906.0
2026-04-05 08:00:00,outbound,12.368222891566266,9.0,1328.0
2026-04-05 08:15:00,outbound,14.562433297758805,12.0,937.0
2026-04-05 08:30:00,outbound,17.882003395585738,13.0,1178.0
2026-04-05 08:45:00,outbound,15.818649517684888,12.0,1555.0
2026-04-05 09:00:00,outbound,17.704851752021565,13.0,742.0
2026-04-05 09:15:00,outbound,18.030794165316046,15.0,1234.0
2026-04-05 09:30:00,outbound,15.913202042304887,12.0,1371.0
2026-04-05 09:45:00,outbound,14.727022058823529,12.0,1088.0
2026-04-05 10:00:00,outbound,13.392628205128204,11.0,1248.0
2026-04-05 10:15:00,outbound,14.544554455445544,11.0,1010.0
2026-04-05 10:30:00,outbound,15.327332242225859,11.0,1833.0
2026-04-05 10:45:00,outbound,12.240143369175627,9.0,1953.0
2026-04-05 11:00:00,outbound,19.07977207977208,12.0,1053.0
2026-04-05 11:15:00,outbound,16.827630729502904,11.0,1549.0
2026-04-05 11:30:00,outbound,15.307908282639215,11.0,2137.0
2026-04-05 11:45:00,outbound,15.344136711844431,11.0,1697.0
2026-04-05 12:00:00,outbound,13.347566182749787,7.0,1171.0
2026-04-05 12:15:00,outbound,19.896428571428572,14.0,1120.0
2026-04-05 12:30:00,outbound,14.541379310344828,7.0,1160.0
2026-04-05 12:45:00,outbound,12.17911791179118,5.0,1111.0
2026-04-05 13:00:00,outbound,19.98604187437687,13.0,1003.0
2026-04-05 13:15:00,outbound,19.07883082373782,13.0,1129.0
2026-04-05 13:30:00,outbound,21.768486523842434,15.0,1447.0
2026-04-05 13:45:00,outbound,19.90110701107011,14.0,1355.0
2026-04-05 14:00:00,outbound,18.508517350157728,11.0,1585.0
2026-04-05 14:15:00,outbound,19.915465898174833,14.0,1041.0
2026-04-05 14:30:00,outbound,19.08439133681852,10.0,1339.0
2026-04-05 14:45:00,outbound,19.803433984606276,11.0,1689.0
2026-04-05 15:00:00,outbound,19.613718411552348,11.0,1108.0
2026-04-05 15:15:00,outbound,23.543371522094926,19.0,611.0
2026-04-05 15:30:00,outbound,18.05187319884726,12.0,694.0
2026-04-05 15:45:00,outbound,19.52679307502061,11.0,1213.0
2026-04-05 16:00:00,outbound,23.85127478753541,16.0,706.0
2026-04-05 16:15:00,outbound,29.08614668218859,32.0,859.0
2026-04-05 16:30:00,outbound,29.44705882352941,25.0,765.0
2026-04-05 16:45:00,outbound,22.114224137931036,14.0,928.0
2026-04-05 17:00:00,outbound,20.194159431728494,13.0,1267.0
2026-04-05 17:15:00,outbound,21.275274056029232,15.0,821.0
2026-04-05 17:30:00,outbound,15.856,12.0,750.0
2026-04-05 17:45:00,outbound,13.948412698412698,11.0,504.0
2026-04-05 18:00:00,outbound,14.743813682678311,12.0,687.0
2026-04-05 18:15:00,outbound,16.758561643835616,14.0,584.0
2026-04-05 18:30:00,outbound,17.621296296296297,14.0,1080.0
2026-04-05 18:45:00,outbound,20.62757871878393,20.0,921.0
2026-04-05 19:00:00,outbound,20.175456389452332,20.0,986.0
2026-04-05 19:15:00,outbound,20.161923454367027,23.0,1019.0
2026-04-05 19:30:00,outbound,19.97139303482587,17.0,804.0
2026-04-05 19:45:00,outbound,19.63053613053613,20.0,858.0
2026-04-05 20:00:00,outbound,20.49926793557833,23.0,683.0
2026-04-05 20:15:00,outbound,15.92032686414709,15.0,979.0
2026-04-05 20:30:00,outbound,15.057315233785822,15.0,663.0
2026-04-05 20:45:00,outbound,12.482142857142858,9.0,896.0
2026-04-05 21:00:00,outbound,14.320785597381342,20.0,611.0
2026-04-05 21:15:00,outbound,15.25062656641604,9.0,798.0
2026-04-05 21:30:00,outbound,12.298651252408478,6.0,1038.0
2026-04-05 21:45:00,outbound,16.862745098039216,6.0,765.0
2026-04-05 22:00:00,outbound,16.968668407310705,6.0,383.0
2026-04-05 22:15:00,outbound,9.553191489361701,4.0,705.0
2026-04-05 22:30:00,outbound,13.052763819095478,6.0,398.0
2026-04-05 22:45:00,outbound,6.253229974160207,4.0,387.0
2026-04-05 23:00:00,outbound,5.826612903225806,4.0,248.0
2026-04-05 23:15:00,outbound,4.080701754385965,4.0,285.0
2026-04-05 23:30:00,outbound,3.0,4.0,72.0
2026-04-05 23:45:00,outbound,3.0,4.0,87.0
2026-04-06 00:00:00,outbound,,,
2026-04-06 00:15:00,outbound,,,
2026-04-06 00:30:00,outbound,,,
2026-04-06 00:45:00,outbound,,,
2026-04-06 01:00:00,outbound,,,
2026-04-06 01:15:00,outbound,,,
2026-04-06 01:30:00,outbound,,,
2026-04-06 01:45:00,outbound,,,
2026-04-06 02:00:00,outbound,,,
2026-04-06 02:15:00,outbound,,,
2026-04-06 02:30:00,outbound,,,
2026-04-06 02:45:00,outbound,,,
2026-04-06 03:00:00,outbound,,,
2026-04-06 03:15:00,outbound,,,
2026-04-06 03:30:00,outbound,,,
2026-04-06 03:45:00,outbound,4.731182795698925,2.0,93.0
2026-04-06 04:00:00,outbound,5.618421052631579,6.0,152.0
2026-04-06 04:15:00,outbound,6.533898305084746,5.0,354.0
2026-04-06 04:30:00,outbound,6.57488986784141,5.0,454.0
2026-04-06 04:45:00,outbound,6.888198757763975,3.0,322.0
2026-04-06 05:00:00,outbound,7.961038961038961,2.0,231.0
2026-04-06 05:15:00,outbound,7.753405994550409,6.0,734.0
2026-04-06 05:30:00,outbound,7.211023622047244,6.0,635.0
2026-04-06 05:45:00,outbound,8.646288209606986,10.0,458.0
2026-04-06 06:00:00,outbound,9.373509933774834,10.0,755.0
2026-04-06 06:15:00,outbound,10.180265654648956,10.0,1054.0
2026-04-06 06:30:00,outbound,10.692105263157895,12.0,760.0
2026-04-06 06:45:00,outbound,14.899070385126162,12.0,753.0
2026-04-06 07:00:00,outbound,11.029739776951672,12.0,538.0
2026-04-06 07:15:00,outbound,15.378019323671497,13.0,828.0
2026-04-06 07:30:00,outbound,14.622004357298476,12.0,918.0
2026-04-06 07:45:00,outbound,14.319719953325555,12.0,857.0
2026-04-06 08:00:00,outbound,15.455235204855843,12.0,659.0
2026-04-06 08:15:00,outbound,16.56713780918728,12.0,566.0
2026-04-06 08:30:00,outbound,12.545271629778671,11.0,994.0
2026-04-06 08:45:00,outbound,11.346867749419953,9.0,862.0
2026-04-06 09:00:00,outbound,14.811387900355871,12.0,562.0
2026-04-06 09:15:00,outbound,17.34687953555878,15.0,689.0
2026-04-06 09:30:00,outbound,10.818702290076336,6.0,524.0
2026-04-06 09:45:00,outbound,11.411917098445596,10.0,772.0
2026-04-06 10:00:00,outbound,16.25673758865248,12.0,705.0
2026-04-06 10:15:00,outbound,16.44705882352941,12.0,510.0
2026-04-06 10:30:00,outbound,12.033182503770739,9.0,663.0
2026-04-06 10:45:00,outbound,16.64817518248175,11.0,685.0
2026-04-06 11:00:00,outbound,19.531502423263326,14.0,619.0
2026-04-06 11:15:00,outbound,15.896666666666667,12.0,600.0
2026-04-06 11:30:00,outbound,14.96523517382413,6.0,489.0
2026-04-06 11:45:00,outbound,12.612968591691995,6.0,987.0
2026-04-06 12:00:00,outbound,19.264423076923077,16.5,416.0
2026-04-06 12:15:00,outbound,18.48140043763676,13.0,457.0
2026-04-06 12:30:00,outbound,17.609261939218523,13.0,691.0
2026-04-06 12:45:00,outbound,14.677290836653386,10.0,502.0
2026-04-06 13:00:00,outbound,10.076404494382022,4.0,890.0
2026-04-06 13:15:00,outbound,9.941304347826087,4.0,460.0
2026-04-06 13:30:00,outbound,10.71875,4.0,704.0
2026-04-06 13:45:00,outbound,13.864077669902912,4.0,618.0
2026-04-06 14:00:00,outbound,16.31651376146789,10.0,436.0
2026-04-06 14:15:00,outbound,16.928074245939676,10.0,431.0
2026-04-06 14:30:00,outbound,14.171686746987952,7.0,332.0
2026-04-06 14:45:00,outbound,14.37377049180328,8.0,610.0
2026-04-06 15:00:00,outbound,10.198630136986301,7.0,438.0
2026-04-06 15:15:00,outbound,17.411971830985916,16.0,284.0
2026-04-06 15:30:00,outbound,14.218181818181819,10.0,660.0
2026-04-06 15:45:00,outbound,16.369791666666668,11.0,576.0
2026-04-06 16:00:00,outbound,21.19188191881919,25.0,813.0
2026-04-06 16:15:00,outbound,19.35211267605634,16.0,852.0
2026-04-06 16:30:00,outbound,16.937007874015748,14.0,1143.0
2026-04-06 16:45:00,outbound,15.430160692212608,12.0,809.0
2026-04-06 17:00:00,outbound,17.668202764976957,14.0,651.0
2026-04-06 17:15:00,outbound,24.44028520499109,25.0,561.0
2026-04-06 17:30:00,outbound,17.946590909090908,16.0,880.0
2026-04-06 17:45:00,outbound,18.149532710280372,16.0,856.0
2026-04-06 18:00:00,outbound,16.736497545008184,14.0,611.0
2026-04-06 18:15:00,outbound,24.383084577114428,28.0,402.0
2026-04-06 18:30:00,outbound,16.210109018830526,14.0,1009.0
2026-04-06 18:45:00,outbound,14.543672014260249,14.0,561.0
2026-04-06 19:00:00,outbound,16.319261213720317,15.0,758.0
2026-04-06 19:15:00,outbound,18.119949494949495,15.0,792.0
2026-04-06 19:30:00,outbound,14.763157894736842,14.0,608.0
2026-04-06 19:45:00,outbound,16.814935064935064,15.0,616.0
2026-04-06 20:00:00,outbound,15.157894736842104,9.0,646.0
2026-04-06 20:15:00,outbound,17.540697674418606,15.0,688.0
2026-04-06 20:30:00,outbound,17.791666666666668,23.0,408.0
2026-04-06 20:45:00,outbound,13.329690346083789,9.0,549.0
2026-04-06 21:00:00,outbound,16.82702702702703,15.0,370.0
2026-04-06 21:15:00,outbound,18.119565217391305,15.0,276.0
2026-04-06 21:30:00,outbound,14.798206278026905,10.0,223.0
2026-04-06 21:45:00,outbound,15.503367003367003,5.0,594.0
2026-04-06 22:00:00,outbound,13.87984496124031,4.0,516.0
2026-04-06 22:15:00,outbound,17.019867549668874,23.0,302.0
2026-04-06 22:30:00,outbound,11.127329192546584,4.0,322.0
2026-04-06 22:45:00,outbound,9.021929824561404,2.5,228.0
2026-04-06 23:00:00,outbound,6.9714285714285715,1.0,140.0
2026-04-06 23:15:00,outbound,1.513089005235602,1.0,191.0
2026-04-06 23:30:00,outbound,0.8461538461538461,1.0,91.0
2026-04-06 23:45:00,outbound,1.6018518518518519,1.0,108.0
2026-04-07 00:00:00,outbound,,,
2026-04-07 00:15:00,outbound,,,
2026-04-07 00:30:00,outbound,,,
2026-04-07 00:45:00,outbound,,,
2026-04-07 01:00:00,outbound,,,
2026-04-07 01:15:00,outbound,,,
2026-04-07 01:30:00,outbound,,,
2026-04-07 01:45:00,outbound,,,
2026-04-07 02:00:00,outbound,,,
2026-04-07 02:15:00,outbound,,,
2026-04-07 02:30:00,outbound,,,
2026-04-07 02:45:00,outbound,,,
2026-04-07 03:00:00,outbound,,,
2026-04-07 03:15:00,outbound,0.8888888888888888,1.0,9.0
2026-04-07 03:30:00,outbound,8.88888888888889,10.0,9.0
2026-04-07 03:45:00,outbound,3.0689655172413794,1.0,29.0
2026-04-07 04:00:00,outbound,6.230769230769231,6.0,65.0
2026-04-07 04:15:00,outbound,7.25,6.0,128.0
2026-04-07 04:30:00,outbound,6.2372093023255815,6.0,215.0
2026-04-07 04:45:00,outbound,6.989655172413793,6.0,580.0
2026-04-07 05:00:00,outbound,8.494880546075086,6.0,293.0
2026-04-07 05:15:00,outbound,12.0,10.0,505.0
2026-04-07 05:30:00,outbound,13.036786060019361,10.0,1033.0
2026-04-07 05:45:00,outbound,12.754039497307001,10.0,557.0
2026-04-07 06:00:00,outbound,11.109223300970873,10.0,824.0
2026-04-07 06:15:00,outbound,10.702368692070031,9.0,971.0
2026-04-07 06:30:00,outbound,11.859241126070991,10.0,817.0
2026-04-07 06:45:00,outbound,12.035714285714286,10.0,840.0
2026-04-07 07:00:00,outbound,16.87760778859527,12.0,719.0
2026-04-07 07:15:00,outbound,19.618598382749326,17.0,742.0
2026-04-07 07:30:00,outbound,20.981715893108298,19.0,711.0
2026-04-07 07:45:00,outbound,17.84315789473684,10.0,950.0
2026-04-07 08:00:00,outbound,18.70884658454647,10.0,893.0
2026-04-07 08:15:00,outbound,20.73205128205128,19.0,780.0
2026-04-07 08:30:00,outbound,24.907630522088354,22.0,747.0
2026-04-07 08:45:00,outbound,21.34090909090909,19.0,528.0
2026-04-07 09:00:00,outbound,23.123778501628664,19.0,921.0
2026-04-07 09:15:00,outbound,26.080321285140563,19.0,498.0
2026-04-07 09:30:00,outbound,21.481553398058253,17.0,515.0
2026-04-07 09:45:00,outbound,31.57650273224044,22.0,366.0
2026-04-07 10:00:00,outbound,18.171366594360087,7.0,461.0
2026-04-07 10:15:00,outbound,17.92753623188406,7.0,483.0
2026-04-07 10:30:00,outbound,23.83809523809524,21.0,525.0
2026-04-07 10:45:00,outbound,19.355006501950584,19.0,769.0
2026-04-07 11:00:00,outbound,18.507549361207897,19.0,861.0
2026-04-07 11:15:00,outbound,14.09375,10.0,768.0
2026-04-07 11:30:00,outbound,14.098646034816248,10.0,517.0
2026-04-07 11:45:00,outbound,12.624175824175824,7.0,455.0
2026-04-07 12:00:00,outbound,11.749473684210527,8.0,475.0
2026-04-07 12:15:00,outbound,13.413533834586467,14.0,266.0
2026-04-07 12:30:00,outbound,12.09076682316119,10.0,639.0
2026-04-07 12:45:00,outbound,13.445945945945946,14.0,444.0
2026-04-07 13:00:00,outbound,11.631868131868131,10.0,546.0
2026-04-07 13:15:00,outbound,10.67079207920792,10.0,404.0
2026-04-07 13:30:00,outbound,10.526315789473685,10.0,304.0
2026-04-07 13:45:00,outbound,9.088372093023256,9.0,645.0
2026-04-07 14:00:00,outbound,9.09351145038168,8.0,524.0
2026-04-07 14:15:00,outbound,7.970027247956403,8.0,734.0
2026-04-07 14:30:00,outbound,8.729857819905213,8.0,422.0
2026-04-07 14:45:00,outbound,11.193277310924369,9.0,595.0
2026-04-07 15:00:00,outbound,11.383647798742139,9.0,477.0
2026-04-07 15:15:00,outbound,15.792507204610951,10.0,694.0
2026-04-07 15:30:00,outbound,15.320872274143301,10.0,642.0
2026-04-07 15:45:00,outbound,13.145251396648044,10.0,358.0
2026-04-07 16:00:00,outbound,15.817,10.0,1000.0
2026-04-07 16:15:00,outbound,13.09865470852018,10.0,669.0
2026-04-07 16:30:00,outbound,16.257894736842104,11.0,760.0
2026-04-07 16:45:00,outbound,17.121153846153845,12.0,1040.0
2026-04-07 17:00:00,outbound,20.3843537414966,16.0,294.0
2026-04-07 17:15:00,outbound,21.189886480908154,16.0,969.0
2026-04-07 17:30:00,outbound,21.442724458204335,23.0,323.0
2026-04-07 17:45:00,outbound,21.95829094608342,20.0,983.0
2026-04-07 18:00:00,outbound,22.045553145336225,20.0,922.0
2026-04-07 18:15:00,outbound,19.950733752620547,16.0,954.0
2026-04-07 18:30:00,outbound,22.69221411192214,21.5,822.0
2026-04-07 18:45:00,outbound,24.084168336673347,23.0,499.0
2026-04-07 19:00:00,outbound,19.50464807436919,16.0,753.0
2026-04-07 19:15:00,outbound,20.00995024875622,16.0,804.0
2026-04-07 19:30:00,outbound,18.730398899587346,14.0,727.0
2026-04-07 19:45:00,outbound,19.811023622047244,14.0,381.0
2026-04-07 20:00:00,outbound,19.153958944281523,14.0,682.0
2026-04-07 20:15:00,outbound,23.502222222222223,20.0,675.0
2026-04-07 20:30:00,outbound,19.894988066825775,16.0,838.0
2026-04-07 20:45:00,outbound,19.16861826697892,14.0,427.0
2026-04-07 21:00:00,outbound,20.3742774566474,14.0,692.0
2026-04-07 21:15:00,outbound,17.880246913580248,10.0,810.0
2026-04-07 21:30:00,outbound,17.39754816112084,10.0,571.0
2026-04-07 21:45:00,outbound,18.037280701754387,16.0,456.0
2026-04-07 22:00:00,outbound,21.31954887218045,16.0,266.0
2026-04-07 22:15:00,outbound,21.60260586319218,32.0,614.0
2026-04-07 22:30:00,outbound,26.78680203045685,32.0,197.0
2026-04-07 22:45:00,outbound,18.49230769230769,14.0,260.0
2026-04-07 23:00:00,outbound,14.425287356321839,9.0,174.0
2026-04-07 23:15:00,outbound,21.111627906976743,14.0,215.0
2026-04-07 23:30:00,outbound,16.913978494623656,9.0,186.0
2026-04-07 23:45:00,outbound,15.98,9.0,100.0
2026-04-08 00:00:00,outbound,,,
2026-04-08 00:15:00,outbound,,,
2026-04-08 00:30:00,outbound,,,
2026-04-08 00:45:00,outbound,,,
2026-04-08 01:00:00,outbound,,,
2026-04-08 01:15:00,outbound,,,
2026-04-08 01:30:00,outbound,,,
2026-04-08 01:45:00,outbound,,,
2026-04-08 02:00:00,outbound,,,
2026-04-08 02:15:00,outbound,,,
2026-04-08 02:30:00,outbound,,,
2026-04-08 02:45:00,outbound,,,
2026-04-08 03:00:00,outbound,,,
2026-04-08 03:15:00,outbound,9.0,9.0,28.0
2026-04-08 03:30:00,outbound,8.863636363636363,11.0,132.0
2026-04-08 03:45:00,outbound,7.82,7.0,50.0
2026-04-08 04:00:00,outbound,8.599056603773585,7.0,424.0
2026-04-08 04:15:00,outbound,10.136513157894736,9.0,608.0
2026-04-08 04:30:00,outbound,8.630252100840336,8.0,476.0
2026-04-08 04:45:00,outbound,10.365384615384615,9.0,832.0
2026-04-08 05:00:00,outbound,12.60341726618705,9.0,1112.0
2026-04-08 05:15:00,outbound,12.217839805825243,10.0,1648.0
2026-04-08 05:30:00,outbound,14.188473520249222,11.0,1926.0
2026-04-08 05:45:00,outbound,14.435275080906148,11.0,1236.0
2026-04-08 06:00:00,outbound,14.767632850241545,12.0,2070.0
2026-04-08 06:15:00,outbound,12.600129198966409,10.0,1548.0
2026-04-08 06:30:00,outbound,13.45,11.0,1720.0
2026-04-08 06:45:00,outbound,15.04504048582996,12.0,1976.0
2026-04-08 07:00:00,outbound,18.093141405588483,15.0,2362.0
2026-04-08 07:15:00,outbound,16.364022662889518,12.0,2824.0
2026-04-08 07:30:00,outbound,16.287750791974656,13.0,1894.0
2026-04-08 07:45:00,outbound,17.4377990430622,15.0,2090.0
2026-04-08 08:00:00,outbound,17.167517875383044,15.0,1958.0
2026-04-08 08:15:00,outbound,15.80667701863354,12.0,1288.0
2026-04-08 08:30:00,outbound,15.800347222222221,15.0,1152.0
2026-04-08 08:45:00,outbound,15.583333333333334,15.0,1776.0
2026-04-08 09:00:00,outbound,13.259071117561684,11.0,1378.0
2026-04-08 09:15:00,outbound,13.723350253807107,13.0,1182.0
2026-04-08 09:30:00,outbound,14.233100233100233,15.0,858.0
2026-04-08 09:45:00,outbound,15.09824046920821,14.0,1364.0
2026-04-08 10:00:00,outbound,12.589086859688196,11.0,1796.0
2026-04-08 10:15:00,outbound,13.095238095238095,11.0,1680.0
2026-04-08 10:30:00,outbound,12.127076411960132,9.0,1204.0
2026-04-08 10:45:00,outbound,9.751043115438108,8.0,1438.0
2026-04-08 11:00:00,outbound,10.589437819420784,8.0,1174.0
2026-04-08 11:15:00,outbound,9.718832891246684,8.0,754.0
2026-04-08 11:30:00,outbound,11.138239339752408,9.0,1454.0
2026-04-08 11:45:00,outbound,11.429978118161925,9.0,914.0
2026-04-08 12:00:00,outbound,11.427519818799547,10.0,1766.0
2026-04-08 12:15:00,outbound,11.816455696202532,10.0,948.0
2026-04-08 12:30:00,outbound,10.565891472868216,9.0,1548.0
2026-04-08 12:45:00,outbound,9.980206540447504,9.0,1162.0
2026-04-08 13:00:00,outbound,10.686868686868687,10.0,1188.0
2026-04-08 13:15:00,outbound,10.227748691099476,10.0,1146.0
2026-04-08 13:30:00,outbound,10.663176265270506,10.0,1146.0
2026-04-08 13:45:00,outbound,10.311827956989248,10.0,1302.0
2026-04-08 14:00:00,outbound,10.295719844357977,10.0,1542.0
2026-04-08 14:15:00,outbound,11.741913746630727,12.0,1484.0
2026-04-08 14:30:00,outbound,11.224761904761905,11.0,1050.0
2026-04-08 14:45:00,outbound,11.452725250278087,12.0,1798.0
2026-04-08 15:00:00,outbound,11.630578512396694,12.0,1210.0
2026-04-08 15:15:00,outbound,11.865891472868217,10.0,1290.0
2026-04-08 15:30:00,outbound,12.787581699346406,12.0,918.0
2026-04-08 15:45:00,outbound,13.579462102689487,12.0,818.0
2026-04-08 16:00:00,outbound,13.50919540229885,12.0,870.0
2026-04-08 16:15:00,outbound,11.953453453453454,12.0,666.0
2026-04-08 16:30:00,outbound,15.648036253776436,13.0,662.0
2026-04-08 16:45:00,outbound,17.103448275862068,14.0,812.0
2026-04-08 17:00:00,outbound,18.661662817551964,14.0,866.0
2026-04-08 17:15:00,outbound,22.34436090225564,18.0,1330.0
2026-04-08 17:30:00,outbound,22.865714285714287,18.0,700.0
2026-04-08 17:45:00,outbound,24.473933649289098,23.0,844.0
2026-04-08 18:00:00,outbound,24.43979721166033,23.0,1578.0
2026-04-08 18:15:00,outbound,23.97222222222222,23.0,1440.0
2026-04-08 18:30:00,outbound,27.9827868852459,26.0,1220.0
2026-04-08 18:45:00,outbound,21.675417661097853,21.0,838.0
2026-04-08 19:00:00,outbound,23.181318681318682,21.0,1092.0
2026-04-08 19:15:00,outbound,20.334246575342465,18.0,1460.0
2026-04-08 19:30:00,outbound,24.516786570743406,24.0,1668.0
2026-04-08 19:45:00,outbound,23.292025862068964,24.0,928.0
2026-04-08 20:00:00,outbound,21.907967032967033,21.0,1456.0
2026-04-08 20:15:00,outbound,23.9989816700611,24.0,982.0
2026-04-08 20:30:00,outbound,22.070673712021136,21.0,1514.0
2026-04-08 20:45:00,outbound,17.249355116079105,14.0,1163.0
2026-04-08 21:00:00,outbound,17.381560283687943,15.0,1410.0
2026-04-08 21:15:00,outbound,18.530732860520093,18.0,846.0
2026-04-08 21:30:00,outbound,17.788617886178862,17.0,738.0
2026-04-08 21:45:00,outbound,16.484709480122323,14.0,654.0
2026-04-08 22:00:00,outbound,20.632183908045977,20.0,522.0
2026-04-08 22:15:00,outbound,20.592307692307692,20.0,390.0
2026-04-08 22:30:00,outbound,12.531669865642995,10.0,521.0
2026-04-08 22:45:00,outbound,12.039024390243902,10.0,410.0
2026-04-08 23:00:00,outbound,11.324644549763033,10.0,422.0
2026-04-08 23:15:00,outbound,8.252559726962458,10.0,293.0
2026-04-08 23:30:00,outbound,8.311111111111112,10.0,225.0
2026-04-08 23:45:00,outbound,7.974683544303797,4.0,158.0
2026-04-09 00:00:00,outbound,,,
2026-04-09 00:15:00,outbound,,,
2026-04-09 00:30:00,outbound,,,
2026-04-09 00:45:00,outbound,,,
2026-04-09 01:00:00,outbound,,,
2026-04-09 01:15:00,outbound,,,
2026-04-09 01:30:00,outbound,,,
2026-04-09 01:45:00,outbound,,,
2026-04-09 02:00:00,outbound,,,
2026-04-09 02:15:00,outbound,,,
2026-04-09 02:30:00,outbound,,,
2026-04-09 02:45:00,outbound,,,
2026-04-09 03:00:00,outbound,,,
2026-04-09 03:15:00,outbound,1.0,1.0,11.0
2026-04-09 03:30:00,outbound,7.857142857142857,1.0,21.0
2026-04-09 03:45:00,outbound,11.67142857142857,17.0,70.0
2026-04-09 04:00:00,outbound,11.59016393442623,11.0,183.0
2026-04-09 04:15:00,outbound,12.333333333333334,14.0,141.0
2026-04-09 04:30:00,outbound,9.446700507614214,10.0,197.0
2026-04-09 04:45:00,outbound,11.172741679873218,10.0,631.0
2026-04-09 05:00:00,outbound,13.161490683229813,10.0,322.0
2026-04-09 05:15:00,outbound,15.159663865546218,17.0,357.0
2026-04-09 05:30:00,outbound,15.302469135802468,12.0,648.0
2026-04-09 05:45:00,outbound,14.671875,12.0,640.0
2026-04-09 06:00:00,outbound,14.600688468158348,15.0,581.0
2026-04-09 06:15:00,outbound,15.900943396226415,15.0,1060.0
2026-04-09 06:30:00,outbound,16.613581244947454,14.0,1237.0
2026-04-09 06:45:00,outbound,15.495085995085995,14.0,814.0
2026-04-09 07:00:00,outbound,16.196491228070176,14.0,855.0
2026-04-09 07:15:00,outbound,17.335384615384616,14.0,650.0
2026-04-09 07:30:00,outbound,18.747980613893375,14.0,619.0
2026-04-09 07:45:00,outbound,18.32212389380531,15.0,565.0
2026-04-09 08:00:00,outbound,16.977859778597786,12.0,813.0
2026-04-09 08:15:00,outbound,15.743940990516332,11.0,949.0
2026-04-09 08:30:00,outbound,14.797783933518005,10.0,722.0
2026-04-09 08:45:00,outbound,14.28799019607843,10.0,816.0
2026-04-09 09:00:00,outbound,16.506285714285713,17.0,875.0
2026-04-09 09:15:00,outbound,14.875647668393782,10.0,386.0
2026-04-09 09:30:00,outbound,16.689710610932476,17.0,622.0
2026-04-09 09:45:00,outbound,19.174603174603174,17.0,189.0
2026-04-09 10:00:00,outbound,18.192307692307693,17.0,624.0
2026-04-09 10:15:00,outbound,18.613235294117647,17.0,680.0
2026-04-09 10:30:00,outbound,18.845626072041167,17.0,583.0
2026-04-09 10:45:00,outbound,17.346633416458854,16.0,401.0
2026-04-09 11:00:00,outbound,16.478119935170177,16.0,617.0
2026-04-09 11:15:00,outbound,11.908136482939632,8.0,381.0
2026-04-09 11:30:00,outbound,14.526813880126182,14.0,317.0
2026-04-09 11:45:00,outbound,14.237061769616027,14.0,599.0
2026-04-09 12:00:00,outbound,15.114914425427873,14.0,409.0
2026-04-09 12:15:00,outbound,15.529850746268657,14.0,402.0
2026-04-09 12:30:00,outbound,12.625698324022347,9.0,537.0
2026-04-09 12:45:00,outbound,13.829896907216495,14.0,582.0
2026-04-09 13:00:00,outbound,13.188925081433224,14.0,307.0
2026-04-09 13:15:00,outbound,11.493857493857494,9.0,407.0
2026-04-09 13:30:00,outbound,13.15801354401806,14.0,443.0
2026-04-09 13:45:00,outbound,13.970017636684304,14.0,567.0
2026-04-09 14:00:00,outbound,15.639112903225806,14.0,496.0
2026-04-09 14:15:00,outbound,16.53846153846154,14.0,689.0
2026-04-09 14:30:00,outbound,16.072265625,18.0,512.0
2026-04-09 14:45:00,outbound,17.9673735725938,21.0,613.0
2026-04-09 15:00:00,outbound,16.934560327198366,18.0,489.0
2026-04-09 15:15:00,outbound,16.64814814814815,21.0,378.0
2026-04-09 15:30:00,outbound,20.713603818615752,21.0,419.0
2026-04-09 15:45:00,outbound,18.881165919282513,16.0,446.0
2026-04-09 16:00:00,outbound,19.920810313075506,16.0,543.0
2026-04-09 16:15:00,outbound,16.476303317535546,14.0,422.0
2026-04-09 16:30:00,outbound,17.234104046242773,14.0,692.0
2026-04-09 16:45:00,outbound,13.767295597484276,13.0,636.0
2026-04-09 17:00:00,outbound,17.62917933130699,16.0,329.0
2026-04-09 17:15:00,outbound,19.9,19.0,430.0
2026-04-09 17:30:00,outbound,18.48211508553655,16.0,643.0
2026-04-09 17:45:00,outbound,19.784615384615385,16.0,585.0
2026-04-09 18:00:00,outbound,21.48187134502924,19.0,855.0
2026-04-09 18:15:00,outbound,21.388636363636362,21.0,440.0
2026-04-09 18:30:00,outbound,19.840455840455842,18.0,702.0
2026-04-09 18:45:00,outbound,19.573466476462198,16.0,701.0
2026-04-09 19:00:00,outbound,15.73396674584323,14.0,421.0
2026-04-09 19:15:00,outbound,20.70843989769821,18.0,782.0
2026-04-09 19:30:00,outbound,21.453703703703702,19.0,648.0
2026-04-09 19:45:00,outbound,24.18421052631579,24.0,608.0
2026-04-09 20:00:00,outbound,20.627819548872182,19.0,532.0
2026-04-09 20:15:00,outbound,19.673076923076923,18.0,572.0
2026-04-09 20:30:00,outbound,17.787037037037038,18.0,648.0
2026-04-09 20:45:00,outbound,17.02200825309491,13.0,727.0
2026-04-09 21:00:00,outbound,16.649842271293377,18.0,634.0
2026-04-09 21:15:00,outbound,13.581447963800905,10.0,442.0
2026-04-09 21:30:00,outbound,15.517241379310345,18.0,232.0
2026-04-09 21:45:00,outbound,18.075075075075077,18.0,333.0
2026-04-09 22:00:00,outbound,14.61320754716981,18.0,318.0
2026-04-09 22:15:00,outbound,15.887573964497042,18.0,169.0
2026-04-09 22:30:00,outbound,14.375,10.0,224.0
2026-04-09 22:45:00,outbound,12.033816425120772,10.0,207.0
2026-04-09 23:00:00,outbound,12.020134228187919,10.0,149.0
2026-04-09 23:15:00,outbound,14.029126213592233,10.0,103.0
2026-04-09 23:30:00,outbound,10.803571428571429,10.0,56.0
2026-04-09 23:45:00,outbound,8.758620689655173,10.0,40.0
