bucket,avg_delay_minutes,median_delay_minutes,records
2026-03-15 14:00:00,17.62857142857143,15.0,140.0
2026-03-15 14:15:00,12.72899926953981,11.0,1369.0
2026-03-15 14:30:00,12.436077057793344,11.0,1142.0
2026-03-15 14:45:00,11.37236084452975,8.0,1042.0
2026-03-15 15:00:00,13.271259418729818,11.0,929.0
2026-03-15 15:15:00,11.238135593220338,8.0,1180.0
2026-03-15 15:30:00,13.356392294220665,12.0,1142.0
2026-03-15 15:45:00,12.117886178861788,10.0,738.0
2026-03-15 16:00:00,12.952817824377457,10.0,763.0
2026-03-15 16:15:00,13.068901303538174,11.0,1074.0
2026-03-15 16:30:00,11.62563580874873,8.0,983.0
2026-03-15 16:45:00,10.105074626865672,7.0,1675.0
2026-03-15 17:00:00,11.136060100166945,11.0,1198.0
2026-03-15 17:15:00,10.127557160048134,8.0,831.0
2026-03-15 17:30:00,11.494031221303949,10.0,1089.0
2026-03-15 17:45:00,13.070093457943925,11.0,856.0
2026-03-15 18:00:00,13.433910665451231,14.0,1097.0
2026-03-15 18:15:00,17.37713841368585,13.0,1286.0
2026-03-15 18:30:00,14.04564315352697,11.0,964.0
2026-03-15 18:45:00,20.447834645669293,11.0,1016.0
2026-03-15 19:00:00,28.29732868757259,10.0,861.0
2026-03-15 19:15:00,30.138014527845037,10.0,826.0
2026-03-15 19:30:00,11.794791666666667,9.0,960.0
2026-03-15 19:45:00,13.858136300417247,13.0,719.0
2026-03-15 20:00:00,15.033505154639176,14.0,776.0
2026-03-15 20:15:00,13.217592592592593,9.0,1080.0
2026-03-15 20:30:00,11.862573099415204,9.0,1026.0
2026-03-15 20:45:00,14.330843116328708,9.0,937.0
2026-03-15 21:00:00,15.01063829787234,13.0,940.0
2026-03-15 21:15:00,13.469982847341338,11.0,1166.0
2026-03-15 21:30:00,16.925696594427244,13.0,646.0
2026-03-15 21:45:00,16.470868014268728,13.0,841.0
2026-03-15 22:00:00,15.152,13.0,750.0
2026-03-15 22:15:00,13.712890625,7.0,512.0
2026-03-15 22:30:00,11.0370942812983,6.0,647.0
2026-03-15 22:45:00,9.340292275574113,5.0,479.0
2026-03-15 23:00:00,5.739910313901345,5.0,223.0
2026-03-15 23:15:00,6.075675675675676,5.0,185.0
2026-03-15 23:30:00,4.846590909090909,5.0,176.0
2026-03-15 23:45:00,8.627329192546584,5.0,161.0
2026-03-16 00:00:00,,,
2026-03-16 00:15:00,,,
2026-03-16 00:30:00,,,
2026-03-16 00:45:00,,,
2026-03-16 01:00:00,,,
2026-03-16 01:15:00,,,
2026-03-16 01:30:00,,,
2026-03-16 01:45:00,,,
2026-03-16 02:00:00,,,
2026-03-16 02:15:00,,,
2026-03-16 02:30:00,,,
2026-03-16 02:45:00,61.0,61.0,4.0
2026-03-16 03:00:00,52.345454545454544,61.0,55.0
2026-03-16 03:15:00,56.5,61.0,36.0
2026-03-16 03:30:00,48.13953488372093,61.0,43.0
2026-03-16 03:45:00,37.75961538461539,30.0,104.0
2026-03-16 04:00:00,31.777173913043477,21.0,184.0
2026-03-16 04:15:00,31.983009708737864,30.0,412.0
2026-03-16 04:30:00,34.49699879951981,33.0,833.0
2026-03-16 04:45:00,35.30918918918919,33.0,925.0
2026-03-16 05:00:00,34.991924629878866,33.0,743.0
2026-03-16 05:15:00,40.534120734908136,42.0,762.0
2026-03-16 05:30:00,30.794813979706877,28.0,887.0
2026-03-16 05:45:00,25.94427434170239,21.0,1633.0
2026-03-16 06:00:00,30.233211233211232,30.0,819.0
2026-03-16 06:15:00,33.224553224553226,33.0,1287.0
2026-03-16 06:30:00,28.718653079308815,30.0,2257.0
2026-03-16 06:45:00,32.83440233236151,30.0,1715.0
2026-03-16 07:00:00,37.331162790697675,38.0,2150.0
2026-03-16 07:15:00,32.6444342226311,30.0,2174.0
2026-03-16 07:30:00,26.88950276243094,21.0,1267.0
2026-03-16 07:45:00,33.869472562599896,26.0,1877.0
2026-03-16 08:00:00,34.64498432601881,30.0,1276.0
2026-03-16 08:15:00,25.188244638602065,19.0,1259.0
2026-03-16 08:30:00,25.254970760233917,26.0,855.0
2026-03-16 08:45:00,33.48776508972268,26.0,1839.0
2026-03-16 09:00:00,36.11640498105035,26.0,1847.0
2026-03-16 09:15:00,44.14902998236332,43.0,1134.0
2026-03-16 09:30:00,37.99704142011834,26.0,1352.0
2026-03-16 09:45:00,39.7751677852349,30.0,596.0
2026-03-16 10:00:00,32.30438756855576,22.0,1094.0
2026-03-16 10:15:00,26.831786542923435,19.0,862.0
2026-03-16 10:30:00,36.04210526315789,27.0,950.0
2026-03-16 10:45:00,30.590557939914163,22.0,1165.0
2026-03-16 11:00:00,26.66784765279008,16.0,1129.0
2026-03-16 11:15:00,27.26762002042901,19.0,979.0
2026-03-16 11:30:00,34.96678966789668,33.0,1084.0
2026-03-16 11:45:00,35.243781094527364,33.0,804.0
2026-03-16 12:00:00,33.07180156657964,21.0,766.0
2026-03-16 12:15:00,29.073170731707318,18.0,656.0
2026-03-16 12:30:00,37.91978021978022,49.0,910.0
2026-03-16 12:45:00,29.20597014925373,19.0,1340.0
2026-03-16 13:00:00,30.216380182002023,24.0,989.0
2026-03-16 13:15:00,34.970238095238095,43.0,672.0
2026-03-16 13:30:00,31.72673733804476,21.0,849.0
2026-03-16 13:45:00,36.66976127320955,36.0,754.0
2026-03-16 14:00:00,33.21879194630873,21.0,745.0
2026-03-16 14:15:00,33.625373134328356,33.0,670.0
2026-03-16 14:30:00,34.28590604026846,22.0,745.0
2026-03-16 14:45:00,40.19512195121951,36.0,1271.0
2026-03-16 15:00:00,40.03145695364238,36.0,604.0
2026-03-16 15:15:00,42.431592039801,36.0,804.0
2026-03-16 15:30:00,33.967806841046276,28.0,497.0
2026-03-16 15:45:00,41.98096026490066,36.0,1208.0
2026-03-16 16:00:00,47.63932584269663,49.0,890.0
2026-03-16 16:15:00,47.22085445329471,52.0,1381.0
2026-03-16 16:30:00,44.03644859813084,36.0,1070.0
2026-03-16 16:45:00,39.34618410700236,32.0,1271.0
2026-03-16 17:00:00,41.22211155378486,33.0,1004.0
2026-03-16 17:15:00,42.77063106796116,31.0,1648.0
2026-03-16 17:30:00,43.215121512151214,31.0,1111.0
2026-03-16 17:45:00,46.65300146412884,31.0,683.0
2026-03-16 18:00:00,44.4746632456703,31.0,1559.0
2026-03-16 18:15:00,42.78838872528397,32.0,2377.0
2026-03-16 18:30:00,52.712250712250714,52.0,2106.0
2026-03-16 18:45:00,44.704719387755105,33.0,1568.0
2026-03-16 19:00:00,44.75789942145082,36.0,2247.0
2026-03-16 19:15:00,41.06689342403628,37.0,2646.0
2026-03-16 19:30:00,46.935297211993685,45.0,1901.0
2026-03-16 19:45:00,39.07370242214533,34.0,2890.0
2026-03-16 20:00:00,41.63087774294671,35.0,3828.0
2026-03-16 20:15:00,40.2982924226254,35.0,1874.0
2026-03-16 20:30:00,46.78294260307195,44.0,2474.0
2026-03-16 20:45:00,46.92224880382775,41.0,2508.0
2026-03-16 21:00:00,48.45308162132149,42.0,1801.0
2026-03-16 21:15:00,44.055735580038885,41.0,1543.0
2026-03-16 21:30:00,40.77927927927928,37.0,1998.0
2026-03-16 21:45:00,41.65541059094397,40.0,1303.0
2026-03-16 22:00:00,37.40894819466248,36.5,1274.0
2026-03-16 22:15:00,35.50414078674948,27.0,966.0
2026-03-16 22:30:00,36.918879056047196,36.0,678.0
2026-03-16 22:45:00,44.41528925619835,40.0,968.0
2026-03-16 23:00:00,41.272965879265094,36.0,762.0
2026-03-16 23:15:00,50.27800829875519,59.0,482.0
2026-03-16 23:30:00,43.773743016759774,42.0,358.0
2026-03-16 23:45:00,32.961077844311376,34.0,334.0
2026-03-17 00:00:00,,,
2026-03-17 00:15:00,,,
2026-03-17 00:30:00,,,
2026-03-17 00:45:00,,,
2026-03-17 01:00:00,,,
2026-03-17 01:15:00,,,
2026-03-17 01:30:00,,,
2026-03-17 01:45:00,,,
2026-03-17 02:00:00,,,
2026-03-17 02:15:00,,,
2026-03-17 02:30:00,,,
2026-03-17 02:45:00,,,
2026-03-17 03:00:00,,,
2026-03-17 03:15:00,,,
2026-03-17 03:30:00,,,
2026-03-17 03:45:00,,,
2026-03-17 04:00:00,,,
2026-03-17 04:15:00,,,
2026-03-17 04:30:00,,,
2026-03-17 04:45:00,,,
2026-03-17 05:00:00,,,
2026-03-17 05:15:00,,,
2026-03-17 05:30:00,,,
2026-03-17 05:45:00,,,
2026-03-17 06:00:00,,,
2026-03-17 06:15:00,,,
2026-03-17 06:30:00,,,
2026-03-17 06:45:00,,,
2026-03-17 07:00:00,,,
2026-03-17 07:15:00,,,
2026-03-17 07:30:00,,,
2026-03-17 07:45:00,,,
2026-03-17 08:00:00,,,
2026-03-17 08:15:00,,,
2026-03-17 08:30:00,,,
2026-03-17 08:45:00,,,
2026-03-17 09:00:00,,,
2026-03-17 09:15:00,,,
2026-03-17 09:30:00,,,
2026-03-17 09:45:00,,,
2026-03-17 10:00:00,,,
2026-03-17 10:15:00,,,
2026-03-17 10:30:00,,,
2026-03-17 10:45:00,,,
2026-03-17 11:00:00,,,
2026-03-17 11:15:00,,,
2026-03-17 11:30:00,,,
2026-03-17 11:45:00,,,
2026-03-17 12:00:00,,,
2026-03-17 12:15:00,,,
2026-03-17 12:30:00,,,
2026-03-17 12:45:00,,,
2026-03-17 13:00:00,,,
2026-03-17 13:15:00,,,
2026-03-17 13:30:00,,,
2026-03-17 13:45:00,,,
2026-03-17 14:00:00,,,
2026-03-17 14:15:00,,,
2026-03-17 14:30:00,,,
2026-03-17 14:45:00,,,
2026-03-17 15:00:00,,,
2026-03-17 15:15:00,,,
2026-03-17 15:30:00,,,
2026-03-17 15:45:00,,,
2026-03-17 16:00:00,,,
2026-03-17 16:15:00,,,
2026-03-17 16:30:00,,,
2026-03-17 16:45:00,,,
2026-03-17 17:00:00,,,
2026-03-17 17:15:00,,,
2026-03-17 17:30:00,,,
2026-03-17 17:45:00,,,
2026-03-17 18:00:00,,,
2026-03-17 18:15:00,,,
2026-03-17 18:30:00,,,
2026-03-17 18:45:00,,,
2026-03-17 19:00:00,,,
2026-03-17 19:15:00,50.23721590909091,47.0,704.0
2026-03-17 19:30:00,50.02497985495568,47.0,1241.0
2026-03-17 19:45:00,40.17815482502651,31.0,943.0
2026-03-17 20:00:00,46.20629114850036,39.0,1367.0
2026-03-17 20:15:00,39.70840197693575,31.0,607.0
2026-03-17 20:30:00,45.1075888568684,39.0,1041.0
2026-03-17 20:45:00,53.290497737556564,52.0,1105.0
2026-03-17 21:00:00,53.98570500324886,52.0,1539.0
2026-03-17 21:15:00,54.62207357859532,55.0,1196.0
2026-03-17 21:30:00,62.63283582089552,57.0,670.0
2026-03-17 21:45:00,54.902195608782435,47.0,1002.0
2026-03-17 22:00:00,52.8199481865285,52.0,772.0
2026-03-17 22:15:00,55.346516007532955,55.0,531.0
2026-03-17 22:30:00,56.12236286919831,57.0,474.0
2026-03-17 22:45:00,57.806691449814124,59.0,538.0
2026-03-17 23:00:00,53.91959064327485,54.0,684.0
2026-03-17 23:15:00,55.37580993520518,54.0,463.0
2026-03-17 23:30:00,56.93125,54.0,480.0
2026-03-17 23:45:00,47.73134328358209,44.0,335.0
2026-03-18 00:00:00,,,
2026-03-18 00:15:00,,,
2026-03-18 00:30:00,,,
2026-03-18 00:45:00,,,
2026-03-18 01:00:00,,,
2026-03-18 01:15:00,,,
2026-03-18 01:30:00,,,
2026-03-18 01:45:00,,,
2026-03-18 02:00:00,,,
2026-03-18 02:15:00,,,
2026-03-18 02:30:00,,,
2026-03-18 02:45:00,,,
2026-03-18 03:00:00,,,
2026-03-18 03:15:00,,,
2026-03-18 03:30:00,21.0,21.0,10.0
2026-03-18 03:45:00,,,
2026-03-18 04:00:00,31.0,31.0,9.0
2026-03-18 04:15:00,11.215827338129497,11.0,139.0
2026-03-18 04:30:00,19.885167464114833,16.0,209.0
2026-03-18 04:45:00,33.12611012433393,21.0,563.0
2026-03-18 05:00:00,,,
2026-03-18 05:15:00,19.87390761548065,21.0,801.0
2026-03-18 05:30:00,22.4609375,21.0,1664.0
2026-03-18 05:45:00,24.101880877742946,14.0,1276.0
2026-03-18 06:00:00,33.89958158995816,21.0,1673.0
2026-03-18 06:15:00,35.35057471264368,15.0,522.0
2026-03-18 06:30:00,,,
2026-03-18 06:45:00,22.151062607696726,16.0,1741.0
2026-03-18 07:00:00,24.768553459119495,20.0,1590.0
2026-03-18 07:15:00,24.794871794871796,20.0,1482.0
2026-03-18 07:30:00,25.260888129803586,25.0,2342.0
2026-03-18 07:45:00,23.25875706214689,20.0,885.0
2026-03-18 08:00:00,22.666019417475727,19.0,1030.0
2026-03-18 08:15:00,25.854479855682502,23.0,1663.0
2026-03-18 08:30:00,22.49060773480663,19.0,1810.0
2026-03-18 08:45:00,25.554799183117765,21.0,1469.0
2026-03-18 09:00:00,19.995107632093934,16.0,1022.0
2026-03-18 09:15:00,23.02920227920228,19.0,1404.0
2026-03-18 09:30:00,25.05964368706429,17.0,1291.0
2026-03-18 09:45:00,20.330893118594435,16.0,1366.0
2026-03-18 10:00:00,22.236552567237165,19.0,1636.0
2026-03-18 10:15:00,22.515828677839853,21.0,1074.0
2026-03-18 10:30:00,20.17450495049505,19.0,808.0
2026-03-18 10:45:00,22.080317740511916,19.0,1133.0
2026-03-18 11:00:00,20.41820987654321,17.0,1296.0
2026-03-18 11:15:00,19.3987167736022,15.0,1091.0
2026-03-18 11:30:00,21.72366790582404,15.0,807.0
2026-03-18 11:45:00,25.804896710022952,21.0,1307.0
2026-03-18 12:00:00,30.65709598031173,28.0,1219.0
2026-03-18 12:15:00,30.027173913043477,24.0,1104.0
2026-03-18 12:30:00,22.43880326382593,17.0,1103.0
2026-03-18 12:45:00,24.82017543859649,22.0,1140.0
2026-03-18 13:00:00,28.48882265275708,23.0,671.0
2026-03-18 13:15:00,24.314917127071823,20.0,1448.0
2026-03-18 13:30:00,25.14112554112554,20.0,1155.0
2026-03-18 13:45:00,26.232970027247955,22.0,734.0
2026-03-18 14:00:00,25.020221787345076,25.0,1533.0
2026-03-18 14:15:00,25.573529411764707,23.5,1020.0
2026-03-18 14:30:00,26.879411764705882,25.0,1020.0
2026-03-18 14:45:00,29.895551257253384,31.0,1034.0
2026-03-18 15:00:00,32.07505211952745,34.0,1439.0
2026-03-18 15:15:00,28.818353831598866,32.0,1057.0
2026-03-18 15:30:00,35.58629130966952,44.0,817.0
2026-03-18 15:45:00,37.66558441558441,44.0,1232.0
2026-03-18 16:00:00,35.3774647887324,34.0,1065.0
2026-03-18 16:15:00,38.40384615384615,39.0,1092.0
2026-03-18 16:30:00,30.673758865248228,34.0,846.0
2026-03-18 16:45:00,29.124357656731757,33.0,973.0
2026-03-18 17:00:00,30.270572745227124,39.0,1519.0
2026-03-18 17:15:00,30.30821401657875,36.0,1327.0
2026-03-18 17:30:00,35.337037037037035,42.0,540.0
2026-03-18 17:45:00,31.7665544332211,38.0,891.0
2026-03-18 18:00:00,28.900343642611684,34.0,582.0
2026-03-18 18:15:00,34.11122661122661,36.0,962.0
2026-03-18 18:30:00,39.0,44.0,693.0
2026-03-18 18:45:00,42.44120603015075,44.0,995.0
2026-03-18 19:00:00,41.67824967824968,44.0,1554.0
2026-03-18 19:15:00,45.291363163371486,44.0,961.0
2026-03-18 19:30:00,43.24192336589031,44.0,1331.0
2026-03-18 19:45:00,42.94604003481288,44.0,1149.0
2026-03-18 20:00:00,40.381443298969074,41.0,970.0
2026-03-18 20:15:00,37.22191011235955,40.0,712.0
2026-03-18 20:30:00,42.79819277108434,41.0,996.0
2026-03-18 20:45:00,38.17024128686327,40.0,746.0
2026-03-18 21:00:00,45.027850304612706,40.0,1149.0
2026-03-18 21:15:00,40.73770491803279,40.0,549.0
2026-03-18 21:30:00,40.878896882494004,40.0,834.0
2026-03-18 21:45:00,42.80172413793103,40.0,464.0
2026-03-18 22:00:00,48.42982456140351,48.0,798.0
2026-03-18 22:15:00,43.55102040816327,40.0,637.0
2026-03-18 22:30:00,48.667391304347824,48.0,460.0
2026-03-18 22:45:00,41.412121212121214,35.0,330.0
2026-03-18 23:00:00,41.69506726457399,40.0,446.0
2026-03-18 23:15:00,38.419263456090654,35.0,353.0
2026-03-18 23:30:00,39.44979919678715,35.0,249.0
2026-03-18 23:45:00,38.67027027027027,35.0,185.0
2026-03-19 00:00:00,,,
2026-03-19 00:15:00,,,
2026-03-19 00:30:00,,,
2026-03-19 00:45:00,,,
2026-03-19 01:00:00,,,
2026-03-19 01:15:00,,,
2026-03-19 01:30:00,,,
2026-03-19 01:45:00,,,
2026-03-19 02:00:00,,,
2026-03-19 02:15:00,,,
2026-03-19 02:30:00,,,
2026-03-19 02:45:00,,,
2026-03-19 03:00:00,10.16,14.0,25.0
2026-03-19 03:15:00,11.88888888888889,14.0,36.0
2026-03-19 03:30:00,10.910931174089068,8.0,247.0
2026-03-19 03:45:00,13.085714285714285,8.0,105.0
2026-03-19 04:00:00,9.25,8.0,44.0
2026-03-19 04:15:00,8.683453237410072,6.0,417.0
2026-03-19 04:30:00,12.606531881804043,8.0,643.0
2026-03-19 04:45:00,15.181605611847234,14.0,1283.0
2026-03-19 05:00:00,12.049657534246576,13.0,584.0
2026-03-19 05:15:00,17.878658101356173,14.0,1401.0
2026-03-19 05:30:00,15.84468339307049,12.0,837.0
2026-03-19 05:45:00,17.152112676056337,13.0,2130.0
2026-03-19 06:00:00,15.210412147505423,12.0,1844.0
2026-03-19 06:15:00,16.082553659878922,12.0,1817.0
2026-03-19 06:30:00,18.661744022503516,14.0,1422.0
2026-03-19 06:45:00,21.35899450117832,15.0,1273.0
2026-03-19 07:00:00,23.091192517537024,22.0,1283.0
2026-03-19 07:15:00,25.537593984962406,22.0,1064.0
2026-03-19 07:30:00,27.899444787168413,23.0,1621.0
2026-03-19 07:45:00,25.242288278182837,22.0,1783.0
2026-03-19 08:00:00,28.44638403990025,23.0,1203.0
2026-03-19 08:15:00,29.561736770691994,23.0,1474.0
2026-03-19 08:30:00,24.65953177257525,21.0,1495.0
2026-03-19 08:45:00,27.92259083728278,21.0,1266.0
2026-03-19 09:00:00,27.3025152957172,21.0,1471.0
2026-03-19 09:15:00,25.940735183795947,21.0,1333.0
2026-03-19 09:30:00,29.495928941524795,26.0,1351.0
2026-03-19 09:45:00,25.992134831460675,14.0,890.0
2026-03-19 10:00:00,26.079347826086956,18.0,920.0
2026-03-19 10:15:00,27.996863237139273,22.0,1594.0
2026-03-19 10:30:00,23.476937269372694,21.0,1084.0
2026-03-19 10:45:00,22.20754716981132,18.0,795.0
2026-03-19 11:00:00,18.409298085688242,13.0,1097.0
2026-03-19 11:15:00,22.30406852248394,18.0,934.0
2026-03-19 11:30:00,22.97426470588235,17.0,816.0
2026-03-19 11:45:00,23.498461538461537,19.0,975.0
2026-03-19 12:00:00,20.677734375,18.0,1024.0
2026-03-19 12:15:00,18.71888230313294,15.0,1181.0
2026-03-19 12:30:00,19.775821596244132,18.0,852.0
2026-03-19 12:45:00,20.53828306264501,18.0,862.0
2026-03-19 13:00:00,17.71750433275563,15.0,577.0
2026-03-19 13:15:00,14.341121495327103,13.0,642.0
2026-03-19 13:30:00,18.935064935064936,14.0,770.0
2026-03-19 13:45:00,20.09280303030303,14.0,528.0
2026-03-19 14:00:00,20.89864864864865,16.0,888.0
2026-03-19 14:15:00,18.270020533880903,14.0,974.0
2026-03-19 14:30:00,19.23768115942029,15.0,690.0
2026-03-19 14:45:00,13.717371737173718,11.0,1111.0
2026-03-19 15:00:00,16.268886043533932,12.0,781.0
2026-03-19 15:15:00,19.617845117845118,14.0,594.0
2026-03-19 15:30:00,18.394645941278064,12.0,1158.0
2026-03-19 15:45:00,15.713646532438478,12.0,447.0
2026-03-19 16:00:00,20.201801801801803,17.0,1110.0
2026-03-19 16:15:00,21.14066102997694,20.0,1301.0
2026-03-19 16:30:00,26.07248520710059,29.0,1352.0
2026-03-19 16:45:00,23.392741935483873,23.0,1240.0
2026-03-19 17:00:00,17.036322360953463,17.0,881.0
2026-03-19 17:15:00,18.918367346938776,18.0,637.0
2026-03-19 17:30:00,22.70736842105263,22.0,950.0
2026-03-19 17:45:00,21.001516300227443,20.0,1319.0
2026-03-19 18:00:00,22.860265417642466,23.0,1281.0
2026-03-19 18:15:00,22.823252160251375,23.0,1273.0
2026-03-19 18:30:00,24.3875,20.0,800.0
2026-03-19 18:45:00,22.625935162094763,20.0,1203.0
2026-03-19 19:00:00,23.093959731543624,23.0,745.0
2026-03-19 19:15:00,18.768025078369906,13.0,1276.0
2026-03-19 19:30:00,19.0678391959799,17.0,796.0
2026-03-19 19:45:00,22.167090754877016,23.0,1179.0
2026-03-19 20:00:00,22.343723673125528,23.0,1187.0
2026-03-19 20:15:00,23.79032258064516,25.0,1426.0
2026-03-19 20:30:00,24.834558823529413,23.0,816.0
2026-03-19 20:45:00,19.553398058252426,16.0,1442.0
2026-03-19 21:00:00,18.904400606980275,16.0,1318.0
2026-03-19 21:15:00,18.829128440366972,17.0,872.0
2026-03-19 21:30:00,22.5995085995086,23.0,814.0
2026-03-19 21:45:00,25.11814345991561,25.0,948.0
2026-03-19 22:00:00,23.12204724409449,25.0,508.0
2026-03-19 22:15:00,25.953846153846154,27.0,650.0
2026-03-19 22:30:00,22.089622641509433,25.0,424.0
2026-03-19 22:45:00,18.310344827586206,23.0,406.0
2026-03-19 23:00:00,17.571428571428573,23.0,245.0
2026-03-19 23:15:00,15.876543209876543,23.0,162.0
2026-03-19 23:30:00,14.692307692307692,17.0,169.0
2026-03-19 23:45:00,11.026548672566372,17.0,113.0
2026-03-20 00:00:00,,,
2026-03-20 00:15:00,,,
2026-03-20 00:30:00,,,
2026-03-20 00:45:00,,,
2026-03-20 01:00:00,,,
2026-03-20 01:15:00,,,
2026-03-20 01:30:00,,,
2026-03-20 01:45:00,,,
2026-03-20 02:00:00,,,
2026-03-20 02:15:00,,,
2026-03-20 02:30:00,,,
2026-03-20 02:45:00,,,
2026-03-20 03:00:00,14.0,14.0,18.0
2026-03-20 03:15:00,8.666666666666666,10.0,12.0
2026-03-20 03:30:00,14.0,14.0,3.0
2026-03-20 03:45:00,15.413793103448276,10.0,58.0
2026-03-20 04:00:00,9.30316742081448,6.0,221.0
2026-03-20 04:15:00,8.8298755186722,10.0,482.0
2026-03-20 04:30:00,6.992740471869329,11.0,551.0
2026-03-20 04:45:00,13.89198606271777,14.0,287.0
2026-03-20 05:00:00,14.012435233160621,11.0,965.0
2026-03-20 05:15:00,9.227272727272727,10.0,704.0
2026-03-20 05:30:00,14.199814126394052,10.0,1076.0
2026-03-20 05:45:00,11.855870445344129,10.0,1235.0
2026-03-20 06:00:00,15.401466992665037,13.0,2045.0
2026-03-20 06:15:00,12.771053745239103,10.0,2363.0
2026-03-20 06:30:00,16.302083333333332,13.0,1536.0
2026-03-20 06:45:00,18.212699822380106,16.0,2252.0
2026-03-20 07:00:00,20.26162162162162,18.0,925.0
2026-03-20 07:15:00,18.109323432343235,16.0,2424.0
2026-03-20 07:30:00,19.026198083067094,17.0,1565.0
2026-03-20 07:45:00,17.989385474860335,17.0,1790.0
2026-03-20 08:00:00,18.578818936066373,17.0,2049.0
2026-03-20 08:15:00,21.485234510712218,18.0,1727.0
2026-03-20 08:30:00,24.656008820286658,23.0,907.0
2026-03-20 08:45:00,,,
2026-03-20 09:00:00,27.94234404536862,26.0,1058.0
2026-03-20 09:15:00,23.727826086956522,21.0,1150.0
2026-03-20 09:30:00,21.482851985559567,15.0,1108.0
2026-03-20 09:45:00,25.15268065268065,22.0,858.0
2026-03-20 10:00:00,24.11801242236025,26.0,161.0
2026-03-20 10:15:00,21.35082872928177,19.0,1086.0
2026-03-20 10:30:00,23.838642659279778,22.0,1444.0
2026-03-20 10:45:00,23.234375,19.0,1280.0
2026-03-20 11:00:00,20.06872586872587,17.0,1295.0
2026-03-20 11:15:00,27.246688741721854,28.0,604.0
2026-03-20 11:30:00,,,
2026-03-20 11:45:00,23.666666666666668,26.0,594.0
2026-03-20 12:00:00,20.73035439137134,14.0,649.0
2026-03-20 12:15:00,23.015444015444015,20.0,1036.0
2026-03-20 12:30:00,19.661242603550296,12.0,676.0
2026-03-20 12:45:00,22.072164948453608,17.0,776.0
2026-03-20 13:00:00,,,
2026-03-20 13:15:00,21.02112676056338,17.0,142.0
2026-03-20 13:30:00,19.373193166885677,17.0,761.0
2026-03-20 13:45:00,21.753743760399335,17.0,601.0
2026-03-20 14:00:00,20.555347091932457,15.0,1066.0
2026-03-20 14:15:00,21.33177570093458,14.0,1070.0
2026-03-20 14:30:00,20.21122112211221,14.0,303.0
2026-03-20 14:45:00,,,
2026-03-20 15:00:00,21.64071856287425,16.0,167.0
2026-03-20 15:15:00,20.562292358803987,16.0,1204.0
2026-03-20 15:30:00,21.131162790697676,19.0,1075.0
2026-03-20 15:45:00,18.71546052631579,15.0,1216.0
2026-03-20 16:00:00,19.40189125295508,16.0,1269.0
2026-03-20 16:15:00,,,
2026-03-20 16:30:00,16.42057761732852,13.0,554.0
2026-03-20 16:45:00,17.21470588235294,11.0,1020.0
2026-03-20 17:00:00,15.45668449197861,11.0,935.0
2026-03-20 17:15:00,17.87625754527163,11.0,994.0
2026-03-20 17:30:00,18.76210235131397,13.0,1446.0
2026-03-20 17:45:00,,,
2026-03-20 18:00:00,18.532631578947367,19.0,475.0
2026-03-20 18:15:00,20.443142660234322,19.0,1451.0
2026-03-20 18:30:00,21.07815275310835,17.5,1126.0
2026-03-20 18:45:00,18.675895765472312,15.0,1228.0
2026-03-20 19:00:00,18.180404354587868,12.0,643.0
2026-03-20 19:15:00,25.59985152190052,22.0,1347.0
2026-03-20 19:30:00,20.287920072661215,16.0,1101.0
2026-03-20 19:45:00,18.659807956104252,16.0,729.0
2026-03-20 20:00:00,22.752513534416085,19.0,1293.0
2026-03-20 20:15:00,18.805598755832037,16.0,643.0
2026-03-20 20:30:00,20.674981658107118,16.0,1363.0
2026-03-20 20:45:00,18.899869960988298,16.0,769.0
2026-03-20 21:00:00,18.881028938906752,19.0,933.0
2026-03-20 21:15:00,21.124357656731757,20.0,973.0
2026-03-20 21:30:00,19.279245283018867,12.0,795.0
2026-03-20 21:45:00,18.03584229390681,10.0,837.0
2026-03-20 22:00:00,16.888316151202748,10.0,582.0
2026-03-20 22:15:00,20.05688622754491,10.0,668.0
2026-03-20 22:30:00,20.129411764705882,10.0,680.0
2026-03-20 22:45:00,18.418478260869566,10.0,368.0
2026-03-20 23:00:00,18.960975609756098,10.0,410.0
2026-03-20 23:15:00,17.58167330677291,10.0,251.0
2026-03-20 23:30:00,15.622448979591837,10.0,196.0
2026-03-20 23:45:00,10.82312925170068,5.0,147.0
2026-03-21 00:00:00,,,
2026-03-21 00:15:00,,,
2026-03-21 00:30:00,,,
2026-03-21 00:45:00,,,
2026-03-21 01:00:00,,,
2026-03-21 01:15:00,,,
2026-03-21 01:30:00,,,
2026-03-21 01:45:00,,,
2026-03-21 02:00:00,,,
2026-03-21 02:15:00,,,
2026-03-21 02:30:00,,,
2026-03-21 02:45:00,,,
2026-03-21 03:00:00,,,
2026-03-21 03:15:00,1.9411764705882353,1.0,34.0
2026-03-21 03:30:00,1.5675675675675675,1.0,74.0
2026-03-21 03:45:00,3.1333333333333333,2.0,45.0
2026-03-21 04:00:00,6.183431952662722,3.0,338.0
2026-03-21 04:15:00,3.7966101694915255,1.0,295.0
2026-03-21 04:30:00,11.151750972762645,7.0,257.0
2026-03-21 04:45:00,8.698292220113853,5.0,527.0
2026-03-21 05:00:00,7.14820592823713,2.0,641.0
2026-03-21 05:15:00,5.852664576802508,1.0,319.0
2026-03-21 05:30:00,6.859437751004016,4.0,498.0
2026-03-21 05:45:00,9.092915214866434,5.0,861.0
2026-03-21 06:00:00,11.428950863213812,7.0,753.0
2026-03-21 06:15:00,11.254885301614273,7.0,1177.0
2026-03-21 06:30:00,13.286236297198538,11.0,821.0
2026-03-21 06:45:00,18.491105955143077,17.0,1293.0
2026-03-21 07:00:00,19.517241379310345,18.0,667.0
2026-03-21 07:15:00,19.48,17.0,1100.0
2026-03-21 07:30:00,19.88692232055064,20.0,1017.0
2026-03-21 07:45:00,19.196862745098038,17.0,1275.0
2026-03-21 08:00:00,19.186676994577848,17.0,1291.0
2026-03-21 08:15:00,18.407361963190183,17.0,815.0
2026-03-21 08:30:00,21.172205438066467,20.0,1986.0
2026-03-21 08:45:00,25.68255578093306,25.0,986.0
2026-03-21 09:00:00,26.4123595505618,25.0,890.0
2026-03-21 09:15:00,25.670103092783506,25.0,1067.0
2026-03-21 09:30:00,26.444831591173056,29.0,1722.0
2026-03-21 09:45:00,20.633566433566433,20.0,715.0
2026-03-21 10:00:00,21.329268292682926,14.0,902.0
2026-03-21 10:15:00,26.720458553791886,26.0,1134.0
2026-03-21 10:30:00,23.842718446601943,20.0,1545.0
2026-03-21 10:45:00,26.9635599159075,26.0,1427.0
2026-03-21 11:00:00,26.208293153326906,25.0,1037.0
2026-03-21 11:15:00,24.120525931336743,23.0,1369.0
2026-03-21 11:30:00,27.664623467600702,28.0,1142.0
2026-03-21 11:45:00,24.46028880866426,25.0,1108.0
2026-03-21 12:00:00,29.86393289841566,31.0,1073.0
2026-03-21 12:15:00,31.37458193979933,31.0,897.0
2026-03-21 12:30:00,21.409013605442176,15.0,1176.0
2026-03-21 12:45:00,25.887402452619845,23.0,897.0
2026-03-21 13:00:00,28.36189683860233,23.0,1202.0
2026-03-21 13:15:00,25.933385579937305,23.0,1276.0
2026-03-21 13:30:00,26.78158844765343,23.0,1108.0
2026-03-21 13:45:00,31.662477558348293,33.0,1114.0
2026-03-21 14:00:00,28.4406364749082,29.0,817.0
2026-03-21 14:15:00,32.57835820895522,33.0,1340.0
2026-03-21 14:30:00,28.64695752009185,28.0,1742.0
2026-03-21 14:45:00,31.70914454277286,32.0,1695.0
2026-03-21 15:00:00,28.809971098265898,30.0,1384.0
2026-03-21 15:15:00,30.330210772833723,30.0,1281.0
2026-03-21 15:30:00,32.25036818851252,34.0,1358.0
2026-03-21 15:45:00,27.479498861047837,30.0,878.0
2026-03-21 16:00:00,27.29762949956102,26.0,1139.0
2026-03-21 16:15:00,25.1,23.0,1200.0
2026-03-21 16:30:00,27.497191011235955,24.0,1424.0
2026-03-21 16:45:00,25.45294725956567,23.0,967.0
2026-03-21 17:00:00,21.818661971830984,14.0,1136.0
2026-03-21 17:15:00,22.666666666666668,23.0,861.0
2026-03-21 17:30:00,24.666666666666668,23.0,1158.0
2026-03-21 17:45:00,18.589041095890412,13.0,876.0
2026-03-21 18:00:00,24.50242954324587,24.0,1029.0
2026-03-21 18:15:00,29.032797858099062,26.0,1494.0
2026-03-21 18:30:00,24.240973312401884,23.0,1274.0
2026-03-21 18:45:00,23.555736371033362,23.0,1229.0
2026-03-21 19:00:00,29.211374407582937,26.0,1055.0
2026-03-21 19:15:00,30.578895463510847,32.0,1014.0
2026-03-21 19:30:00,21.717665615141957,19.0,634.0
2026-03-21 19:45:00,26.117752007136485,22.0,1121.0
2026-03-21 20:00:00,22.34573502722323,19.0,1102.0
2026-03-21 20:15:00,31.032547699214366,32.0,891.0
2026-03-21 20:30:00,26.897927858787412,22.0,1303.0
2026-03-21 20:45:00,20.369313113291703,10.0,1121.0
2026-03-21 21:00:00,20.952626158599383,10.0,971.0
2026-03-21 21:15:00,24.95145631067961,20.0,618.0
2026-03-21 21:30:00,20.244470314318974,8.0,859.0
2026-03-21 21:45:00,20.49,10.0,700.0
2026-03-21 22:00:00,16.230205278592376,8.0,682.0
2026-03-21 22:15:00,15.120762711864407,7.0,472.0
2026-03-21 22:30:00,14.571428571428571,10.0,504.0
2026-03-21 22:45:00,14.47816091954023,7.0,435.0
2026-03-21 23:00:00,11.715254237288136,3.0,295.0
2026-03-21 23:15:00,10.962145110410095,2.0,317.0
2026-03-21 23:30:00,10.679012345679013,2.0,162.0
2026-03-21 23:45:00,5.0534351145038165,1.0,131.0
2026-03-22 00:00:00,,,
2026-03-22 00:15:00,,,
2026-03-22 00:30:00,,,
2026-03-22 00:45:00,,,
2026-03-22 01:00:00,,,
2026-03-22 01:15:00,,,
2026-03-22 01:30:00,,,
2026-03-22 01:45:00,,,
2026-03-22 02:00:00,,,
2026-03-22 02:15:00,,,
2026-03-22 02:30:00,3.0,3.0,1.0
2026-03-22 02:45:00,,,
2026-03-22 03:00:00,3.0,3.0,9.0
2026-03-22 03:15:00,6.0,6.0,2.0
2026-03-22 03:30:00,2.977272727272727,3.0,44.0
2026-03-22 03:45:00,4.309278350515464,4.0,97.0
2026-03-22 04:00:00,8.961414790996784,3.0,311.0
2026-03-22 04:15:00,8.81043956043956,3.0,364.0
2026-03-22 04:30:00,5.876923076923077,2.0,260.0
2026-03-22 04:45:00,9.933333333333334,3.0,390.0
2026-03-22 05:00:00,4.941340782122905,3.0,358.0
2026-03-22 05:15:00,5.819672131147541,3.0,610.0
2026-03-22 05:30:00,12.193118756936737,7.0,901.0
2026-03-22 05:45:00,8.03556187766714,3.0,703.0
2026-03-22 06:00:00,9.521847690387016,6.0,801.0
2026-03-22 06:15:00,13.455284552845528,9.0,1107.0
2026-03-22 06:30:00,15.514251781472684,14.0,842.0
2026-03-22 06:45:00,14.435348837209302,11.0,1075.0
2026-03-22 07:00:00,13.881493506493506,11.0,1232.0
2026-03-22 07:15:00,16.772128060263654,18.0,1062.0
2026-03-22 07:30:00,16.74954954954955,18.0,1110.0
2026-03-22 07:45:00,15.513074842200181,15.0,1109.0
2026-03-22 08:00:00,17.590265486725663,20.0,1130.0
2026-03-22 08:15:00,13.416365824308063,9.0,831.0
2026-03-22 08:30:00,19.04185520361991,18.0,884.0
2026-03-22 08:45:00,10.410548086866598,8.0,967.0
2026-03-22 09:00:00,13.659279778393351,9.0,722.0
2026-03-22 09:15:00,17.904072398190046,18.0,1105.0
2026-03-22 09:30:00,18.145395799676898,20.0,1238.0
2026-03-22 09:45:00,15.6145584725537,14.0,838.0
2026-03-22 10:00:00,20.418131359851987,20.0,1081.0
2026-03-22 10:15:00,22.364779874213838,26.0,954.0
2026-03-22 10:30:00,19.918189038919778,19.0,1259.0
2026-03-22 10:45:00,15.874635568513119,10.0,686.0
2026-03-22 11:00:00,21.501632208922743,27.0,919.0
2026-03-22 11:15:00,22.79815209665956,26.0,1407.0
2026-03-22 11:30:00,21.603535353535353,26.0,792.0
2026-03-22 11:45:00,25.006789524733268,26.0,1031.0
2026-03-22 12:00:00,27.013513513513512,27.0,740.0
2026-03-22 12:15:00,26.274974253347064,20.0,971.0
2026-03-22 12:30:00,25.654627539503387,21.0,886.0
2026-03-22 12:45:00,24.735655737704917,26.0,976.0
2026-03-22 13:00:00,20.6,13.0,415.0
2026-03-22 13:15:00,21.527583527583527,18.0,1287.0
2026-03-22 13:30:00,14.177889447236181,6.0,995.0
2026-03-22 13:45:00,26.57637997432606,21.0,779.0
2026-03-22 14:00:00,20.45813953488372,9.0,860.0
2026-03-22 14:15:00,24.96894409937888,18.0,483.0
2026-03-22 14:30:00,25.032751091703055,18.0,916.0
2026-03-22 14:45:00,25.52623688155922,14.0,667.0
2026-03-22 15:00:00,29.337777777777777,31.0,900.0
2026-03-22 15:15:00,33.117990654205606,31.0,856.0
2026-03-22 15:30:00,26.957068062827226,27.0,955.0
2026-03-22 15:45:00,18.912723449001053,7.0,951.0
2026-03-22 16:00:00,22.853494623655912,12.0,744.0
2026-03-22 16:15:00,31.041782729805014,29.0,718.0
2026-03-22 16:30:00,27.21680216802168,7.0,1107.0
2026-03-22 16:45:00,32.007162041181736,23.0,1117.0
2026-03-22 17:00:00,40.72536496350365,36.0,1096.0
2026-03-22 17:15:00,37.473227206946454,33.0,691.0
2026-03-22 17:30:00,30.404580152671755,32.0,1310.0
2026-03-22 17:45:00,29.131979695431472,32.0,788.0
2026-03-22 18:00:00,31.27536231884058,32.0,1449.0
2026-03-22 18:15:00,23.318244170096023,11.0,729.0
2026-03-22 18:30:00,27.62950819672131,23.0,915.0
2026-03-22 18:45:00,28.84231697506034,26.0,1243.0
2026-03-22 19:00:00,25.087276550998947,17.0,951.0
2026-03-22 19:15:00,27.764354066985646,26.0,836.0
2026-03-22 19:30:00,23.278225806451612,17.0,992.0
2026-03-22 19:45:00,24.310215557638237,23.0,1067.0
2026-03-22 20:00:00,22.498091603053435,17.0,1048.0
2026-03-22 20:15:00,17.54655172413793,11.0,1160.0
2026-03-22 20:30:00,16.54473942969518,10.0,1017.0
2026-03-22 20:45:00,17.7072192513369,16.0,1496.0
2026-03-22 21:00:00,18.797658862876254,17.0,598.0
2026-03-22 21:15:00,22.165594855305468,25.0,622.0
2026-03-22 21:30:00,17.80043859649123,13.0,912.0
2026-03-22 21:45:00,20.20204081632653,16.0,490.0
2026-03-22 22:00:00,18.30747922437673,13.0,722.0
2026-03-22 22:15:00,19.85828343313373,16.0,501.0
2026-03-22 22:30:00,16.544502617801047,10.0,573.0
2026-03-22 22:45:00,16.48110831234257,10.0,397.0
2026-03-22 23:00:00,14.958333333333334,10.0,240.0
2026-03-22 23:15:00,13.826923076923077,10.0,208.0
2026-03-22 23:30:00,12.152317880794701,10.0,151.0
2026-03-22 23:45:00,11.282442748091603,10.0,131.0
2026-03-23 00:00:00,,,
2026-03-23 00:15:00,,,
2026-03-23 00:30:00,,,
2026-03-23 00:45:00,,,
2026-03-23 01:00:00,,,
2026-03-23 01:15:00,,,
2026-03-23 01:30:00,,,
2026-03-23 01:45:00,,,
2026-03-23 02:00:00,,,
2026-03-23 02:15:00,,,
2026-03-23 02:30:00,,,
2026-03-23 02:45:00,1.0,1.0,2.0
2026-03-23 03:00:00,9.571428571428571,13.0,14.0
2026-03-23 03:15:00,10.777777777777779,13.0,27.0
2026-03-23 03:30:00,5.631768953068592,6.0,277.0
2026-03-23 03:45:00,5.926315789473684,6.0,95.0
2026-03-23 04:00:00,6.3264248704663215,6.0,193.0
2026-03-23 04:15:00,6.8597785977859775,6.0,271.0
2026-03-23 04:30:00,6.091340450771056,5.0,843.0
2026-03-23 04:45:00,5.512012012012012,5.0,666.0
2026-03-23 05:00:00,5.020257826887661,1.0,543.0
2026-03-23 05:15:00,7.146540027137042,6.0,737.0
2026-03-23 05:30:00,7.217176702862784,6.0,1013.0
2026-03-23 05:45:00,7.156286721504113,6.0,851.0
2026-03-23 06:00:00,6.083380925185608,6.0,1751.0
2026-03-23 06:15:00,5.8316831683168315,6.0,1717.0
2026-03-23 06:30:00,10.76419686316928,6.0,1849.0
2026-03-23 06:45:00,11.162624821683309,6.0,1402.0
2026-03-23 07:00:00,10.700733752620545,6.0,1908.0
2026-03-23 07:15:00,11.093500570125428,6.0,877.0
2026-03-23 07:30:00,14.623982235381199,10.0,1351.0
2026-03-23 07:45:00,13.354438237119801,9.0,1611.0
2026-03-23 08:00:00,14.833976833976834,10.0,1813.0
2026-03-23 08:15:00,12.282051282051283,9.0,1209.0
2026-03-23 08:30:00,16.09572431397575,11.0,1567.0
2026-03-23 08:45:00,13.776724137931035,11.0,1160.0
2026-03-23 09:00:00,16.882231404958677,13.0,968.0
2026-03-23 09:15:00,26.643097643097644,19.0,1485.0
2026-03-23 09:30:00,24.614384085692425,17.0,1307.0
2026-03-23 09:45:00,21.12831389183457,14.0,943.0
2026-03-23 10:00:00,19.878355704697988,14.0,1192.0
2026-03-23 10:15:00,17.51658767772512,12.0,1477.0
2026-03-23 10:30:00,14.587579617834395,11.0,1256.0
2026-03-23 10:45:00,23.782278481012657,15.0,790.0
2026-03-23 11:00:00,31.333333333333332,23.0,753.0
2026-03-23 11:15:00,27.20152817574021,15.0,1047.0
2026-03-23 11:30:00,27.568533969010726,23.0,839.0
2026-03-23 11:45:00,25.17037037037037,23.0,1080.0
2026-03-23 12:00:00,25.97904761904762,24.0,525.0
2026-03-23 12:15:00,25.101214574898787,24.0,988.0
2026-03-23 12:30:00,19.72289156626506,12.0,747.0
2026-03-23 12:45:00,22.14397496087637,17.0,639.0
2026-03-23 13:00:00,25.310160427807485,23.0,935.0
2026-03-23 13:15:00,20.131067961165048,12.0,1030.0
2026-03-23 13:30:00,27.875816993464053,23.0,612.0
2026-03-23 13:45:00,21.845508982035927,14.0,835.0
2026-03-23 14:00:00,22.99778516057586,22.0,903.0
2026-03-23 14:15:00,20.927803379416282,14.0,651.0
2026-03-23 14:30:00,20.042976939203353,14.0,954.0
2026-03-23 14:45:00,20.66350710900474,18.0,844.0
2026-03-23 15:00:00,20.15419501133787,22.0,441.0
2026-03-23 15:15:00,16.54982206405694,14.0,1124.0
2026-03-23 15:30:00,17.585526315789473,15.0,760.0
2026-03-23 15:45:00,18.339267015706806,15.0,955.0
2026-03-23 16:00:00,16.695562435500516,15.0,969.0
2026-03-23 16:15:00,18.447798742138364,18.0,795.0
2026-03-23 16:30:00,15.160826594788858,13.0,1113.0
2026-03-23 16:45:00,14.304843304843304,13.0,1053.0
2026-03-23 17:00:00,13.9836867862969,13.0,1226.0
2026-03-23 17:15:00,11.208015267175572,7.0,1048.0
2026-03-23 17:30:00,13.38803680981595,12.5,652.0
2026-03-23 17:45:00,12.034545454545455,8.0,550.0
2026-03-23 18:00:00,13.572303921568627,15.0,816.0
2026-03-23 18:15:00,12.029478458049887,13.0,882.0
2026-03-23 18:30:00,10.195380173243503,8.0,1039.0
2026-03-23 18:45:00,12.434731934731936,11.0,858.0
2026-03-23 19:00:00,12.454638124362894,8.0,981.0
2026-03-23 19:15:00,8.73029772329247,7.0,1142.0
2026-03-23 19:30:00,9.887971698113208,7.0,848.0
2026-03-23 19:45:00,11.429530201342281,8.0,894.0
2026-03-23 20:00:00,12.363518758085382,8.0,773.0
2026-03-23 20:15:00,13.551724137931034,10.0,1218.0
2026-03-23 20:30:00,15.21462639109698,15.0,629.0
2026-03-23 20:45:00,13.177536231884059,8.0,1104.0
2026-03-23 21:00:00,13.92377796188898,8.0,1207.0
2026-03-23 21:15:00,12.983700862895494,8.0,1043.0
2026-03-23 21:30:00,13.762004175365345,8.0,958.0
2026-03-23 21:45:00,11.427480916030534,7.0,1048.0
2026-03-23 22:00:00,11.460234680573663,8.0,767.0
2026-03-23 22:15:00,14.004918032786886,10.0,610.0
2026-03-23 22:30:00,13.140522875816993,8.0,612.0
2026-03-23 22:45:00,11.304909560723514,4.0,387.0
2026-03-23 23:00:00,10.27007299270073,4.0,274.0
2026-03-23 23:15:00,8.73157894736842,6.0,190.0
2026-03-23 23:30:00,6.0546875,4.0,128.0
2026-03-23 23:45:00,4.597122302158273,6.0,139.0
2026-03-24 00:00:00,,,
2026-03-24 00:15:00,,,
2026-03-24 00:30:00,,,
2026-03-24 00:45:00,,,
2026-03-24 01:00:00,,,
2026-03-24 01:15:00,,,
2026-03-24 01:30:00,,,
2026-03-24 01:45:00,,,
2026-03-24 02:00:00,,,
2026-03-24 02:15:00,,,
2026-03-24 02:30:00,10.0,10.0,30.0
2026-03-24 02:45:00,,,
2026-03-24 03:00:00,9.071428571428571,8.0,56.0
2026-03-24 03:15:00,10.0,10.0,58.0
2026-03-24 03:30:00,9.0,8.0,228.0
2026-03-24 03:45:00,7.85,6.0,260.0
2026-03-24 04:00:00,2.914473684210526,1.0,152.0
2026-03-24 04:15:00,13.326589595375722,12.0,692.0
2026-03-24 04:30:00,8.84201680672269,6.0,1190.0
2026-03-24 04:45:00,9.216577540106952,6.0,748.0
2026-03-24 05:00:00,10.767714285714286,8.0,3500.0
2026-03-24 05:15:00,11.2938202247191,8.0,1780.0
2026-03-24 05:30:00,9.494892167990919,8.0,1762.0
2026-03-24 05:45:00,10.676179604261796,8.0,2628.0
2026-03-24 06:00:00,11.353207236842104,8.0,2432.0
2026-03-24 06:15:00,10.832545311268715,8.0,2538.0
2026-03-24 06:30:00,12.729940564635958,8.0,2692.0
2026-03-24 06:45:00,13.136850152905199,9.0,2616.0
2026-03-24 07:00:00,14.500336473755047,13.0,2972.0
2026-03-24 07:15:00,15.951336531871144,14.5,2918.0
2026-03-24 07:30:00,15.886827458256029,13.0,4312.0
2026-03-24 07:45:00,16.55625,15.0,2720.0
2026-03-24 08:00:00,14.087669280114042,11.0,2806.0
2026-03-24 08:15:00,17.996,17.0,2750.0
2026-03-24 08:30:00,15.665079365079364,15.0,1890.0
2026-03-24 08:45:00,16.196123521681997,13.0,3044.0
2026-03-24 09:00:00,19.65560538116592,17.0,2230.0
2026-03-24 09:15:00,20.618198874296436,18.0,2132.0
2026-03-24 09:30:00,17.068181818181817,14.0,2772.0
2026-03-24 09:45:00,18.151234567901234,16.0,1620.0
2026-03-24 10:00:00,16.778769841269842,14.0,2016.0
2026-03-24 10:15:00,17.54731707317073,16.0,2050.0
2026-03-24 10:30:00,18.402897415818323,15.0,2554.0
2026-03-24 10:45:00,18.112244897959183,15.0,1176.0
2026-03-24 11:00:00,16.160685154975532,13.0,1226.0
2026-03-24 11:15:00,16.50050709939148,14.0,1972.0
2026-03-24 11:30:00,15.727166276346605,14.0,1708.0
2026-03-24 11:45:00,14.457006369426752,11.0,1256.0
2026-03-24 12:00:00,16.353227232537577,11.0,2262.0
2026-03-24 12:15:00,16.681494661921707,11.0,1686.0
2026-03-24 12:30:00,19.171364148816235,15.0,1774.0
2026-03-24 12:45:00,20.06306760847629,15.0,1982.0
2026-03-24 13:00:00,17.004410143329658,12.5,1814.0
2026-03-24 13:15:00,24.272169167803547,23.0,1466.0
2026-03-24 13:30:00,20.244326777609682,15.0,2644.0
2026-03-24 13:45:00,19.48559670781893,14.0,486.0
2026-03-24 14:00:00,17.082629674306393,13.0,1658.0
2026-03-24 14:15:00,18.57456140350877,17.0,1140.0
2026-03-24 14:30:00,17.39716684155299,15.0,1906.0
2026-03-24 14:45:00,18.52880658436214,16.0,972.0
2026-03-24 15:00:00,18.254326923076924,15.0,2080.0
2026-03-24 15:15:00,20.964532871972317,18.0,1156.0
2026-03-24 15:30:00,22.601992966002346,20.0,1706.0
2026-03-24 15:45:00,20.882697947214076,18.0,1364.0
2026-03-24 16:00:00,20.719934102141682,17.0,1214.0
2026-03-24 16:15:00,20.637096774193548,17.5,1116.0
2026-03-24 16:30:00,18.18834080717489,14.0,892.0
2026-03-24 16:45:00,20.745880861850445,17.0,1578.0
2026-03-24 17:00:00,18.17159090909091,15.0,880.0
2026-03-24 17:15:00,19.95096921322691,17.0,1754.0
2026-03-24 17:30:00,21.85558408215661,22.0,1558.0
2026-03-24 17:45:00,16.216184971098265,14.0,1730.0
2026-03-24 18:00:00,17.57535321821036,16.0,1274.0
2026-03-24 18:15:00,17.78935532233883,14.0,1334.0
2026-03-24 18:30:00,16.92534174553102,13.0,1902.0
2026-03-24 18:45:00,18.161594202898552,13.0,1380.0
2026-03-24 19:00:00,19.50578406169666,13.0,1556.0
2026-03-24 19:15:00,24.576582278481013,23.0,1580.0
2026-03-24 19:30:00,23.56576728499157,18.0,1186.0
2026-03-24 19:45:00,22.20362563237774,18.0,2372.0
2026-03-24 20:00:00,22.73266078184111,16.0,1586.0
2026-03-24 20:15:00,19.31764705882353,13.0,1190.0
2026-03-24 20:30:00,19.018392370572208,13.0,1468.0
2026-03-24 20:45:00,21.549460431654676,14.0,1112.0
2026-03-24 21:00:00,25.47826086956522,16.0,1104.0
2026-03-24 21:15:00,27.28700906344411,21.0,1324.0
2026-03-24 21:30:00,21.81763826606876,15.0,1338.0
2026-03-24 21:45:00,24.233271375464685,16.0,1076.0
2026-03-24 22:00:00,19.52086230876217,15.0,1438.0
2026-03-24 22:15:00,22.365482233502537,16.0,788.0
2026-03-24 22:30:00,20.817941952506597,16.0,758.0
2026-03-24 22:45:00,21.016786570743406,16.0,834.0
2026-03-24 23:00:00,20.56046065259117,17.0,521.0
2026-03-24 23:15:00,20.43709677419355,16.0,620.0
2026-03-24 23:30:00,22.3,18.0,410.0
2026-03-24 23:45:00,18.56056338028169,15.0,355.0
2026-03-25 00:00:00,,,
2026-03-25 00:15:00,,,
2026-03-25 00:30:00,,,
2026-03-25 00:45:00,,,
2026-03-25 01:00:00,,,
2026-03-25 01:15:00,,,
2026-03-25 01:30:00,,,
2026-03-25 01:45:00,,,
2026-03-25 02:00:00,,,
2026-03-25 02:15:00,,,
2026-03-25 02:30:00,,,
2026-03-25 02:45:00,14.0,14.0,10.0
2026-03-25 03:00:00,14.02127659574468,14.0,47.0
2026-03-25 03:15:00,27.0,27.0,8.0
2026-03-25 03:30:00,1.875,1.0,24.0
2026-03-25 03:45:00,3.0,2.0,18.0
2026-03-25 04:00:00,8.943396226415095,2.0,106.0
2026-03-25 04:15:00,8.550898203592814,3.0,334.0
2026-03-25 04:30:00,8.401673640167363,9.0,239.0
2026-03-25 04:45:00,12.23015873015873,14.0,378.0
2026-03-25 05:00:00,10.01670146137787,12.0,479.0
2026-03-25 05:15:00,11.39261744966443,12.0,1192.0
2026-03-25 05:30:00,11.40360873694207,9.0,1053.0
2026-03-25 05:45:00,10.432724252491694,5.0,1204.0
2026-03-25 06:00:00,12.716162943495402,14.0,1522.0
2026-03-25 06:15:00,10.168324407039021,3.0,1307.0
2026-03-25 06:30:00,10.130856219709209,4.0,1238.0
2026-03-25 06:45:00,12.282964388835419,9.0,1039.0
2026-03-25 07:00:00,14.121113989637307,13.0,1544.0
2026-03-25 07:15:00,14.75133214920071,9.0,1126.0
2026-03-25 07:30:00,17.52356780275562,18.0,1379.0
2026-03-25 07:45:00,16.316171138506164,15.0,1379.0
2026-03-25 08:00:00,16.74837310195228,19.0,922.0
2026-03-25 08:15:00,19.585881045025015,23.0,1799.0
2026-03-25 08:30:00,18.816901408450704,19.0,1420.0
2026-03-25 08:45:00,18.571428571428573,15.0,966.0
2026-03-25 09:00:00,19.622816032887975,15.0,973.0
2026-03-25 09:15:00,18.677966101694917,15.0,826.0
2026-03-25 09:30:00,17.43958573072497,16.0,869.0
2026-03-25 09:45:00,18.515503875968992,16.0,774.0
2026-03-25 10:00:00,14.939362795477903,13.0,973.0
2026-03-25 10:15:00,14.66734693877551,12.0,490.0
2026-03-25 10:30:00,17.8315649867374,19.0,754.0
2026-03-25 10:45:00,14.164424514200299,13.0,669.0
2026-03-25 11:00:00,12.773162939297125,11.0,939.0
2026-03-25 11:15:00,13.99330655957162,15.0,747.0
2026-03-25 11:30:00,13.748440748440748,11.0,962.0
2026-03-25 11:45:00,13.138169257340241,10.0,579.0
2026-03-25 12:00:00,15.468711656441718,14.0,815.0
2026-03-25 12:15:00,15.360385144429161,11.0,727.0
2026-03-25 12:30:00,15.549371633752244,14.0,557.0
2026-03-25 12:45:00,15.310033821871476,14.0,887.0
2026-03-25 13:00:00,16.11897590361446,14.0,664.0
2026-03-25 13:15:00,15.953020134228188,15.0,596.0
2026-03-25 13:30:00,16.996696944673822,15.0,1211.0
2026-03-25 13:45:00,18.806053811659194,21.0,892.0
2026-03-25 14:00:00,16.50984251968504,14.0,1016.0
2026-03-25 14:15:00,16.718637992831543,21.0,558.0
2026-03-25 14:30:00,18.327989311957246,18.0,1497.0
2026-03-25 14:45:00,18.286706349206348,18.0,1008.0
2026-03-25 15:00:00,21.334085778781038,22.0,886.0
2026-03-25 15:15:00,23.5947242206235,24.0,834.0
2026-03-25 15:30:00,19.458333333333332,18.0,624.0
2026-03-25 15:45:00,17.18958031837916,14.0,691.0
2026-03-25 16:00:00,20.276923076923076,18.0,455.0
2026-03-25 16:15:00,24.431914893617023,24.0,470.0
2026-03-25 16:30:00,17.440097799511,14.0,818.0
2026-03-25 16:45:00,18.66705069124424,15.0,868.0
2026-03-25 17:00:00,19.65081967213115,16.0,610.0
2026-03-25 17:15:00,20.128040973111396,17.0,781.0
2026-03-25 17:30:00,21.346613545816734,22.0,753.0
2026-03-25 17:45:00,18.01038575667656,16.0,674.0
2026-03-25 18:00:00,17.48894557823129,13.0,1176.0
2026-03-25 18:15:00,21.294884653961887,22.0,997.0
2026-03-25 18:30:00,17.9987146529563,14.0,778.0
2026-03-25 18:45:00,15.97489539748954,14.0,239.0
2026-03-25 19:00:00,16.976627712854757,13.0,599.0
2026-03-25 19:15:00,16.391657010428737,13.0,863.0
2026-03-25 19:30:00,17.47741935483871,11.0,775.0
2026-03-25 19:45:00,19.577065351418003,18.0,811.0
2026-03-25 20:00:00,23.02081051478642,24.0,913.0
2026-03-25 20:15:00,21.365330848089467,21.0,1073.0
2026-03-25 20:30:00,21.194070080862534,20.0,742.0
2026-03-25 20:45:00,18.443914081145586,16.0,838.0
2026-03-25 21:00:00,19.850728155339805,17.0,824.0
2026-03-25 21:15:00,16.641975308641975,14.0,810.0
2026-03-25 21:30:00,18.301507537688444,15.0,597.0
2026-03-25 21:45:00,19.179591836734694,15.0,735.0
2026-03-25 22:00:00,21.657937806873978,15.0,611.0
2026-03-25 22:15:00,21.405017921146953,15.0,558.0
2026-03-25 22:30:00,18.424170616113745,15.0,422.0
2026-03-25 22:45:00,14.879098360655737,15.0,488.0
2026-03-25 23:00:00,14.264492753623188,15.0,276.0
2026-03-25 23:15:00,14.142857142857142,15.0,154.0
2026-03-25 23:30:00,11.341040462427745,15.0,173.0
2026-03-25 23:45:00,9.569620253164556,15.0,79.0
2026-03-26 00:00:00,,,
2026-03-26 00:15:00,,,
2026-03-26 00:30:00,,,
2026-03-26 00:45:00,,,
2026-03-26 01:00:00,,,
2026-03-26 01:15:00,,,
2026-03-26 01:30:00,,,
2026-03-26 01:45:00,,,
2026-03-26 02:00:00,,,
2026-03-26 02:15:00,,,
2026-03-26 02:30:00,,,
2026-03-26 02:45:00,19.0,19.0,38.0
2026-03-26 03:00:00,19.0,19.0,20.0
2026-03-26 03:15:00,,,
2026-03-26 03:30:00,17.335443037974684,14.0,158.0
2026-03-26 03:45:00,14.15079365079365,11.0,126.0
2026-03-26 04:00:00,19.835227272727273,23.0,176.0
2026-03-26 04:15:00,13.815,11.0,400.0
2026-03-26 04:30:00,10.992753623188406,10.0,552.0
2026-03-26 04:45:00,15.079824561403509,14.0,1140.0
2026-03-26 05:00:00,14.579288025889968,14.0,1236.0
2026-03-26 05:15:00,15.462581344902386,14.0,1844.0
2026-03-26 05:30:00,15.577017114914426,12.0,2454.0
2026-03-26 05:45:00,15.080761316872428,12.0,1944.0
2026-03-26 06:00:00,18.324314574314574,19.0,2772.0
2026-03-26 06:15:00,13.928361138370953,11.0,2038.0
2026-03-26 06:30:00,17.664361269324655,17.0,2458.0
2026-03-26 06:45:00,19.545842217484008,21.0,2814.0
2026-03-26 07:00:00,21.480844409695074,24.0,2558.0
2026-03-26 07:15:00,20.933916423712343,23.0,4116.0
2026-03-26 07:30:00,21.907278481012657,24.0,3160.0
2026-03-26 07:45:00,22.771841609050913,24.0,3182.0
2026-03-26 08:00:00,22.43092105263158,24.0,2128.0
2026-03-26 08:15:00,22.40418118466899,21.0,1722.0
2026-03-26 08:30:00,23.434323690383113,21.0,2558.0
2026-03-26 08:45:00,26.071428571428573,26.0,1904.0
2026-03-26 09:00:00,23.18953752843063,23.0,2638.0
2026-03-26 09:15:00,22.56223849372385,21.5,1912.0
2026-03-26 09:30:00,21.257275902211873,19.0,1718.0
2026-03-26 09:45:00,27.851612903225806,28.0,1550.0
2026-03-26 10:00:00,25.221910112359552,26.0,1424.0
2026-03-26 10:15:00,23.322314049586776,23.0,1936.0
2026-03-26 10:30:00,26.34536082474227,27.0,1358.0
2026-03-26 10:45:00,26.673882681564248,27.0,1432.0
2026-03-26 11:00:00,25.86525759577279,25.0,1514.0
2026-03-26 11:15:00,26.926151761517616,25.0,1476.0
2026-03-26 11:30:00,28.0921875,26.0,1920.0
2026-03-26 11:45:00,21.573825503355703,15.0,1490.0
2026-03-26 12:00:00,21.28511966701353,18.5,1922.0
2026-03-26 12:15:00,21.10635964912281,19.0,1824.0
2026-03-26 12:30:00,18.37977369165488,13.0,1414.0
2026-03-26 12:45:00,23.345921450151057,21.0,1324.0
2026-03-26 13:00:00,23.77857142857143,19.0,1120.0
2026-03-26 13:15:00,20.424879807692307,15.0,1664.0
2026-03-26 13:30:00,21.078795379537954,16.0,2424.0
2026-03-26 13:45:00,23.352906976744187,19.0,1720.0
2026-03-26 14:00:00,22.36660617059891,19.0,1102.0
2026-03-26 14:15:00,25.33044733044733,23.0,1386.0
2026-03-26 14:30:00,23.60851760851761,23.0,2442.0
2026-03-26 14:45:00,22.98667439165701,22.0,1726.0
2026-03-26 15:00:00,21.521087680355162,16.0,1802.0
2026-03-26 15:15:00,22.692934782608695,22.0,1104.0
2026-03-26 15:30:00,22.65909090909091,22.0,1672.0
2026-03-26 15:45:00,21.718826405867972,20.0,1636.0
2026-03-26 16:00:00,20.85670731707317,18.0,1640.0
2026-03-26 16:15:00,19.705128205128204,17.0,1716.0
2026-03-26 16:30:00,16.02538726333907,12.0,2324.0
2026-03-26 16:45:00,16.4029590948651,16.0,2298.0
2026-03-26 17:00:00,18.516176470588235,17.0,1360.0
2026-03-26 17:15:00,18.28029197080292,17.0,1370.0
2026-03-26 17:30:00,16.324707846410686,14.0,1198.0
2026-03-26 17:45:00,18.112866817155755,15.0,2658.0
2026-03-26 18:00:00,14.733766233766234,13.0,1386.0
2026-03-26 18:15:00,26.86563670411985,19.0,2136.0
2026-03-26 18:30:00,17.56169871794872,16.0,1248.0
2026-03-26 18:45:00,22.388090349075977,16.5,1948.0
2026-03-26 19:00:00,25.167155425219942,17.0,1364.0
2026-03-26 19:15:00,21.382882882882882,13.0,1332.0
2026-03-26 19:30:00,28.215048975957256,17.0,2246.0
2026-03-26 19:45:00,27.083198707592892,17.0,1238.0
2026-03-26 20:00:00,28.011443661971832,17.0,2272.0
2026-03-26 20:15:00,27.093379446640316,18.0,2024.0
2026-03-26 20:30:00,31.745006657789613,20.0,1502.0
2026-03-26 20:45:00,27.39864864864865,20.0,1628.0
2026-03-26 21:00:00,33.52560819462228,27.0,1562.0
2026-03-26 21:15:00,30.071209800918837,23.0,1306.0
2026-03-26 21:30:00,32.17486338797814,24.0,1098.0
2026-03-26 21:45:00,22.356477561388655,17.0,1181.0
2026-03-26 22:00:00,18.32441942294159,16.0,1421.0
2026-03-26 22:15:00,19.00862068965517,16.0,1044.0
2026-03-26 22:30:00,10.507204610951009,7.0,1388.0
2026-03-26 22:45:00,10.698704103671707,9.0,926.0
2026-03-26 23:00:00,8.761904761904763,4.0,546.0
2026-03-26 23:15:00,12.149659863945578,4.0,294.0
2026-03-26 23:30:00,15.569078947368421,36.0,304.0
2026-03-26 23:45:00,13.877750611246944,16.0,409.0
2026-03-27 00:00:00,,,
2026-03-27 00:15:00,,,
2026-03-27 00:30:00,,,
2026-03-27 00:45:00,,,
2026-03-27 01:00:00,,,
2026-03-27 01:15:00,,,
2026-03-27 01:30:00,,,
2026-03-27 01:45:00,,,
2026-03-27 02:00:00,,,
2026-03-27 02:15:00,,,
2026-03-27 02:30:00,,,
2026-03-27 02:45:00,24.0,24.0,10.0
2026-03-27 03:00:00,16.2,11.0,5.0
2026-03-27 03:15:00,13.192982456140351,11.0,57.0
2026-03-27 03:30:00,19.852941176470587,24.0,102.0
2026-03-27 03:45:00,13.538152610441767,11.0,249.0
2026-03-27 04:00:00,14.019867549668874,11.0,453.0
2026-03-27 04:15:00,12.803921568627452,8.0,306.0
2026-03-27 04:30:00,15.204741379310345,20.0,464.0
2026-03-27 04:45:00,15.455056179775282,22.0,356.0
2026-03-27 05:00:00,13.295731707317072,11.0,1312.0
2026-03-27 05:15:00,15.048556430446194,11.0,762.0
2026-03-27 05:30:00,13.968301139177811,11.0,2019.0
2026-03-27 05:45:00,13.850988700564972,11.0,1416.0
2026-03-27 06:00:00,14.267127592708988,12.0,1591.0
2026-03-27 06:15:00,13.127601314348302,11.0,1826.0
2026-03-27 06:30:00,15.079960019990004,11.0,2001.0
2026-03-27 06:45:00,15.151953690303907,12.0,1382.0
2026-03-27 07:00:00,17.929218573046434,17.0,1766.0
2026-03-27 07:15:00,17.503008423586042,18.0,1662.0
2026-03-27 07:30:00,18.70769230769231,21.0,1950.0
2026-03-27 07:45:00,18.77193660610746,18.0,2587.0
2026-03-27 08:00:00,20.51127819548872,19.0,1862.0
2026-03-27 08:15:00,20.172364672364672,17.0,1404.0
2026-03-27 08:30:00,18.764988009592326,17.0,2085.0
2026-03-27 08:45:00,22.05517826825127,21.0,1178.0
2026-03-27 09:00:00,25.42881745120551,25.0,1742.0
2026-03-27 09:15:00,23.788010425716767,23.0,1151.0
2026-03-27 09:30:00,22.776470588235295,21.0,1190.0
2026-03-27 09:45:00,21.733520336605892,21.0,1426.0
2026-03-27 10:00:00,23.744545454545456,23.0,1100.0
2026-03-27 10:15:00,24.485688729874777,23.0,1118.0
2026-03-27 10:30:00,27.229896907216496,25.0,970.0
2026-03-27 10:45:00,18.051263001485886,14.0,1346.0
2026-03-27 11:00:00,25.710204081632654,18.0,1225.0
2026-03-27 11:15:00,24.60810810810811,14.0,888.0
2026-03-27 11:30:00,29.716905901116426,20.0,1254.0
2026-03-27 11:45:00,22.769320843091336,14.0,854.0
2026-03-27 12:00:00,36.625761531766756,37.0,1149.0
2026-03-27 12:15:00,26.79443254817987,20.0,1401.0
2026-03-27 12:30:00,24.265785609397945,18.0,1362.0
2026-03-27 12:45:00,23.412179487179486,15.0,1560.0
2026-03-27 13:00:00,28.338737201365188,18.0,1172.0
2026-03-27 13:15:00,26.5984598459846,18.0,909.0
2026-03-27 13:30:00,26.76143560872625,16.0,1421.0
2026-03-27 13:45:00,30.20095693779904,22.0,627.0
2026-03-27 14:00:00,24.824577861163228,15.5,1066.0
2026-03-27 14:15:00,25.110791366906476,15.0,695.0
2026-03-27 14:30:00,22.40078201368524,12.0,1023.0
2026-03-27 14:45:00,24.840044742729308,18.0,894.0
2026-03-27 15:00:00,19.109185441941076,12.0,1154.0
2026-03-27 15:15:00,20.096658711217184,12.0,838.0
2026-03-27 15:30:00,23.22879177377892,18.0,778.0
2026-03-27 15:45:00,23.892307692307693,22.0,1040.0
2026-03-27 16:00:00,19.607320099255585,16.0,1612.0
2026-03-27 16:15:00,17.514563106796118,12.0,412.0
2026-03-27 16:30:00,15.664893617021276,11.0,2068.0
2026-03-27 16:45:00,22.26540673788003,18.0,1217.0
2026-03-27 17:00:00,15.082214765100671,12.0,596.0
2026-03-27 17:15:00,20.842293906810035,16.0,558.0
2026-03-27 17:30:00,18.276564774381367,11.0,1374.0
2026-03-27 17:45:00,14.795543905635649,11.0,763.0
2026-03-27 18:00:00,26.97005988023952,15.0,835.0
2026-03-27 18:15:00,20.208292201382033,11.0,1013.0
2026-03-27 18:30:00,27.86687306501548,13.0,1292.0
2026-03-27 18:45:00,31.870265151515152,15.0,1056.0
2026-03-27 19:00:00,23.173524150268335,13.0,1118.0
2026-03-27 19:15:00,31.931265716680638,18.0,1193.0
2026-03-27 19:30:00,32.569526627218934,16.0,676.0
2026-03-27 19:45:00,34.773480662983424,18.0,1629.0
2026-03-27 20:00:00,38.61744022503516,23.0,1422.0
2026-03-27 20:15:00,35.440677966101696,23.0,1416.0
2026-03-27 20:30:00,40.82163406214039,24.0,869.0
2026-03-27 20:45:00,38.89376443418014,24.0,866.0
2026-03-27 21:00:00,26.362088535754825,24.0,881.0
2026-03-27 21:15:00,18.931372549019606,18.0,816.0
2026-03-27 21:30:00,23.95944609297725,24.0,1011.0
2026-03-27 21:45:00,22.177453027139876,17.0,479.0
2026-03-27 22:00:00,23.457597173144876,24.0,566.0
2026-03-27 22:15:00,34.125,26.0,400.0
2026-03-27 22:30:00,31.198992443324936,26.0,397.0
2026-03-27 22:45:00,30.80785123966942,26.0,484.0
2026-03-27 23:00:00,34.03243243243243,26.0,185.0
2026-03-27 23:15:00,45.861111111111114,43.0,144.0
2026-03-27 23:30:00,57.81516587677725,41.0,211.0
2026-03-27 23:45:00,53.42424242424242,41.0,99.0
2026-03-28 00:00:00,,,
2026-03-28 00:15:00,,,
2026-03-28 00:30:00,,,
2026-03-28 00:45:00,,,
2026-03-28 01:00:00,,,
2026-03-28 01:15:00,,,
2026-03-28 01:30:00,,,
2026-03-28 01:45:00,,,
2026-03-28 02:00:00,,,
2026-03-28 02:15:00,,,
2026-03-28 02:30:00,,,
2026-03-28 02:45:00,5.5,5.5,12.0
2026-03-28 03:00:00,5.5,5.5,24.0
2026-03-28 03:15:00,5.5,5.5,2.0
2026-03-28 03:30:00,7.976190476190476,5.5,84.0
2026-03-28 03:45:00,7.93125,5.0,160.0
2026-03-28 04:00:00,10.869565217391305,8.0,184.0
2026-03-28 04:15:00,6.397435897435898,7.0,78.0
2026-03-28 04:30:00,10.553398058252426,7.0,412.0
2026-03-28 04:45:00,9.64142538975501,7.0,898.0
2026-03-28 05:00:00,8.59119496855346,7.0,954.0
2026-03-28 05:15:00,8.39090909090909,5.0,1100.0
2026-03-28 05:30:00,7.268518518518518,5.0,864.0
2026-03-28 05:45:00,8.965290806754222,7.0,1066.0
2026-03-28 06:00:00,11.86682808716707,11.0,826.0
2026-03-28 06:15:00,11.357303370786516,8.0,890.0
2026-03-28 06:30:00,16.16773418734988,15.0,2498.0
2026-03-28 06:45:00,17.373977086743043,17.0,2444.0
2026-03-28 07:00:00,14.483598409542743,14.0,2012.0
2026-03-28 07:15:00,17.733283803863298,17.0,2692.0
2026-03-28 07:30:00,17.858635863586358,15.0,1818.0
2026-03-28 07:45:00,15.168374816983894,13.0,1366.0
2026-03-28 08:00:00,17.90414878397711,14.0,2796.0
2026-03-28 08:15:00,19.080675422138835,17.5,2132.0
2026-03-28 08:30:00,19.180297397769518,20.0,1614.0
2026-03-28 08:45:00,19.740571428571428,20.0,1750.0
2026-03-28 09:00:00,17.37249666221629,16.0,1498.0
2026-03-28 09:15:00,20.065346534653465,20.0,2020.0
2026-03-28 09:30:00,20.93974358974359,18.0,1560.0
2026-03-28 09:45:00,24.85062611806798,24.0,2236.0
2026-03-28 10:00:00,23.02239413680782,21.0,2456.0
2026-03-28 10:15:00,24.07977207977208,25.0,2106.0
2026-03-28 10:30:00,21.461117861482382,21.0,1646.0
2026-03-28 10:45:00,20.890625,17.0,1344.0
2026-03-28 11:00:00,20.631278538812786,16.0,2628.0
2026-03-28 11:15:00,19.270352369380316,15.0,1646.0
2026-03-28 11:30:00,23.603448275862068,17.0,1044.0
2026-03-28 11:45:00,18.9957127545552,11.0,1866.0
2026-03-28 12:00:00,23.55467720685112,18.0,1518.0
2026-03-28 12:15:00,18.526371308016877,9.5,948.0
2026-03-28 12:30:00,23.532663316582916,18.0,1194.0
2026-03-28 12:45:00,19.822222222222223,13.0,2160.0
2026-03-28 13:00:00,26.900226757369616,22.0,1764.0
2026-03-28 13:15:00,23.83511586452763,21.0,1122.0
2026-03-28 13:30:00,24.861462728551338,22.0,1422.0
2026-03-28 13:45:00,20.82204116638079,13.0,2332.0
2026-03-28 14:00:00,23.951659451659452,19.0,1386.0
2026-03-28 14:15:00,22.146464646464647,19.0,1386.0
2026-03-28 14:30:00,21.478063540090773,17.0,1322.0
2026-03-28 14:45:00,19.125,14.0,2104.0
2026-03-28 15:00:00,24.286127167630056,21.0,1730.0
2026-03-28 15:15:00,21.462598425196852,17.0,1524.0
2026-03-28 15:30:00,20.721666666666668,19.0,1800.0
2026-03-28 15:45:00,20.798850574712645,17.0,1218.0
2026-03-28 16:00:00,19.39343163538874,12.5,1492.0
2026-03-28 16:15:00,24.634341637010674,22.0,1124.0
2026-03-28 16:30:00,21.6752655538695,19.0,2636.0
2026-03-28 16:45:00,21.135275754422477,17.0,1922.0
2026-03-28 17:00:00,22.81164807930607,19.0,1614.0
2026-03-28 17:15:00,22.97911227154047,20.0,1532.0
2026-03-28 17:30:00,21.012785388127853,19.0,2190.0
2026-03-28 17:45:00,20.42970711297071,17.0,2390.0
2026-03-28 18:00:00,21.07497565725414,17.0,2054.0
2026-03-28 18:15:00,20.402269861286253,16.0,1586.0
2026-03-28 18:30:00,21.86943793911007,19.0,1708.0
2026-03-28 18:45:00,24.438040345821324,20.0,1388.0
2026-03-28 19:00:00,23.850774284373532,19.0,2131.0
2026-03-28 19:15:00,18.073669849931786,13.0,2199.0
2026-03-28 19:30:00,21.99659090909091,16.0,1760.0
2026-03-28 19:45:00,26.38015717092338,23.0,2036.0
2026-03-28 20:00:00,22.87298387096774,18.0,992.0
2026-03-28 20:15:00,19.995,13.0,1800.0
2026-03-28 20:30:00,20.250643776824035,17.0,1165.0
2026-03-28 20:45:00,21.73185941043084,18.0,1764.0
2026-03-28 21:00:00,19.40695652173913,13.0,1150.0
2026-03-28 21:15:00,17.55959595959596,13.0,1485.0
2026-03-28 21:30:00,20.411413969335605,13.0,1174.0
2026-03-28 21:45:00,23.032578685808947,14.0,1811.0
2026-03-28 22:00:00,21.166666666666668,13.0,816.0
2026-03-28 22:15:00,23.70493358633776,19.0,1054.0
2026-03-28 22:30:00,21.15327380952381,13.0,672.0
2026-03-28 22:45:00,13.936662606577345,6.0,821.0
2026-03-28 23:00:00,14.264591439688717,6.0,514.0
2026-03-28 23:15:00,12.550522648083623,6.0,574.0
2026-03-28 23:30:00,15.83206106870229,10.0,262.0
2026-03-28 23:45:00,10.672413793103448,6.0,322.0
2026-03-29 00:00:00,,,
2026-03-29 00:15:00,,,
2026-03-29 00:30:00,,,
2026-03-29 00:45:00,,,
2026-03-29 01:00:00,,,
2026-03-29 01:15:00,,,
2026-03-29 01:30:00,,,
2026-03-29 01:45:00,,,
2026-03-29 02:00:00,,,
2026-03-29 02:15:00,,,
2026-03-29 02:30:00,,,
2026-03-29 02:45:00,,,
2026-03-29 03:00:00,,,
2026-03-29 03:15:00,,,
2026-03-29 03:30:00,2.5,2.5,2.0
2026-03-29 03:45:00,2.5,2.5,2.0
2026-03-29 04:00:00,5.132352941176471,1.0,136.0
2026-03-29 04:15:00,11.139344262295081,11.0,244.0
2026-03-29 04:30:00,7.185430463576159,4.0,302.0
2026-03-29 04:45:00,8.9375,4.0,480.0
2026-03-29 05:00:00,6.210884353741497,4.0,441.0
2026-03-29 05:15:00,6.636,4.0,500.0
2026-03-29 05:30:00,8.69767441860465,5.0,516.0
2026-03-29 05:45:00,9.627562642369021,7.5,878.0
2026-03-29 06:00:00,13.093283582089553,11.0,804.0
2026-03-29 06:15:00,13.388020833333334,11.0,1152.0
2026-03-29 06:30:00,11.385469223007064,8.0,991.0
2026-03-29 06:45:00,11.318360914105595,8.0,1269.0
2026-03-29 07:00:00,12.68958742632613,8.0,1018.0
2026-03-29 07:15:00,12.559276624246484,7.0,1493.0
2026-03-29 07:30:00,13.136671177266576,8.0,739.0
2026-03-29 07:45:00,14.825678496868475,8.0,958.0
2026-03-29 08:00:00,12.495967741935484,7.0,1240.0
2026-03-29 08:15:00,13.324521422060164,7.0,1097.0
2026-03-29 08:30:00,16.635658914728683,13.0,1161.0
2026-03-29 08:45:00,21.17929292929293,20.0,1584.0
2026-03-29 09:00:00,14.836277974087162,13.0,849.0
2026-03-29 09:15:00,13.104567307692308,10.0,832.0
2026-03-29 09:30:00,10.573345259391772,7.0,1118.0
2026-03-29 09:45:00,15.216441207075963,10.0,961.0
2026-03-29 10:00:00,20.98831168831169,16.0,770.0
2026-03-29 10:15:00,21.854573885848318,16.0,1279.0
2026-03-29 10:30:00,20.012522361359572,12.0,1118.0
2026-03-29 10:45:00,15.739760554505356,10.0,1587.0
2026-03-29 11:00:00,18.063432835820894,11.0,1072.0
2026-03-29 11:15:00,16.038888888888888,11.0,720.0
2026-03-29 11:30:00,13.494052339413164,10.0,1261.0
2026-03-29 11:45:00,14.633977900552486,11.0,1448.0
2026-03-29 12:00:00,17.19515477792732,11.0,743.0
2026-03-29 12:15:00,20.14546965918537,13.0,1203.0
2026-03-29 12:30:00,19.870565675934802,19.0,1043.0
2026-03-29 12:45:00,19.00306184935701,18.0,1633.0
2026-03-29 13:00:00,15.883554647599592,12.0,979.0
2026-03-29 13:15:00,17.153256704980844,13.0,783.0
2026-03-29 13:30:00,17.407528641571194,17.0,1222.0
2026-03-29 13:45:00,15.318798449612403,12.0,1032.0
2026-03-29 14:00:00,16.21853146853147,17.0,1144.0
2026-03-29 14:15:00,14.25947808961103,12.0,2031.0
2026-03-29 14:30:00,16.105128205128207,12.0,780.0
2026-03-29 14:45:00,17.486579490708877,17.0,1453.0
2026-03-29 15:00:00,17.352083333333333,17.0,960.0
2026-03-29 15:15:00,16.75966069745523,17.0,1061.0
2026-03-29 15:30:00,14.785038693035254,17.0,1163.0
2026-03-29 15:45:00,12.958145524790728,11.0,1553.0
2026-03-29 16:00:00,16.683503836317136,19.0,1564.0
2026-03-29 16:15:00,15.059620596205962,17.0,738.0
2026-03-29 16:30:00,13.431174089068826,11.0,1482.0
2026-03-29 16:45:00,12.659716430358632,11.0,1199.0
2026-03-29 17:00:00,14.983505154639175,13.0,970.0
2026-03-29 17:15:00,15.12135922330097,13.0,1030.0
2026-03-29 17:30:00,12.598501070663811,10.0,934.0
2026-03-29 17:45:00,13.73746581586144,10.0,1097.0
2026-03-29 18:00:00,18.44181818181818,19.0,1100.0
2026-03-29 18:15:00,18.62168396770473,19.0,867.0
2026-03-29 18:30:00,15.604260089686099,12.0,892.0
2026-03-29 18:45:00,18.532403609515995,19.0,1219.0
2026-03-29 19:00:00,16.50955414012739,13.0,785.0
2026-03-29 19:15:00,16.928571428571427,13.0,798.0
2026-03-29 19:30:00,18.977777777777778,19.0,675.0
2026-03-29 19:45:00,19.434075342465754,19.0,1168.0
2026-03-29 20:00:00,21.06238361266294,20.0,1074.0
2026-03-29 20:15:00,16.123115577889447,13.0,796.0
2026-03-29 20:30:00,18.174652241112828,19.0,647.0
2026-03-29 20:45:00,20.5790273556231,19.0,658.0
2026-03-29 21:00:00,20.806161745827985,19.0,779.0
2026-03-29 21:15:00,23.814666666666668,19.0,750.0
2026-03-29 21:30:00,23.555189456342667,19.0,607.0
2026-03-29 21:45:00,18.072660098522167,13.0,812.0
2026-03-29 22:00:00,22.17258883248731,19.0,591.0
2026-03-29 22:15:00,15.289269051321929,7.0,643.0
2026-03-29 22:30:00,11.870437956204379,6.0,548.0
2026-03-29 22:45:00,8.068181818181818,4.0,308.0
2026-03-29 23:00:00,6.727598566308243,4.0,279.0
2026-03-29 23:15:00,6.865384615384615,7.0,208.0
2026-03-29 23:30:00,8.018181818181818,10.0,110.0
2026-03-29 23:45:00,5.591549295774648,1.0,142.0
2026-03-30 00:00:00,,,
2026-03-30 00:15:00,,,
2026-03-30 00:30:00,,,
2026-03-30 00:45:00,,,
2026-03-30 01:00:00,,,
2026-03-30 01:15:00,,,
2026-03-30 01:30:00,,,
2026-03-30 01:45:00,,,
2026-03-30 02:00:00,,,
2026-03-30 02:15:00,,,
2026-03-30 02:30:00,,,
2026-03-30 02:45:00,2.6,1.0,15.0
2026-03-30 03:00:00,8.25,9.0,12.0
2026-03-30 03:15:00,6.157894736842105,9.0,76.0
2026-03-30 03:30:00,5.772058823529412,9.0,136.0
2026-03-30 03:45:00,12.44186046511628,9.0,86.0
2026-03-30 04:00:00,7.415966386554622,9.0,238.0
2026-03-30 04:15:00,9.556818181818182,9.0,88.0
2026-03-30 04:30:00,8.651600753295668,9.0,531.0
2026-03-30 04:45:00,10.422680412371134,9.0,873.0
2026-03-30 05:00:00,7.88560157790927,9.0,507.0
2026-03-30 05:15:00,21.830906148867314,9.0,1236.0
2026-03-30 05:30:00,19.558271745309835,9.0,1759.0
2026-03-30 05:45:00,15.690918746680829,9.0,1883.0
2026-03-30 06:00:00,14.605227882037534,9.0,1492.0
2026-03-30 06:15:00,15.73058884835852,10.0,1919.0
2026-03-30 06:30:00,24.76797900262467,10.0,1905.0
2026-03-30 06:45:00,19.324284304047385,10.0,2026.0
2026-03-30 07:00:00,28.445986124876114,10.0,2018.0
2026-03-30 07:15:00,17.16747651441529,10.0,3087.0
2026-03-30 07:30:00,24.90787269681742,11.0,2388.0
2026-03-30 07:45:00,15.795209580838323,9.0,1670.0
2026-03-30 08:00:00,11.547908232118758,8.0,2223.0
2026-03-30 08:15:00,20.126126126126128,11.0,1776.0
2026-03-30 08:30:00,16.50890292935095,12.0,1741.0
2026-03-30 08:45:00,20.455142231947484,12.0,1828.0
2026-03-30 09:00:00,20.050625,11.0,1600.0
2026-03-30 09:15:00,19.0346628679962,11.0,2106.0
2026-03-30 09:30:00,16.988645579886455,15.0,1233.0
2026-03-30 09:45:00,15.359567901234568,12.0,1296.0
2026-03-30 10:00:00,17.773458445040216,13.0,1492.0
2026-03-30 10:15:00,14.703230653643876,11.0,1331.0
2026-03-30 10:30:00,16.288775510204083,11.0,980.0
2026-03-30 10:45:00,14.560828877005347,11.0,1496.0
2026-03-30 11:00:00,14.203629032258064,11.0,992.0
2026-03-30 11:15:00,15.19470538001708,11.0,1171.0
2026-03-30 11:30:00,,,
2026-03-30 11:45:00,15.32992327365729,11.0,1173.0
2026-03-30 12:00:00,16.54734219269103,11.0,1204.0
2026-03-30 12:15:00,19.41617933723197,12.0,1026.0
2026-03-30 12:30:00,19.449329359165425,15.0,1342.0
2026-03-30 12:45:00,16.262899262899264,11.0,407.0
2026-03-30 13:00:00,,,
2026-03-30 13:15:00,16.441136671177265,15.0,739.0
2026-03-30 13:30:00,18.832094175960346,16.0,1614.0
2026-03-30 13:45:00,16.97222222222222,14.0,936.0
2026-03-30 14:00:00,17.59934426229508,16.0,1525.0
2026-03-30 14:15:00,15.87127659574468,14.0,940.0
2026-03-30 14:30:00,,,
2026-03-30 14:45:00,13.276422764227643,10.0,123.0
2026-03-30 15:00:00,17.183809523809522,17.0,1050.0
2026-03-30 15:15:00,15.177713037144938,17.0,1373.0
2026-03-30 15:30:00,16.228891149542218,17.0,983.0
2026-03-30 15:45:00,17.622996515679443,17.0,1435.0
2026-03-30 16:00:00,,,
2026-03-30 16:15:00,,,
2026-03-30 16:30:00,20.672603901611534,20.0,1179.0
2026-03-30 16:45:00,21.305154639175257,22.0,970.0
2026-03-30 17:00:00,20.217194570135746,20.0,1326.0
2026-03-30 17:15:00,16.929861111111112,17.0,1440.0
2026-03-30 17:30:00,18.32843137254902,20.0,408.0
2026-03-30 17:45:00,18.84431137724551,19.0,334.0
2026-03-30 18:00:00,20.50257731958763,18.0,388.0
2026-03-30 18:15:00,20.103448275862068,17.0,899.0
2026-03-30 18:30:00,17.953783939919123,13.0,1731.0
2026-03-30 18:45:00,16.79477196885428,13.0,1798.0
2026-03-30 19:00:00,19.195443645083934,19.0,834.0
2026-03-30 19:15:00,15.848648648648648,11.0,185.0
2026-03-30 19:30:00,17.206349206349206,13.0,1260.0
2026-03-30 19:45:00,13.740396530359355,10.0,1614.0
2026-03-30 20:00:00,12.04655326768129,7.0,1117.0
2026-03-30 20:15:00,13.35501066098081,9.0,938.0
2026-03-30 20:30:00,28.549951503394762,9.0,1031.0
2026-03-30 20:45:00,16.96527777777778,12.0,864.0
2026-03-30 21:00:00,27.567901234567902,7.0,810.0
2026-03-30 21:15:00,14.13662239089184,6.0,527.0
2026-03-30 21:30:00,14.274358974358975,7.0,390.0
2026-03-30 21:45:00,12.533442088091354,7.0,613.0
2026-03-30 22:00:00,14.098484848484848,10.0,396.0
2026-03-30 22:15:00,16.06086956521739,12.0,345.0
2026-03-30 22:30:00,17.01002004008016,10.0,499.0
2026-03-30 22:45:00,13.755434782608695,7.0,368.0
2026-03-30 23:00:00,18.008426966292134,18.0,356.0
2026-03-30 23:15:00,15.986301369863014,18.0,219.0
2026-03-30 23:30:00,10.684848484848485,6.0,165.0
2026-03-30 23:45:00,6.6866666666666665,6.0,150.0
2026-03-31 00:00:00,,,
2026-03-31 00:15:00,,,
2026-03-31 00:30:00,,,
2026-03-31 00:45:00,,,
2026-03-31 01:00:00,,,
2026-03-31 01:15:00,,,
2026-03-31 01:30:00,,,
2026-03-31 01:45:00,,,
2026-03-31 02:00:00,,,
2026-03-31 02:15:00,,,
2026-03-31 02:30:00,,,
2026-03-31 02:45:00,11.0,11.0,1.0
2026-03-31 03:00:00,,,
2026-03-31 03:15:00,9.214285714285714,11.0,28.0
2026-03-31 03:30:00,8.738095238095237,11.0,126.0
2026-03-31 03:45:00,12.555555555555555,12.0,36.0
2026-03-31 04:00:00,10.934362934362934,11.0,259.0
2026-03-31 04:15:00,14.480278422273782,11.0,862.0
2026-03-31 04:30:00,12.969849246231156,11.0,398.0
2026-03-31 04:45:00,12.683602771362587,11.0,433.0
2026-03-31 05:00:00,11.512084592145015,10.0,1324.0
2026-03-31 05:15:00,11.86040268456376,11.0,1490.0
2026-03-31 05:30:00,11.382863990413421,10.0,1669.0
2026-03-31 05:45:00,12.873782625633035,11.0,2567.0
2026-03-31 06:00:00,15.028,11.0,1500.0
2026-03-31 06:15:00,17.38470191226097,13.0,1778.0
2026-03-31 06:30:00,16.0121107266436,12.0,2312.0
2026-03-31 06:45:00,17.421310744538566,13.0,2243.0
2026-03-31 07:00:00,15.409480122324158,11.0,3270.0
2026-03-31 07:15:00,16.722681359044994,11.0,2178.0
2026-03-31 07:30:00,20.086901229334465,19.0,2359.0
2026-03-31 07:45:00,16.950597176981542,12.0,1842.0
2026-03-31 08:00:00,20.29224376731302,19.0,1444.0
2026-03-31 08:15:00,17.767772511848342,14.0,1899.0
2026-03-31 08:30:00,19.611263736263737,19.0,2184.0
2026-03-31 08:45:00,20.759243697478993,19.0,2380.0
2026-03-31 09:00:00,20.803299492385786,18.0,1576.0
2026-03-31 09:15:00,20.96272727272727,18.0,1100.0
2026-03-31 09:30:00,24.102991944764096,21.0,1738.0
2026-03-31 09:45:00,24.651248843663275,21.0,1081.0
2026-03-31 10:00:00,26.8256,21.0,1875.0
2026-03-31 10:15:00,23.184177215189873,16.0,1580.0
2026-03-31 10:30:00,25.225352112676056,16.0,1207.0
2026-03-31 10:45:00,24.601433691756274,14.0,1395.0
2026-03-31 11:00:00,21.990747879722438,14.0,1297.0
2026-03-31 11:15:00,24.262506724045185,15.0,1859.0
2026-03-31 11:30:00,21.679509632224168,14.0,1142.0
2026-03-31 11:45:00,24.560948081264108,18.0,886.0
2026-03-31 12:00:00,25.679536679536678,18.0,1036.0
2026-03-31 12:15:00,22.696969696969695,16.0,726.0
2026-03-31 12:30:00,24.753614457831326,18.0,1660.0
2026-03-31 12:45:00,28.10228166797797,26.0,1271.0
2026-03-31 13:00:00,23.397868561278862,16.0,1126.0
2026-03-31 13:15:00,24.878260869565217,18.0,805.0
2026-03-31 13:30:00,24.439509059029806,22.0,1711.0
2026-03-31 13:45:00,24.1218487394958,22.0,1190.0
2026-03-31 14:00:00,17.05983545250561,13.0,1337.0
2026-03-31 14:15:00,16.677319587628865,13.0,970.0
2026-03-31 14:30:00,18.69494756911344,15.0,1049.0
2026-03-31 14:45:00,21.327639751552795,18.0,1288.0
2026-03-31 15:00:00,17.37600716204118,15.0,1117.0
2026-03-31 15:15:00,20.88061224489796,22.0,980.0
2026-03-31 15:30:00,15.65107057890563,12.0,1261.0
2026-03-31 15:45:00,19.394154818325436,22.0,1266.0
2026-03-31 16:00:00,16.929378531073446,12.0,1062.0
2026-03-31 16:15:00,20.070842654735273,15.0,1341.0
2026-03-31 16:30:00,18.09671848013817,12.0,1158.0
2026-03-31 16:45:00,15.365911799761621,12.0,1678.0
2026-03-31 17:00:00,18.77061556329849,15.0,1722.0
2026-03-31 17:15:00,17.089026915113873,12.0,1449.0
2026-03-31 17:30:00,13.607142857142858,9.0,1288.0
2026-03-31 17:45:00,18.598096632503662,15.0,1366.0
2026-03-31 18:00:00,15.998317914213624,11.0,1189.0
2026-03-31 18:15:00,16.6382036685642,15.0,1581.0
2026-03-31 18:30:00,12.56156620298815,10.0,1941.0
2026-03-31 18:45:00,14.218671992011982,11.0,2003.0
2026-03-31 19:00:00,14.169986719787516,11.0,753.0
2026-03-31 19:15:00,15.250366032210835,11.0,1366.0
2026-03-31 19:30:00,15.3384,11.0,1250.0
2026-03-31 19:45:00,20.16464339908953,16.0,1318.0
2026-03-31 20:00:00,19.95233106338397,16.0,1909.0
2026-03-31 20:15:00,19.756836659275685,15.0,1353.0
2026-03-31 20:30:00,20.354933726067745,16.0,1358.0
2026-03-31 20:45:00,18.83097418817652,16.0,1201.0
2026-03-31 21:00:00,17.14267185473411,15.0,771.0
2026-03-31 21:15:00,22.03501628664495,18.0,1228.0
2026-03-31 21:30:00,18.711785297549593,11.0,857.0
2026-03-31 21:45:00,21.535282258064516,18.0,992.0
2026-03-31 22:00:00,24.932827735644636,28.0,923.0
2026-03-31 22:15:00,24.720388349514565,20.0,515.0
2026-03-31 22:30:00,24.714285714285715,20.0,546.0
2026-03-31 22:45:00,17.590686274509803,11.0,408.0
2026-03-31 23:00:00,16.866213151927436,9.0,441.0
2026-03-31 23:15:00,14.556862745098039,9.0,255.0
2026-03-31 23:30:00,16.47826086956522,9.0,138.0
2026-03-31 23:45:00,13.524193548387096,9.0,124.0
2026-04-01 00:00:00,,,
2026-04-01 00:15:00,,,
2026-04-01 00:30:00,,,
2026-04-01 00:45:00,,,
2026-04-01 01:00:00,,,
2026-04-01 01:15:00,,,
2026-04-01 01:30:00,,,
2026-04-01 01:45:00,,,
2026-04-01 02:00:00,,,
2026-04-01 02:15:00,,,
2026-04-01 02:30:00,,,
2026-04-01 02:45:00,8.0,8.0,59.0
2026-04-01 03:00:00,0.5,0.5,2.0
2026-04-01 03:15:00,,,
2026-04-01 03:30:00,8.455172413793104,8.0,145.0
2026-04-01 03:45:00,8.688311688311689,8.0,77.0
2026-04-01 04:00:00,10.066079295154186,8.0,227.0
2026-04-01 04:15:00,10.152133580705009,8.0,539.0
2026-04-01 04:30:00,10.87363304981774,8.0,823.0
2026-04-01 04:45:00,12.216383307573416,8.0,647.0
2026-04-01 05:00:00,11.438036809815952,8.0,815.0
2026-04-01 05:15:00,13.181389870435806,13.0,849.0
2026-04-01 05:30:00,11.244086021505376,8.0,930.0
2026-04-01 05:45:00,16.651819663226508,10.0,1841.0
2026-04-01 06:00:00,15.4897792313982,9.0,1223.0
2026-04-01 06:15:00,16.162762022194823,10.0,1622.0
2026-04-01 06:30:00,15.360745115856428,8.0,2201.0
2026-04-01 06:45:00,19.57831325301205,13.0,2407.0
2026-04-01 07:00:00,14.403131115459882,9.0,2044.0
2026-04-01 07:15:00,22.729081863410222,19.0,2211.0
2026-04-01 07:30:00,22.020689655172415,19.0,1305.0
2026-04-01 07:45:00,20.546355685131196,13.0,1715.0
2026-04-01 08:00:00,26.423283582089553,19.0,1675.0
2026-04-01 08:15:00,26.551652892561982,19.0,1452.0
2026-04-01 08:30:00,22.85448577680525,17.0,1828.0
2026-04-01 08:45:00,24.871932515337424,19.0,1304.0
2026-04-01 09:00:00,26.735817104149028,19.0,1181.0
2026-04-01 09:15:00,29.008902077151337,20.0,1011.0
2026-04-01 09:30:00,26.300585556278463,14.0,1537.0
2026-04-01 09:45:00,28.91039729501268,26.0,1183.0
2026-04-01 10:00:00,24.951815181518153,13.0,1515.0
2026-04-01 10:15:00,33.43772672309552,32.0,827.0
2026-04-01 10:30:00,32.52843846949328,41.0,967.0
2026-04-01 10:45:00,24.02215868477484,12.0,1399.0
2026-04-01 11:00:00,28.257370517928287,27.0,1255.0
2026-04-01 11:15:00,31.78761822871883,32.0,1163.0
2026-04-01 11:30:00,28.016037735849057,21.0,1060.0
2026-04-01 11:45:00,20.384024577572966,12.0,1302.0
2026-04-01 12:00:00,29.30694275274056,32.0,821.0
2026-04-01 12:15:00,18.36042402826855,10.0,849.0
2026-04-01 12:30:00,21.148185483870968,12.0,992.0
2026-04-01 12:45:00,16.87008547008547,10.0,1755.0
2026-04-01 13:00:00,25.022702702702702,16.0,925.0
2026-04-01 13:15:00,20.010966415352982,12.0,1459.0
2026-04-01 13:30:00,17.54062838569881,9.0,923.0
2026-04-01 13:45:00,20.16652059596845,13.0,1141.0
2026-04-01 14:00:00,19.233818770226538,13.0,1236.0
2026-04-01 14:15:00,20.99230769230769,15.0,1300.0
2026-04-01 14:30:00,20.529558701082433,18.0,1201.0
2026-04-01 14:45:00,19.0071661237785,14.0,1535.0
2026-04-01 15:00:00,17.49265785609398,12.0,1362.0
2026-04-01 15:15:00,17.7739898989899,12.0,792.0
2026-04-01 15:30:00,19.013204225352112,23.0,1136.0
2026-04-01 15:45:00,16.32175121612231,10.0,1439.0
2026-04-01 16:00:00,19.482254697286013,11.0,958.0
2026-04-01 16:15:00,17.516509433962263,11.0,1272.0
2026-04-01 16:30:00,19.58472553699284,12.0,838.0
2026-04-01 16:45:00,19.43107476635514,12.0,856.0
2026-04-01 17:00:00,17.04638009049774,11.0,884.0
2026-04-01 17:15:00,16.697342838626053,12.0,1543.0
2026-04-01 17:30:00,15.92220421393841,11.0,1234.0
2026-04-01 17:45:00,17.057924888605985,12.0,1571.0
2026-04-01 18:00:00,16.09605911330049,11.0,1624.0
2026-04-01 18:15:00,17.97492354740061,15.0,1635.0
2026-04-01 18:30:00,15.875565610859729,11.0,884.0
2026-04-01 18:45:00,18.18716577540107,15.0,1122.0
2026-04-01 19:00:00,15.46062271062271,12.0,1092.0
2026-04-01 19:15:00,15.975506756756756,12.0,1184.0
2026-04-01 19:30:00,15.815063887020848,11.0,1487.0
2026-04-01 19:45:00,16.92067510548523,17.0,1185.0
2026-04-01 20:00:00,17.134831460674157,17.0,1602.0
2026-04-01 20:15:00,16.32412327311371,14.0,941.0
2026-04-01 20:30:00,15.077762619372441,12.0,1466.0
2026-04-01 20:45:00,19.543494996150887,17.0,1299.0
2026-04-01 21:00:00,20.016873889875665,20.0,1126.0
2026-04-01 21:15:00,18.815542271562766,18.0,1171.0
2026-04-01 21:30:00,20.33266129032258,20.0,496.0
2026-04-01 21:45:00,21.014893617021276,20.0,470.0
2026-04-01 22:00:00,19.38910012674271,18.0,789.0
2026-04-01 22:15:00,21.426688632619438,18.0,607.0
2026-04-01 22:30:00,19.18608169440242,18.0,661.0
2026-04-01 22:45:00,18.150537634408604,18.0,372.0
2026-04-01 23:00:00,18.11953352769679,18.0,343.0
2026-04-01 23:15:00,18.550898203592816,18.0,167.0
2026-04-01 23:30:00,12.803030303030303,12.0,132.0
2026-04-01 23:45:00,10.090909090909092,8.0,110.0
2026-04-02 00:00:00,,,
2026-04-02 00:15:00,,,
2026-04-02 00:30:00,,,
2026-04-02 00:45:00,,,
2026-04-02 01:00:00,,,
2026-04-02 01:15:00,,,
2026-04-02 01:30:00,,,
2026-04-02 01:45:00,,,
2026-04-02 02:00:00,,,
2026-04-02 02:15:00,,,
2026-04-02 02:30:00,,,
2026-04-02 02:45:00,6.345454545454546,6.0,55.0
2026-04-02 03:00:00,6.356435643564357,6.0,101.0
2026-04-02 03:15:00,7.759002770083103,6.0,361.0
2026-04-02 03:30:00,9.968957871396896,6.0,451.0
2026-04-02 03:45:00,10.722222222222221,8.0,108.0
2026-04-02 04:00:00,9.8560794044665,7.0,403.0
2026-04-02 04:15:00,10.342323651452283,7.0,964.0
2026-04-02 04:30:00,8.736024844720497,6.0,644.0
2026-04-02 04:45:00,8.304502369668246,7.0,844.0
2026-04-02 05:00:00,9.076325088339223,7.0,1415.0
2026-04-02 05:15:00,12.4799186578546,7.0,1967.0
2026-04-02 05:30:00,10.546732255797611,7.0,1423.0
2026-04-02 05:45:00,15.090359168241966,9.0,2645.0
2026-04-02 06:00:00,12.368914694059848,8.0,2239.0
2026-04-02 06:15:00,12.494132572153505,8.0,3153.0
2026-04-02 06:30:00,14.252184273232725,9.0,2518.0
2026-04-02 06:45:00,14.428523263654753,10.0,2966.0
2026-04-02 07:00:00,16.63625077591558,11.0,4833.0
2026-04-02 07:15:00,14.985798816568048,10.0,3380.0
2026-04-02 07:30:00,15.57906976744186,10.0,2580.0
2026-04-02 07:45:00,16.991096271563716,11.0,1797.0
2026-04-02 08:00:00,16.407006697578566,10.0,3882.0
2026-04-02 08:15:00,16.721234798877454,11.0,2138.0
2026-04-02 08:30:00,15.975600309837336,10.0,2582.0
2026-04-02 08:45:00,20.73229571984436,17.0,1285.0
2026-04-02 09:00:00,15.833333333333334,9.0,1536.0
2026-04-02 09:15:00,19.31487603305785,13.0,2420.0
2026-04-02 09:30:00,22.42096964919196,23.0,2537.0
2026-04-02 09:45:00,23.516583371194912,23.0,2201.0
2026-04-02 10:00:00,22.414205607476635,22.0,2675.0
2026-04-02 10:15:00,17.884992264053636,12.0,1939.0
2026-04-02 10:30:00,18.672769770159718,12.0,2567.0
2026-04-02 10:45:00,21.96649214659686,22.0,1910.0
2026-04-02 11:00:00,23.332572298325722,22.0,1314.0
2026-04-02 11:15:00,18.639130434782608,13.0,1840.0
2026-04-02 11:30:00,16.421875,10.0,2432.0
2026-04-02 11:45:00,21.50533462657614,15.0,2062.0
2026-04-02 12:00:00,17.568493150684933,9.0,2044.0
2026-04-02 12:15:00,14.93188622754491,9.0,1336.0
2026-04-02 12:30:00,19.744897959183675,12.0,1470.0
2026-04-02 12:45:00,18.85258215962441,12.0,2130.0
2026-04-02 13:00:00,12.42887383573243,8.0,2362.0
2026-04-02 13:15:00,19.600355239786857,13.0,2252.0
2026-04-02 13:30:00,24.870273109243698,24.0,1904.0
2026-04-02 13:45:00,15.517015706806284,8.0,2292.0
2026-04-02 14:00:00,18.175520833333334,10.0,1920.0
2026-04-02 14:15:00,16.959016393442624,10.0,2562.0
2026-04-02 14:30:00,18.49247412982126,13.0,2126.0
2026-04-02 14:45:00,18.126666666666665,13.0,2550.0
2026-04-02 15:00:00,14.68131868131868,10.0,1456.0
2026-04-02 15:15:00,22.82685069008783,24.0,1594.0
2026-04-02 15:30:00,17.76070623591285,13.0,2662.0
2026-04-02 15:45:00,18.052415210688594,13.0,1946.0
2026-04-02 16:00:00,20.71506211180124,17.0,1288.0
2026-04-02 16:15:00,17.622581576667628,9.0,3463.0
2026-04-02 16:30:00,22.52550571679859,23.0,2274.0
2026-04-02 16:45:00,20.64306784660767,16.0,2034.0
2026-04-02 17:00:00,16.876789222565254,9.0,3563.0
2026-04-02 17:15:00,21.30598576810381,16.0,2389.0
2026-04-02 17:30:00,17.474013474494708,10.0,2078.0
2026-04-02 17:45:00,15.031674208144796,8.0,1105.0
2026-04-02 18:00:00,18.7175704989154,11.0,2305.0
2026-04-02 18:15:00,19.590781563126253,12.0,2495.0
2026-04-02 18:30:00,21.730118443316414,13.0,2364.0
2026-04-02 18:45:00,17.100561510974988,10.0,1959.0
2026-04-02 19:00:00,25.930512249443208,16.0,2245.0
2026-04-02 19:15:00,20.851168511685117,13.0,1626.0
2026-04-02 19:30:00,18.05721482547679,10.0,2779.0
2026-04-02 19:45:00,26.031117397454032,23.0,2121.0
2026-04-02 20:00:00,23.378803245436107,13.0,1972.0
2026-04-02 20:15:00,17.266860465116277,10.0,3440.0
2026-04-02 20:30:00,24.79049295774648,15.0,2272.0
2026-04-02 20:45:00,23.47746598639456,15.0,2352.0
2026-04-02 21:00:00,18.671182716953496,10.0,2731.0
2026-04-02 21:15:00,21.457538994800693,11.0,1731.0
2026-04-02 21:30:00,18.708185053380785,10.0,2248.0
2026-04-02 21:45:00,22.61924009700889,11.0,1237.0
2026-04-02 22:00:00,17.209119496855347,9.0,1272.0
2026-04-02 22:15:00,18.813924050632913,9.0,790.0
2026-04-02 22:30:00,23.967658473479947,15.0,773.0
2026-04-02 22:45:00,23.061904761904763,15.0,840.0
2026-04-02 23:00:00,21.67905056759546,15.0,969.0
2026-04-02 23:15:00,17.61111111111111,5.5,540.0
2026-04-02 23:30:00,15.5,5.0,288.0
2026-04-02 23:45:00,12.660550458715596,5.0,218.0
2026-04-03 00:00:00,,,
2026-04-03 00:15:00,,,
2026-04-03 00:30:00,,,
2026-04-03 00:45:00,,,
2026-04-03 01:00:00,,,
2026-04-03 01:15:00,,,
2026-04-03 01:30:00,,,
2026-04-03 01:45:00,,,
2026-04-03 02:00:00,,,
2026-04-03 02:15:00,,,
2026-04-03 02:30:00,,,
2026-04-03 02:45:00,,,
2026-04-03 03:00:00,3.6666666666666665,6.0,3.0
2026-04-03 03:15:00,5.151515151515151,4.0,33.0
2026-04-03 03:30:00,,,
2026-04-03 03:45:00,6.296296296296297,6.0,81.0
2026-04-03 04:00:00,9.856,6.0,375.0
2026-04-03 04:15:00,12.685714285714285,6.0,210.0
2026-04-03 04:30:00,10.642722117202268,6.0,529.0
2026-04-03 04:45:00,8.88141592920354,6.0,565.0
2026-04-03 05:00:00,7.7526555386949925,6.0,659.0
2026-04-03 05:15:00,6.152610441767068,5.0,498.0
2026-04-03 05:30:00,9.776315789473685,6.0,760.0
2026-04-03 05:45:00,11.065454545454546,6.0,825.0
2026-04-03 06:00:00,11.505917159763314,7.0,676.0
2026-04-03 06:15:00,13.374468085106383,8.0,705.0
2026-04-03 06:30:00,16.64681208053691,15.0,1192.0
2026-04-03 06:45:00,13.785714285714286,9.0,1134.0
2026-04-03 07:00:00,17.339124391938846,15.0,1439.0
2026-04-03 07:15:00,16.32052401746725,12.0,1145.0
2026-04-03 07:30:00,17.037226277372262,12.0,1370.0
2026-04-03 07:45:00,19.5766092475068,12.0,1103.0
2026-04-03 08:00:00,22.71240105540897,20.0,1516.0
2026-04-03 08:15:00,20.866715222141295,14.0,1373.0
2026-04-03 08:30:00,18.08131655372701,12.0,1033.0
2026-04-03 08:45:00,19.074319352465047,10.0,1359.0
2026-04-03 09:00:00,17.8135593220339,12.0,1062.0
2026-04-03 09:15:00,21.109550561797754,17.0,1068.0
2026-04-03 09:30:00,20.037832310838446,14.0,978.0
2026-04-03 09:45:00,17.27882736156352,10.0,1535.0
2026-04-03 10:00:00,22.481283422459892,18.0,935.0
2026-04-03 10:15:00,24.178571428571427,18.0,924.0
2026-04-03 10:30:00,24.6969111969112,18.0,1036.0
2026-04-03 10:45:00,22.11492122335496,17.0,1079.0
2026-04-03 11:00:00,23.24056603773585,18.0,848.0
2026-04-03 11:15:00,17.891402714932127,12.0,884.0
2026-04-03 11:30:00,19.096481271282634,13.0,881.0
2026-04-03 11:45:00,21.073466476462198,15.0,1402.0
2026-04-03 12:00:00,22.080856123662308,18.0,841.0
2026-04-03 12:15:00,27.123090745732256,27.0,1113.0
2026-04-03 12:30:00,26.0126404494382,18.0,712.0
2026-04-03 12:45:00,19.843614248479582,13.0,1151.0
2026-04-03 13:00:00,19.980725623582767,15.0,882.0
2026-04-03 13:15:00,17.36889332003988,12.0,1003.0
2026-04-03 13:30:00,22.444893832153692,15.0,989.0
2026-04-03 13:45:00,22.81264367816092,18.0,870.0
2026-04-03 14:00:00,26.412515964240104,27.0,1566.0
2026-04-03 14:15:00,25.279596977329973,26.0,794.0
2026-04-03 14:30:00,20.618035190615835,13.0,1364.0
2026-04-03 14:45:00,23.82875264270613,24.0,946.0
2026-04-03 15:00:00,22.344827586206897,17.0,986.0
2026-04-03 15:15:00,21.850294985250738,24.0,1356.0
2026-04-03 15:30:00,18.61,12.0,1200.0
2026-04-03 15:45:00,19.866225165562913,13.0,755.0
2026-04-03 16:00:00,19.0409429280397,13.5,806.0
2026-04-03 16:15:00,22.938543247344462,24.0,1318.0
2026-04-03 16:30:00,20.716176470588234,24.0,680.0
2026-04-03 16:45:00,23.059745347698335,24.0,1021.0
2026-04-03 17:00:00,25.66332288401254,24.0,1595.0
2026-04-03 17:15:00,24.58160621761658,24.0,772.0
2026-04-03 17:30:00,25.831987075928918,22.0,1238.0
2026-04-03 17:45:00,18.718911917098445,14.0,772.0
2026-04-03 18:00:00,25.194602272727273,23.0,704.0
2026-04-03 18:15:00,27.864864864864863,23.0,962.0
2026-04-03 18:30:00,32.47569721115538,30.0,1255.0
2026-04-03 18:45:00,25.08312958435208,23.0,818.0
2026-04-03 19:00:00,25.68831168831169,22.0,847.0
2026-04-03 19:15:00,25.865853658536587,23.0,656.0
2026-04-03 19:30:00,21.79835953520164,14.0,1463.0
2026-04-03 19:45:00,20.909005628517825,13.0,1066.0
2026-04-03 20:00:00,19.171099928109275,10.0,1391.0
2026-04-03 20:15:00,29.67458432304038,23.0,842.0
2026-04-03 20:30:00,14.772667542706964,9.0,761.0
2026-04-03 20:45:00,16.427884615384617,10.0,832.0
2026-04-03 21:00:00,20.516233766233768,11.0,924.0
2026-04-03 21:15:00,19.65437788018433,10.0,1085.0
2026-04-03 21:30:00,20.16651745747538,10.0,1117.0
2026-04-03 21:45:00,24.951342281879196,23.0,596.0
2026-04-03 22:00:00,24.38323353293413,11.0,668.0
2026-04-03 22:15:00,26.22444889779559,23.0,499.0
2026-04-03 22:30:00,23.266816143497756,15.0,446.0
2026-04-03 22:45:00,17.746987951807228,9.0,415.0
2026-04-03 23:00:00,19.906593406593405,15.0,364.0
2026-04-03 23:15:00,15.941176470588236,5.0,204.0
2026-04-03 23:30:00,19.27319587628866,6.0,194.0
2026-04-03 23:45:00,18.86466165413534,6.0,133.0
2026-04-04 00:00:00,,,
2026-04-04 00:15:00,,,
2026-04-04 00:30:00,,,
2026-04-04 00:45:00,,,
2026-04-04 01:00:00,,,
2026-04-04 01:15:00,,,
2026-04-04 01:30:00,,,
2026-04-04 01:45:00,,,
2026-04-04 02:00:00,,,
2026-04-04 02:15:00,,,
2026-04-04 02:30:00,11.0,11.0,1.0
2026-04-04 02:45:00,11.0,11.0,2.0
2026-04-04 03:00:00,11.0,11.0,28.0
2026-04-04 03:15:00,7.916666666666667,10.0,12.0
2026-04-04 03:30:00,5.654545454545454,2.0,55.0
2026-04-04 03:45:00,5.857142857142857,2.0,14.0
2026-04-04 04:00:00,7.142857142857143,11.0,42.0
2026-04-04 04:15:00,21.073170731707318,23.0,82.0
2026-04-04 04:30:00,10.984276729559749,5.0,318.0
2026-04-04 04:45:00,13.777027027027026,11.0,296.0
2026-04-04 05:00:00,7.809523809523809,11.0,357.0
2026-04-04 05:15:00,10.738532110091743,9.0,436.0
2026-04-04 05:30:00,8.079113924050633,7.0,632.0
2026-04-04 05:45:00,12.239669421487603,9.0,726.0
2026-04-04 06:00:00,13.153567110036276,11.0,827.0
2026-04-04 06:15:00,16.431818181818183,13.0,1584.0
2026-04-04 06:30:00,16.115628970775095,13.0,787.0
2026-04-04 06:45:00,17.641073080481036,13.0,1081.0
2026-04-04 07:00:00,17.438574938574938,13.0,814.0
2026-04-04 07:15:00,18.817184643510053,15.0,1094.0
2026-04-04 07:30:00,16.990977443609022,13.0,1330.0
2026-04-04 07:45:00,16.429796355841372,13.0,933.0
2026-04-04 08:00:00,19.553648068669528,14.0,1165.0
2026-04-04 08:15:00,18.285595337218986,13.0,1201.0
2026-04-04 08:30:00,17.6600790513834,13.0,1518.0
2026-04-04 08:45:00,20.24326833797586,14.0,1077.0
2026-04-04 09:00:00,20.27561556791104,14.0,1259.0
2026-04-04 09:15:00,20.22272317403066,14.0,1109.0
2026-04-04 09:30:00,23.385376999238385,14.0,1313.0
2026-04-04 09:45:00,20.03346994535519,12.0,1464.0
2026-04-04 10:00:00,23.824680210684726,12.0,1329.0
2026-04-04 10:15:00,33.85239567233385,18.0,1294.0
2026-04-04 10:30:00,25.53364632237872,11.0,1278.0
2026-04-04 10:45:00,34.35758323057953,20.0,1622.0
2026-04-04 11:00:00,21.393767705382437,10.0,706.0
2026-04-04 11:15:00,37.78529603122967,27.0,1537.0
2026-04-04 11:30:00,38.44671532846716,17.0,1370.0
2026-04-04 11:45:00,40.650263620386646,20.0,1138.0
2026-04-04 12:00:00,35.485335856196784,12.0,1057.0
2026-04-04 12:15:00,35.80907372400756,12.0,1587.0
2026-04-04 12:30:00,39.798685291700906,39.0,1217.0
2026-04-04 12:45:00,40.120666666666665,39.0,1500.0
2026-04-04 13:00:00,34.3756038647343,8.0,828.0
2026-04-04 13:15:00,54.09164818920917,52.0,1353.0
2026-04-04 13:30:00,46.41628365068943,51.0,1523.0
2026-04-04 13:45:00,38.88445503275759,40.0,1679.0
2026-04-04 14:00:00,42.32648125755744,48.0,827.0
2026-04-04 14:15:00,43.673396674584325,51.0,842.0
2026-04-04 14:30:00,36.904761904761905,31.0,1302.0
2026-04-04 14:45:00,33.72627737226277,37.0,822.0
2026-04-04 15:00:00,28.20705882352941,11.0,850.0
2026-04-04 15:15:00,34.6495278069255,45.0,953.0
2026-04-04 15:30:00,27.927884615384617,16.0,1248.0
2026-04-04 15:45:00,28.265570934256054,22.0,1156.0
2026-04-04 16:00:00,33.7468671679198,45.0,798.0
2026-04-04 16:15:00,30.97292863002461,40.0,1219.0
2026-04-04 16:30:00,21.626463700234194,13.0,854.0
2026-04-04 16:45:00,21.61425339366516,11.0,884.0
2026-04-04 17:00:00,22.179861644888547,11.0,1301.0
2026-04-04 17:15:00,30.19612314709236,34.0,877.0
2026-04-04 17:30:00,29.346820809248555,22.0,865.0
2026-04-04 17:45:00,23.869610935856993,11.0,951.0
2026-04-04 18:00:00,27.05006257822278,19.0,799.0
2026-04-04 18:15:00,22.68718592964824,13.0,796.0
2026-04-04 18:30:00,28.85304846274101,19.0,1919.0
2026-04-04 18:45:00,24.947026022304833,17.0,1076.0
2026-04-04 19:00:00,31.20877458396369,34.0,1322.0
2026-04-04 19:15:00,29.431088082901553,24.0,965.0
2026-04-04 19:30:00,25.73961218836565,17.0,1444.0
2026-04-04 19:45:00,29.51619644723093,19.0,957.0
2026-04-04 20:00:00,27.178097345132745,19.0,904.0
2026-04-04 20:15:00,29.784362139917697,19.0,1215.0
2026-04-04 20:30:00,27.54062186559679,19.0,997.0
2026-04-04 20:45:00,25.8213866039953,17.0,851.0
2026-04-04 21:00:00,20.486315789473686,15.0,950.0
2026-04-04 21:15:00,21.4375,15.0,912.0
2026-04-04 21:30:00,16.827683615819208,10.0,708.0
2026-04-04 21:45:00,19.72538860103627,10.0,579.0
2026-04-04 22:00:00,18.132295719844358,10.0,771.0
2026-04-04 22:15:00,22.260096930533116,11.0,619.0
2026-04-04 22:30:00,21.6779324055666,11.0,503.0
2026-04-04 22:45:00,20.02734375,11.0,512.0
2026-04-04 23:00:00,21.002666666666666,14.0,375.0
2026-04-04 23:15:00,20.81132075471698,14.0,212.0
2026-04-04 23:30:00,12.992537313432836,11.0,134.0
2026-04-04 23:45:00,9.22463768115942,7.0,138.0
2026-04-05 00:00:00,,,
2026-04-05 00:15:00,,,
2026-04-05 00:30:00,,,
2026-04-05 00:45:00,,,
2026-04-05 01:00:00,,,
2026-04-05 01:15:00,,,
2026-04-05 01:30:00,,,
2026-04-05 01:45:00,,,
2026-04-05 02:00:00,,,
2026-04-05 02:15:00,,,
2026-04-05 02:30:00,,,
2026-04-05 02:45:00,3.0,3.0,10.0
2026-04-05 03:00:00,13.1625,5.0,80.0
2026-04-05 03:15:00,7.51304347826087,5.0,115.0
2026-04-05 03:30:00,9.979674796747968,5.0,246.0
2026-04-05 03:45:00,5.013186813186813,3.0,455.0
2026-04-05 04:00:00,5.5,5.0,478.0
2026-04-05 04:15:00,6.747088186356073,5.0,1202.0
2026-04-05 04:30:00,8.795219638242894,6.0,1548.0
2026-04-05 04:45:00,-0.6087912087912087,3.0,455.0
2026-04-05 05:00:00,7.415894685519259,5.0,2051.0
2026-04-05 05:15:00,6.840477482365708,5.0,1843.0
2026-04-05 05:30:00,7.304017857142857,5.0,2240.0
2026-04-05 05:45:00,11.467928496319663,10.0,1902.0
2026-04-05 06:00:00,8.098203592814372,8.0,4175.0
2026-04-05 06:15:00,12.885740612762037,12.0,4341.0
2026-04-05 06:30:00,12.940538368822821,13.0,2489.0
2026-04-05 06:45:00,12.355812122802414,8.0,3811.0
2026-04-05 07:00:00,10.840952123343252,8.0,3697.0
2026-04-05 07:15:00,14.191489361702128,13.0,2444.0
2026-04-05 07:30:00,12.420457838307737,11.0,3451.0
2026-04-05 07:45:00,13.236414423565261,11.0,3938.0
2026-04-05 08:00:00,13.548060708263069,11.0,2965.0
2026-04-05 08:15:00,15.03972088030059,12.0,1863.0
2026-04-05 08:30:00,16.00964320154291,15.0,3111.0
2026-04-05 08:45:00,12.863225499524262,10.0,4204.0
2026-04-05 09:00:00,13.780135440180587,11.0,2215.0
2026-04-05 09:15:00,14.622177185871454,12.0,3454.0
2026-04-05 09:30:00,14.878210678210678,12.0,3465.0
2026-04-05 09:45:00,16.36024844720497,15.0,2898.0
2026-04-05 10:00:00,16.005464480874316,14.0,2928.0
2026-04-05 10:15:00,17.087177316969953,14.0,2363.0
2026-04-05 10:30:00,18.285041224970552,15.0,4245.0
2026-04-05 10:45:00,14.892532378065583,11.0,3629.0
2026-04-05 11:00:00,21.37358784573432,23.0,2567.0
2026-04-05 11:15:00,18.077038820343063,14.0,3323.0
2026-04-05 11:30:00,17.53271484375,14.0,4096.0
2026-04-05 11:45:00,17.41494935382466,13.0,2863.0
2026-04-05 12:00:00,16.415481832543446,14.0,2532.0
2026-04-05 12:15:00,20.283236994219653,18.0,2422.0
2026-04-05 12:30:00,17.604401228249746,14.0,1954.0
2026-04-05 12:45:00,13.150986691142727,8.0,2179.0
2026-04-05 13:00:00,20.08432022738039,15.0,2111.0
2026-04-05 13:15:00,18.222685185185185,13.0,2160.0
2026-04-05 13:30:00,21.06178050652341,15.0,2606.0
2026-04-05 13:45:00,19.805860805860807,13.0,2730.0
2026-04-05 14:00:00,19.8155002891845,13.0,3458.0
2026-04-05 14:15:00,18.669471153846153,13.0,2496.0
2026-04-05 14:30:00,20.35859089398471,14.0,3009.0
2026-04-05 14:45:00,22.667687169496244,16.0,3593.0
2026-04-05 15:00:00,21.250298448070037,16.0,2513.0
2026-04-05 15:15:00,22.920467185761957,19.0,1798.0
2026-04-05 15:30:00,19.77466504263094,13.0,2463.0
2026-04-05 15:45:00,21.817847286108556,15.0,3261.0
2026-04-05 16:00:00,25.483245149911816,19.0,2268.0
2026-04-05 16:15:00,28.933521923620933,28.0,2121.0
2026-04-05 16:30:00,29.161099365750527,25.0,2365.0
2026-04-05 16:45:00,24.51146953405018,16.0,2790.0
2026-04-05 17:00:00,22.625743086068752,15.0,3869.0
2026-04-05 17:15:00,22.3996062992126,16.0,2540.0
2026-04-05 17:30:00,18.67303213786679,13.0,2147.0
2026-04-05 17:45:00,17.29464732366183,12.0,1999.0
2026-04-05 18:00:00,21.287370103916867,13.0,2502.0
2026-04-05 18:15:00,22.94238358326756,16.0,2534.0
2026-04-05 18:30:00,23.81301027126679,16.0,3797.0
2026-04-05 18:45:00,25.67091049382716,21.0,2592.0
2026-04-05 19:00:00,23.743589743589745,17.0,2808.0
2026-04-05 19:15:00,20.3207343412527,14.0,3704.0
2026-04-05 19:30:00,24.999547920433997,16.0,2212.0
2026-04-05 19:45:00,21.836575875486382,14.0,2570.0
2026-04-05 20:00:00,22.972397094430992,16.0,2065.0
2026-04-05 20:15:00,19.02672035139092,13.0,2732.0
2026-04-05 20:30:00,18.881929750317394,15.0,2363.0
2026-04-05 20:45:00,17.106986162672968,15.0,2963.0
2026-04-05 21:00:00,19.525535420098848,16.0,1821.0
2026-04-05 21:15:00,19.384644194756554,16.0,2670.0
2026-04-05 21:30:00,14.68452380952381,6.0,2688.0
2026-04-05 21:45:00,17.224137931034484,15.0,2088.0
2026-04-05 22:00:00,19.45566692367001,16.0,1297.0
2026-04-05 22:15:00,15.902503995737879,6.0,1877.0
2026-04-05 22:30:00,16.618592528236316,6.0,1151.0
2026-04-05 22:45:00,11.218717139852787,4.0,951.0
2026-04-05 23:00:00,13.08936170212766,4.0,705.0
2026-04-05 23:15:00,10.121468926553673,4.0,708.0
2026-04-05 23:30:00,8.327205882352942,4.0,272.0
2026-04-05 23:45:00,6.401785714285714,4.0,224.0
2026-04-06 00:00:00,,,
2026-04-06 00:15:00,,,
2026-04-06 00:30:00,,,
2026-04-06 00:45:00,,,
2026-04-06 01:00:00,,,
2026-04-06 01:15:00,,,
2026-04-06 01:30:00,,,
2026-04-06 01:45:00,,,
2026-04-06 02:00:00,,,
2026-04-06 02:15:00,,,
2026-04-06 02:30:00,,,
2026-04-06 02:45:00,,,
2026-04-06 03:00:00,,,
2026-04-06 03:15:00,,,
2026-04-06 03:30:00,5.0,5.0,17.0
2026-04-06 03:45:00,6.1726190476190474,5.0,168.0
2026-04-06 04:00:00,5.018099547511312,5.0,221.0
2026-04-06 04:15:00,6.027722772277228,5.0,505.0
2026-04-06 04:30:00,4.0804248861911985,5.0,659.0
2026-04-06 04:45:00,1.860349127182045,5.0,802.0
2026-04-06 05:00:00,6.341555977229602,5.0,527.0
2026-04-06 05:15:00,6.695253955037469,5.0,1201.0
2026-04-06 05:30:00,7.050880626223092,5.0,1022.0
2026-04-06 05:45:00,8.611494252873563,8.0,870.0
2026-04-06 06:00:00,7.094017094017094,7.0,1638.0
2026-04-06 06:15:00,8.512682137075014,8.0,1853.0
2026-04-06 06:30:00,9.455489614243323,10.0,1348.0
2026-04-06 06:45:00,11.971539456662354,12.0,1546.0
2026-04-06 07:00:00,9.693740685543965,8.0,1342.0
2026-04-06 07:15:00,13.922229423201555,13.0,1543.0
2026-04-06 07:30:00,11.634786476868328,10.0,2248.0
2026-04-06 07:45:00,11.785928143712574,10.0,2004.0
2026-04-06 08:00:00,12.674187126741872,10.0,1507.0
2026-04-06 08:15:00,13.438004402054291,12.0,1363.0
2026-04-06 08:30:00,11.466996699669966,9.0,2424.0
2026-04-06 08:45:00,10.365521003818877,7.0,1833.0
2026-04-06 09:00:00,13.457119741100323,11.0,1236.0
2026-04-06 09:15:00,15.088639836984207,12.0,1963.0
2026-04-06 09:30:00,12.602124183006536,11.0,1224.0
2026-04-06 09:45:00,13.004366812227074,12.0,1603.0
2026-04-06 10:00:00,15.928325969563083,15.0,2037.0
2026-04-06 10:15:00,16.27109783420463,14.0,1339.0
2026-04-06 10:30:00,11.444012944983818,9.0,1545.0
2026-04-06 10:45:00,17.238178633975483,14.0,1713.0
2026-04-06 11:00:00,20.395803183791607,20.0,1382.0
2026-04-06 11:15:00,16.858905165767155,14.0,1297.0
2026-04-06 11:30:00,15.804749340369392,13.0,1137.0
2026-04-06 11:45:00,13.944813490035768,11.0,1957.0
2026-04-06 12:00:00,19.0,17.0,1057.0
2026-04-06 12:15:00,15.502262443438914,14.0,1105.0
2026-04-06 12:30:00,18.311195445920305,15.0,1581.0
2026-04-06 12:45:00,13.097627118644068,7.0,1475.0
2026-04-06 13:00:00,12.586673607496095,5.0,1921.0
2026-04-06 13:15:00,12.827993254637438,7.0,1779.0
2026-04-06 13:30:00,14.109124537607892,8.0,1622.0
2026-04-06 13:45:00,15.669069462647444,10.0,1526.0
2026-04-06 14:00:00,21.721574344023324,19.0,1372.0
2026-04-06 14:15:00,20.175832687838884,18.0,1291.0
2026-04-06 14:30:00,17.301670146137788,10.0,958.0
2026-04-06 14:45:00,16.56061620897522,10.0,1493.0
2026-04-06 15:00:00,14.701204819277109,10.0,1245.0
2026-04-06 15:15:00,19.224400871459697,19.0,918.0
2026-04-06 15:30:00,15.43473260494537,11.0,1739.0
2026-04-06 15:45:00,16.465034965034967,13.0,1430.0
2026-04-06 16:00:00,19.495943753380207,17.0,1849.0
2026-04-06 16:15:00,18.751651982378856,16.0,1816.0
2026-04-06 16:30:00,18.10470984020185,13.0,2378.0
2026-04-06 16:45:00,17.17654398003743,13.0,1603.0
2026-04-06 17:00:00,18.34186211798152,13.0,1407.0
2026-04-06 17:15:00,22.542304593070106,23.0,1241.0
2026-04-06 17:30:00,18.025069637883007,14.0,1795.0
2026-04-06 17:45:00,17.45703544575725,13.0,1862.0
2026-04-06 18:00:00,17.53851590106007,13.0,1415.0
2026-04-06 18:15:00,23.204524886877827,21.0,1105.0
2026-04-06 18:30:00,16.21394686907021,13.0,2108.0
2026-04-06 18:45:00,18.535987748851454,13.0,1306.0
2026-04-06 19:00:00,21.65194805194805,14.0,1925.0
2026-04-06 19:15:00,19.918840579710146,14.0,1725.0
2026-04-06 19:30:00,19.06930693069307,13.0,1111.0
2026-04-06 19:45:00,21.91941982272361,15.0,1241.0
2026-04-06 20:00:00,19.69064191802011,13.0,1293.0
2026-04-06 20:15:00,18.05542857142857,13.0,1750.0
2026-04-06 20:30:00,23.028785982478098,23.0,799.0
2026-04-06 20:45:00,18.130897009966777,13.0,1505.0
2026-04-06 21:00:00,24.238095238095237,26.0,1134.0
2026-04-06 21:15:00,20.081223628691983,16.0,948.0
2026-04-06 21:30:00,18.4027397260274,15.0,730.0
2026-04-06 21:45:00,16.99249812453113,13.0,1333.0
2026-04-06 22:00:00,16.216388225934764,15.0,1257.0
2026-04-06 22:15:00,18.696045197740112,19.0,885.0
2026-04-06 22:30:00,15.877777777777778,15.0,810.0
2026-04-06 22:45:00,13.462264150943396,9.0,530.0
2026-04-06 23:00:00,12.60117302052786,9.0,341.0
2026-04-06 23:15:00,10.40139211136891,4.0,431.0
2026-04-06 23:30:00,9.649717514124294,1.0,177.0
2026-04-06 23:45:00,5.177884615384615,1.0,208.0
2026-04-07 00:00:00,,,
2026-04-07 00:15:00,,,
2026-04-07 00:30:00,,,
2026-04-07 00:45:00,,,
2026-04-07 01:00:00,,,
2026-04-07 01:15:00,,,
2026-04-07 01:30:00,,,
2026-04-07 01:45:00,,,
2026-04-07 02:00:00,,,
2026-04-07 02:15:00,,,
2026-04-07 02:30:00,,,
2026-04-07 02:45:00,26.0,26.0,19.0
2026-04-07 03:00:00,,,
2026-04-07 03:15:00,20.258064516129032,24.0,62.0
2026-04-07 03:30:00,20.542056074766354,20.0,107.0
2026-04-07 03:45:00,18.545454545454547,20.0,308.0
2026-04-07 04:00:00,17.05703422053232,18.0,263.0
2026-04-07 04:15:00,13.756849315068493,12.0,292.0
2026-04-07 04:30:00,13.609657947686117,16.0,497.0
2026-04-07 04:45:00,13.79315831344471,12.0,1257.0
2026-04-07 05:00:00,14.818067754077791,16.0,797.0
2026-04-07 05:15:00,16.485154769425144,18.0,1583.0
2026-04-07 05:30:00,15.349040139616056,17.0,2292.0
2026-04-07 05:45:00,15.283697953422724,17.0,1417.0
2026-04-07 06:00:00,11.746401985111662,10.0,2015.0
2026-04-07 06:15:00,12.681646168401135,12.0,2114.0
2026-04-07 06:30:00,13.351136964569012,15.0,1891.0
2026-04-07 06:45:00,11.473734027449124,9.0,2113.0
2026-04-07 07:00:00,13.960731816153503,13.0,2241.0
2026-04-07 07:15:00,15.395515267175572,13.0,2096.0
2026-04-07 07:30:00,16.990160538581048,14.0,1931.0
2026-04-07 07:45:00,15.272425249169435,12.0,2408.0
2026-04-07 08:00:00,16.105992844364938,10.0,2236.0
2026-04-07 08:15:00,18.51918735891648,16.0,2215.0
2026-04-07 08:30:00,21.993384223918575,19.0,1965.0
2026-04-07 08:45:00,16.855506047103756,14.0,1571.0
2026-04-07 09:00:00,19.09984756097561,14.0,2624.0
2026-04-07 09:15:00,22.241776315789473,17.0,1216.0
2026-04-07 09:30:00,21.384952520087655,15.0,1369.0
2026-04-07 09:45:00,25.062001771479185,18.0,1129.0
2026-04-07 10:00:00,19.502544529262085,14.0,1572.0
2026-04-07 10:15:00,18.13845185651353,14.0,1589.0
2026-04-07 10:30:00,20.149777282850778,17.0,1796.0
2026-04-07 10:45:00,19.26541961577351,14.0,1978.0
2026-04-07 11:00:00,17.70964467005076,14.0,1970.0
2026-04-07 11:15:00,15.241745942921098,11.0,1787.0
2026-04-07 11:30:00,15.237668161434977,11.0,1115.0
2026-04-07 11:45:00,13.978787878787879,10.0,990.0
2026-04-07 12:00:00,14.551907719609583,14.0,1127.0
2026-04-07 12:15:00,15.169491525423728,14.0,649.0
2026-04-07 12:30:00,11.512331316891578,10.0,2149.0
2026-04-07 12:45:00,10.843547224224945,9.0,1387.0
2026-04-07 13:00:00,10.268053148469093,10.0,1731.0
2026-04-07 13:15:00,10.154076290201944,9.0,1337.0
2026-04-07 13:30:00,10.07227813357731,9.0,1093.0
2026-04-07 13:45:00,11.296394485683987,10.0,1886.0
2026-04-07 14:00:00,11.825657894736842,12.0,1520.0
2026-04-07 14:15:00,11.343009192065796,11.0,2067.0
2026-04-07 14:30:00,10.979082321187585,9.0,1482.0
2026-04-07 14:45:00,13.843092666287664,12.0,1759.0
2026-04-07 15:00:00,13.855491329479769,13.0,1557.0
2026-04-07 15:15:00,16.068587105624143,15.0,2187.0
2026-04-07 15:30:00,16.315565031982942,15.0,1876.0
2026-04-07 15:45:00,15.82275350370981,15.0,1213.0
2026-04-07 16:00:00,17.205634987384357,15.0,2378.0
2026-04-07 16:15:00,15.50669344042838,13.0,1494.0
2026-04-07 16:30:00,17.13583138173302,14.0,1708.0
2026-04-07 16:45:00,17.590864440078587,14.0,2036.0
2026-04-07 17:00:00,22.18457648546144,23.0,791.0
2026-04-07 17:15:00,20.78181818181818,16.0,2420.0
2026-04-07 17:30:00,19.331910352187833,16.0,937.0
2026-04-07 17:45:00,20.410330578512397,16.0,2420.0
2026-04-07 18:00:00,21.00082850041425,16.0,2414.0
2026-04-07 18:15:00,19.788519637462237,15.0,2317.0
2026-04-07 18:30:00,22.612951807228917,23.0,1992.0
2026-04-07 18:45:00,22.111993645750594,21.0,1259.0
2026-04-07 19:00:00,19.78703241895262,16.0,2005.0
2026-04-07 19:15:00,21.62279792746114,21.0,1930.0
2026-04-07 19:30:00,20.994475138121548,21.0,1991.0
2026-04-07 19:45:00,22.16553480475382,20.0,1178.0
2026-04-07 20:00:00,21.916482300884955,20.0,1808.0
2026-04-07 20:15:00,25.781492537313433,21.0,1675.0
2026-04-07 20:30:00,21.717750257997935,19.0,1938.0
2026-04-07 20:45:00,22.837383177570093,20.0,1070.0
2026-04-07 21:00:00,24.779566907273736,20.0,1801.0
2026-04-07 21:15:00,22.781633742658837,18.0,1873.0
2026-04-07 21:30:00,22.295454545454547,18.0,1452.0
2026-04-07 21:45:00,23.303303303303302,16.0,999.0
2026-04-07 22:00:00,26.91823899371069,19.0,636.0
2026-04-07 22:15:00,23.961320754716983,19.0,1060.0
2026-04-07 22:30:00,26.575,25.5,440.0
2026-04-07 22:45:00,22.083172147001935,15.0,517.0
2026-04-07 23:00:00,20.422382671480143,14.0,277.0
2026-04-07 23:15:00,26.770186335403725,15.0,322.0
2026-04-07 23:30:00,25.959349593495936,14.0,246.0
2026-04-07 23:45:00,21.69655172413793,9.0,145.0
2026-04-08 00:00:00,,,
2026-04-08 00:15:00,,,
2026-04-08 00:30:00,,,
2026-04-08 00:45:00,,,
2026-04-08 01:00:00,,,
2026-04-08 01:15:00,,,
2026-04-08 01:30:00,,,
2026-04-08 01:45:00,,,
2026-04-08 02:00:00,,,
2026-04-08 02:15:00,,,
2026-04-08 02:30:00,,,
2026-04-08 02:45:00,11.0,11.0,2.0
2026-04-08 03:00:00,11.0,11.0,44.0
2026-04-08 03:15:00,8.087209302325581,7.5,344.0
2026-04-08 03:30:00,8.451048951048952,10.0,286.0
2026-04-08 03:45:00,8.298850574712644,7.0,174.0
2026-04-08 04:00:00,8.875711574952561,7.0,1054.0
2026-04-08 04:15:00,9.113557358053303,7.0,1726.0
2026-04-08 04:30:00,8.929872495446267,8.0,1098.0
2026-04-08 04:45:00,9.37274368231047,8.0,2216.0
2026-04-08 05:00:00,10.772064466615502,8.0,2606.0
2026-04-08 05:15:00,10.180172413793104,8.0,3480.0
2026-04-08 05:30:00,11.541345659989728,10.0,3894.0
2026-04-08 05:45:00,11.55047694753577,9.0,2516.0
2026-04-08 06:00:00,11.953563218390805,10.0,4350.0
2026-04-08 06:15:00,11.021441334127458,9.0,3358.0
2026-04-08 06:30:00,11.875473741201949,10.0,3694.0
2026-04-08 06:45:00,12.55564182194617,10.0,3864.0
2026-04-08 07:00:00,14.689152410575428,11.0,5144.0
2026-04-08 07:15:00,14.286576949620429,11.0,5796.0
2026-04-08 07:30:00,13.625742574257426,10.0,4040.0
2026-04-08 07:45:00,14.819989534275248,12.0,3822.0
2026-04-08 08:00:00,14.625477099236642,12.0,4192.0
2026-04-08 08:15:00,13.010878010878011,11.0,2574.0
2026-04-08 08:30:00,13.978842563783447,11.0,3214.0
2026-04-08 08:45:00,13.968026460859978,11.0,3628.0
2026-04-08 09:00:00,12.627881040892193,10.0,2690.0
2026-04-08 09:15:00,15.85048471290082,15.0,2682.0
2026-04-08 09:30:00,15.615598885793872,14.0,2154.0
2026-04-08 09:45:00,16.56884343036979,14.5,2542.0
2026-04-08 10:00:00,14.157938718662953,12.0,3590.0
2026-04-08 10:15:00,13.649122807017545,11.0,3306.0
2026-04-08 10:30:00,13.016064257028113,11.0,2490.0
2026-04-08 10:45:00,10.661381653454134,9.0,3532.0
2026-04-08 11:00:00,11.106307583274274,9.0,2822.0
2026-04-08 11:15:00,10.222602739726028,9.0,1460.0
2026-04-08 11:30:00,11.269272826681247,9.0,3658.0
2026-04-08 11:45:00,11.184882895670688,10.0,2818.0
2026-04-08 12:00:00,11.087538394032471,9.0,4558.0
2026-04-08 12:15:00,11.129674796747967,9.0,2460.0
2026-04-08 12:30:00,10.802132701421801,9.0,4220.0
2026-04-08 12:45:00,10.968208092485549,10.0,3460.0
2026-04-08 13:00:00,11.075799721835883,10.0,2876.0
2026-04-08 13:15:00,10.132260321903429,10.0,2858.0
2026-04-08 13:30:00,11.206434316353887,10.0,2984.0
2026-04-08 13:45:00,10.90572625698324,10.0,2864.0
2026-04-08 14:00:00,11.399899648770697,10.0,3986.0
2026-04-08 14:15:00,13.120819848975188,11.0,3708.0
2026-04-08 14:30:00,12.702536231884057,11.0,2760.0
2026-04-08 14:45:00,13.328656126482214,11.0,5060.0
2026-04-08 15:00:00,12.999673842139595,11.0,3066.0
2026-04-08 15:15:00,13.344656992084433,11.0,3032.0
2026-04-08 15:30:00,13.828500414250207,11.0,2414.0
2026-04-08 15:45:00,15.478274760383387,13.0,3130.0
2026-04-08 16:00:00,15.98097967691506,14.0,3838.0
2026-04-08 16:15:00,15.417482517482517,13.0,2860.0
2026-04-08 16:30:00,15.967993754879,14.0,2562.0
2026-04-08 16:45:00,17.447888283378745,14.0,2936.0
2026-04-08 17:00:00,18.14762992575671,15.0,3502.0
2026-04-08 17:15:00,20.115233415233416,16.0,4070.0
2026-04-08 17:30:00,20.290100824931255,18.0,2182.0
2026-04-08 17:45:00,23.354866494401378,23.0,2322.0
2026-04-08 18:00:00,23.186351102941178,23.0,4352.0
2026-04-08 18:15:00,24.44137717121588,23.0,3224.0
2026-04-08 18:30:00,27.312863606981253,26.0,3094.0
2026-04-08 18:45:00,25.51658950617284,25.0,2592.0
2026-04-08 19:00:00,23.997296383913483,22.0,2959.0
2026-04-08 19:15:00,23.433389074693423,21.0,3588.0
2026-04-08 19:30:00,25.573304680038206,25.0,4188.0
2026-04-08 19:45:00,22.527059773828757,21.0,2476.0
2026-04-08 20:00:00,23.559070548712207,24.0,3572.0
2026-04-08 20:15:00,24.14457831325301,24.0,2407.0
2026-04-08 20:30:00,23.21954849913173,23.0,4031.0
2026-04-08 20:45:00,20.32701754385965,18.0,2850.0
2026-04-08 21:00:00,20.905200433369448,18.0,3692.0
2026-04-08 21:15:00,20.831887649731517,18.0,2421.0
2026-04-08 21:30:00,19.998302927450148,17.0,2357.0
2026-04-08 21:45:00,20.311996608732514,18.0,2359.0
2026-04-08 22:00:00,20.31974921630094,18.0,1595.0
2026-04-08 22:15:00,19.91348088531187,20.0,1491.0
2026-04-08 22:30:00,18.975974025974025,16.0,1540.0
2026-04-08 22:45:00,18.21285140562249,15.0,996.0
2026-04-08 23:00:00,18.168661588683353,14.0,919.0
2026-04-08 23:15:00,17.031930333817126,14.0,689.0
2026-04-08 23:30:00,15.800443458980045,14.0,451.0
2026-04-08 23:45:00,13.252707581227437,10.0,277.0
2026-04-09 00:00:00,,,
2026-04-09 00:15:00,,,
2026-04-09 00:30:00,,,
2026-04-09 00:45:00,,,
2026-04-09 01:00:00,,,
2026-04-09 01:15:00,,,
2026-04-09 01:30:00,,,
2026-04-09 01:45:00,,,
2026-04-09 02:00:00,,,
2026-04-09 02:15:00,,,
2026-04-09 02:30:00,15.0,15.0,16.0
2026-04-09 02:45:00,15.0,15.0,1.0
2026-04-09 03:00:00,15.0,15.0,13.0
2026-04-09 03:15:00,9.96,11.5,50.0
2026-04-09 03:30:00,11.252747252747254,12.0,91.0
2026-04-09 03:45:00,12.349397590361447,12.0,166.0
2026-04-09 04:00:00,12.585263157894737,15.0,475.0
2026-04-09 04:15:00,12.460227272727273,15.0,352.0
2026-04-09 04:30:00,10.559686888454012,11.0,511.0
2026-04-09 04:45:00,11.653555219364598,11.0,1322.0
2026-04-09 05:00:00,13.11111111111111,12.0,792.0
2026-04-09 05:15:00,13.151785714285714,12.0,1008.0
2026-04-09 05:30:00,13.75523560209424,12.0,1528.0
2026-04-09 05:45:00,13.396849212303076,12.0,1333.0
2026-04-09 06:00:00,14.85502471169687,15.0,1214.0
2026-04-09 06:15:00,14.678440366972477,15.0,2180.0
2026-04-09 06:30:00,14.551004636785162,11.0,2588.0
2026-04-09 06:45:00,14.50433369447454,12.0,1846.0
2026-04-09 07:00:00,15.568038740920096,14.0,2065.0
2026-04-09 07:15:00,17.291131855309217,15.0,1714.0
2026-04-09 07:30:00,16.578602620087338,15.0,1374.0
2026-04-09 07:45:00,17.632955536181342,15.0,1147.0
2026-04-09 08:00:00,17.218585622443015,15.0,1711.0
2026-04-09 08:15:00,16.754645069080514,15.0,2099.0
2026-04-09 08:30:00,17.616272965879265,16.0,1905.0
2026-04-09 08:45:00,17.134916864608076,16.0,2105.0
2026-04-09 09:00:00,18.916157205240175,18.0,2290.0
2026-04-09 09:15:00,18.0549558390579,18.0,1019.0
2026-04-09 09:30:00,18.229720960415314,17.0,1541.0
2026-04-09 09:45:00,21.34865900383142,21.0,522.0
2026-04-09 10:00:00,18.672328767123286,17.0,1825.0
2026-04-09 10:15:00,18.50505536831969,17.0,2077.0
2026-04-09 10:30:00,18.24031007751938,17.0,1806.0
2026-04-09 10:45:00,18.337628865979383,17.0,1164.0
2026-04-09 11:00:00,16.249032258064517,16.0,1550.0
2026-04-09 11:15:00,13.557635467980296,11.0,1015.0
2026-04-09 11:30:00,16.31556039173014,16.0,919.0
2026-04-09 11:45:00,15.868556701030927,16.0,1552.0
2026-04-09 12:00:00,15.80428134556575,15.0,1308.0
2026-04-09 12:15:00,16.616045845272208,17.0,1047.0
2026-04-09 12:30:00,13.71743010113028,12.0,1681.0
2026-04-09 12:45:00,15.222849083215797,14.0,1418.0
2026-04-09 13:00:00,14.587017873941674,13.0,1063.0
2026-04-09 13:15:00,13.547465437788018,11.0,1085.0
2026-04-09 13:30:00,14.778768233387359,12.0,1234.0
2026-04-09 13:45:00,13.820034944670939,11.0,1717.0
2026-04-09 14:00:00,15.638349514563107,14.0,1236.0
2026-04-09 14:15:00,16.772993088782563,14.0,1881.0
2026-04-09 14:30:00,17.289532293986635,18.0,1347.0
2026-04-09 14:45:00,18.193195625759415,19.0,1646.0
2026-04-09 15:00:00,16.6765601217656,16.0,1314.0
2026-04-09 15:15:00,16.014964788732396,12.0,1136.0
2026-04-09 15:30:00,18.875757575757575,19.0,990.0
2026-04-09 15:45:00,17.78428093645485,16.0,1196.0
2026-04-09 16:00:00,20.674850696748507,18.0,1507.0
2026-04-09 16:15:00,17.850785340314136,14.0,1146.0
2026-04-09 16:30:00,18.17592083562397,16.0,1819.0
2026-04-09 16:45:00,15.958511287370348,14.0,1639.0
2026-04-09 17:00:00,17.664583333333333,16.0,960.0
2026-04-09 17:15:00,20.171797418073485,19.0,1007.0
2026-04-09 17:30:00,18.965026674570243,16.0,1687.0
2026-04-09 17:45:00,19.015779092702168,17.0,1521.0
2026-04-09 18:00:00,20.594771241830067,19.0,2295.0
2026-04-09 18:15:00,21.257867132867133,21.0,1144.0
2026-04-09 18:30:00,21.856796116504853,21.0,1648.0
2026-04-09 18:45:00,20.76569297700435,18.0,1609.0
2026-04-09 19:00:00,16.93222003929273,15.0,1018.0
2026-04-09 19:15:00,21.015847860538827,18.0,1893.0
2026-04-09 19:30:00,22.503112620260328,19.0,1767.0
2026-04-09 19:45:00,23.373056994818654,21.0,1737.0
2026-04-09 20:00:00,24.096516276413478,24.0,1751.0
2026-04-09 20:15:00,22.10523321956769,20.0,1758.0
2026-04-09 20:30:00,20.488089204257477,18.0,1973.0
2026-04-09 20:45:00,20.054621848739497,18.0,1904.0
2026-04-09 21:00:00,20.356871265616512,18.0,1841.0
2026-04-09 21:15:00,18.81063364894392,18.0,1373.0
2026-04-09 21:30:00,19.353216374269007,18.0,855.0
2026-04-09 21:45:00,20.473633748801532,20.0,1043.0
2026-04-09 22:00:00,17.861313868613138,18.0,959.0
2026-04-09 22:15:00,19.861538461538462,20.0,715.0
2026-04-09 22:30:00,17.077138849929874,14.0,713.0
2026-04-09 22:45:00,15.067064083457526,14.0,671.0
2026-04-09 23:00:00,15.740053050397877,10.0,377.0
2026-04-09 23:15:00,15.321070234113712,14.0,299.0
2026-04-09 23:30:00,10.924418604651162,10.0,172.0
2026-04-09 23:45:00,9.72549019607843,10.0,140.0
