bucket,station_name,avg_delay_minutes,median_delay_minutes,records
2026-03-15 14:00:00,Barcelona-Passeig de Gràcia,18.166666666666668,13.5,12.0
2026-03-15 14:15:00,Barcelona-Passeig de Gràcia,14.425531914893616,11.0,94.0
2026-03-15 14:30:00,Barcelona-Passeig de Gràcia,15.126436781609195,12.0,87.0
2026-03-15 14:45:00,Barcelona-Passeig de Gràcia,15.12,15.0,75.0
2026-03-15 15:00:00,Barcelona-Passeig de Gràcia,16.743589743589745,15.0,78.0
2026-03-15 15:15:00,Barcelona-Passeig de Gràcia,15.333333333333334,12.0,93.0
2026-03-15 15:30:00,Barcelona-Passeig de Gràcia,16.291666666666668,15.0,96.0
2026-03-15 15:45:00,Barcelona-Passeig de Gràcia,13.212121212121213,12.0,66.0
2026-03-15 16:00:00,Barcelona-Passeig de Gràcia,9.733333333333333,7.0,60.0
2026-03-15 16:15:00,Barcelona-Passeig de Gràcia,10.098765432098766,7.0,81.0
2026-03-15 16:30:00,Barcelona-Passeig de Gràcia,8.82857142857143,7.0,70.0
2026-03-15 16:45:00,Barcelona-Passeig de Gràcia,7.917355371900826,7.0,121.0
2026-03-15 17:00:00,Barcelona-Passeig de Gràcia,10.595238095238095,9.0,84.0
2026-03-15 17:15:00,Barcelona-Passeig de Gràcia,8.228571428571428,7.0,70.0
2026-03-15 17:30:00,Barcelona-Passeig de Gràcia,11.797297297297296,8.0,74.0
2026-03-15 17:45:00,Barcelona-Passeig de Gràcia,14.120689655172415,11.0,58.0
2026-03-15 18:00:00,Barcelona-Passeig de Gràcia,14.564705882352941,13.0,85.0
2026-03-15 18:15:00,Barcelona-Passeig de Gràcia,23.148936170212767,15.0,94.0
2026-03-15 18:30:00,Barcelona-Passeig de Gràcia,14.797297297297296,15.0,74.0
2026-03-15 18:45:00,Barcelona-Passeig de Gràcia,23.253164556962027,14.0,79.0
2026-03-15 19:00:00,Barcelona-Passeig de Gràcia,21.6056338028169,11.0,71.0
2026-03-15 19:15:00,Barcelona-Passeig de Gràcia,24.559322033898304,11.0,59.0
2026-03-15 19:30:00,Barcelona-Passeig de Gràcia,11.085714285714285,10.0,70.0
2026-03-15 19:45:00,Barcelona-Passeig de Gràcia,11.8125,12.0,48.0
2026-03-15 20:00:00,Barcelona-Passeig de Gràcia,13.87719298245614,15.0,57.0
2026-03-15 20:15:00,Barcelona-Passeig de Gràcia,11.382352941176471,9.0,68.0
2026-03-15 20:30:00,Barcelona-Passeig de Gràcia,11.714285714285714,9.0,77.0
2026-03-15 20:45:00,Barcelona-Passeig de Gràcia,12.4375,9.0,64.0
2026-03-15 21:00:00,Barcelona-Passeig de Gràcia,14.079365079365079,11.0,63.0
2026-03-15 21:15:00,Barcelona-Passeig de Gràcia,13.25,9.0,72.0
2026-03-15 21:30:00,Barcelona-Passeig de Gràcia,18.24390243902439,13.0,41.0
2026-03-15 21:45:00,Barcelona-Passeig de Gràcia,18.566037735849058,18.0,53.0
2026-03-15 22:00:00,Barcelona-Passeig de Gràcia,17.21818181818182,18.0,55.0
2026-03-15 22:15:00,Barcelona-Passeig de Gràcia,17.571428571428573,13.0,35.0
2026-03-15 22:30:00,Barcelona-Passeig de Gràcia,15.23404255319149,7.0,47.0
2026-03-15 22:45:00,Barcelona-Passeig de Gràcia,17.9,18.0,30.0
2026-03-15 23:00:00,Barcelona-Passeig de Gràcia,10.235294117647058,5.0,17.0
2026-03-15 23:15:00,Barcelona-Passeig de Gràcia,8.642857142857142,5.0,14.0
2026-03-15 23:30:00,Barcelona-Passeig de Gràcia,5.5,5.0,6.0
2026-03-15 23:45:00,Barcelona-Passeig de Gràcia,2.0,2.0,2.0
2026-03-16 00:00:00,Barcelona-Passeig de Gràcia,,,
2026-03-16 00:15:00,Barcelona-Passeig de Gràcia,,,
2026-03-16 00:30:00,Barcelona-Passeig de Gràcia,,,
2026-03-16 00:45:00,Barcelona-Passeig de Gràcia,,,
2026-03-16 01:00:00,Barcelona-Passeig de Gràcia,,,
2026-03-16 01:15:00,Barcelona-Passeig de Gràcia,,,
2026-03-16 01:30:00,Barcelona-Passeig de Gràcia,,,
2026-03-16 01:45:00,Barcelona-Passeig de Gràcia,,,
2026-03-16 02:00:00,Barcelona-Passeig de Gràcia,,,
2026-03-16 02:15:00,Barcelona-Passeig de Gràcia,,,
2026-03-16 02:30:00,Barcelona-Passeig de Gràcia,,,
2026-03-16 02:45:00,Barcelona-Passeig de Gràcia,,,
2026-03-16 03:00:00,Barcelona-Passeig de Gràcia,21.0,21.0,1.0
2026-03-16 03:15:00,Barcelona-Passeig de Gràcia,58.0,58.0,2.0
2026-03-16 03:30:00,Barcelona-Passeig de Gràcia,44.5,44.5,2.0
2026-03-16 03:45:00,Barcelona-Passeig de Gràcia,35.5,35.0,6.0
2026-03-16 04:00:00,Barcelona-Passeig de Gràcia,25.666666666666668,21.0,9.0
2026-03-16 04:15:00,Barcelona-Passeig de Gràcia,30.416666666666668,29.0,24.0
2026-03-16 04:30:00,Barcelona-Passeig de Gràcia,31.70731707317073,31.0,41.0
2026-03-16 04:45:00,Barcelona-Passeig de Gràcia,35.642857142857146,38.0,56.0
2026-03-16 05:00:00,Barcelona-Passeig de Gràcia,31.934782608695652,30.0,46.0
2026-03-16 05:15:00,Barcelona-Passeig de Gràcia,40.888888888888886,42.0,45.0
2026-03-16 05:30:00,Barcelona-Passeig de Gràcia,29.75,28.0,64.0
2026-03-16 05:45:00,Barcelona-Passeig de Gràcia,23.57281553398058,21.0,103.0
2026-03-16 06:00:00,Barcelona-Passeig de Gràcia,33.26315789473684,41.0,57.0
2026-03-16 06:15:00,Barcelona-Passeig de Gràcia,34.275862068965516,38.0,87.0
2026-03-16 06:30:00,Barcelona-Passeig de Gràcia,28.11111111111111,30.0,135.0
2026-03-16 06:45:00,Barcelona-Passeig de Gràcia,27.793478260869566,30.0,92.0
2026-03-16 07:00:00,Barcelona-Passeig de Gràcia,34.56716417910448,38.0,134.0
2026-03-16 07:15:00,Barcelona-Passeig de Gràcia,33.78947368421053,33.0,152.0
2026-03-16 07:30:00,Barcelona-Passeig de Gràcia,25.044444444444444,21.0,90.0
2026-03-16 07:45:00,Barcelona-Passeig de Gràcia,32.59285714285714,23.0,140.0
2026-03-16 08:00:00,Barcelona-Passeig de Gràcia,37.47826086956522,43.0,92.0
2026-03-16 08:15:00,Barcelona-Passeig de Gràcia,27.150537634408604,22.0,93.0
2026-03-16 08:30:00,Barcelona-Passeig de Gràcia,27.676056338028168,26.0,71.0
2026-03-16 08:45:00,Barcelona-Passeig de Gràcia,36.45205479452055,32.5,146.0
2026-03-16 09:00:00,Barcelona-Passeig de Gràcia,35.61379310344827,30.0,145.0
2026-03-16 09:15:00,Barcelona-Passeig de Gràcia,40.7875,28.5,80.0
2026-03-16 09:30:00,Barcelona-Passeig de Gràcia,38.825581395348834,26.0,86.0
2026-03-16 09:45:00,Barcelona-Passeig de Gràcia,37.4375,26.0,32.0
2026-03-16 10:00:00,Barcelona-Passeig de Gràcia,29.217391304347824,21.0,69.0
2026-03-16 10:15:00,Barcelona-Passeig de Gràcia,33.30508474576271,21.0,59.0
2026-03-16 10:30:00,Barcelona-Passeig de Gràcia,37.67605633802817,26.0,71.0
2026-03-16 10:45:00,Barcelona-Passeig de Gràcia,33.126315789473686,24.0,95.0
2026-03-16 11:00:00,Barcelona-Passeig de Gràcia,28.97530864197531,21.0,81.0
2026-03-16 11:15:00,Barcelona-Passeig de Gràcia,30.054054054054053,21.0,74.0
2026-03-16 11:30:00,Barcelona-Passeig de Gràcia,34.146341463414636,25.0,82.0
2026-03-16 11:45:00,Barcelona-Passeig de Gràcia,30.612903225806452,22.5,62.0
2026-03-16 12:00:00,Barcelona-Passeig de Gràcia,29.09259259259259,20.0,54.0
2026-03-16 12:15:00,Barcelona-Passeig de Gràcia,25.72093023255814,16.0,43.0
2026-03-16 12:30:00,Barcelona-Passeig de Gràcia,36.85,47.0,60.0
2026-03-16 12:45:00,Barcelona-Passeig de Gràcia,27.0,19.0,80.0
2026-03-16 13:00:00,Barcelona-Passeig de Gràcia,27.08450704225352,21.0,71.0
2026-03-16 13:15:00,Barcelona-Passeig de Gràcia,30.851063829787233,33.0,47.0
2026-03-16 13:30:00,Barcelona-Passeig de Gràcia,30.236363636363638,21.0,55.0
2026-03-16 13:45:00,Barcelona-Passeig de Gràcia,36.458333333333336,34.5,48.0
2026-03-16 14:00:00,Barcelona-Passeig de Gràcia,29.918367346938776,21.0,49.0
2026-03-16 14:15:00,Barcelona-Passeig de Gràcia,28.65714285714286,21.0,35.0
2026-03-16 14:30:00,Barcelona-Passeig de Gràcia,33.88,22.0,50.0
2026-03-16 14:45:00,Barcelona-Passeig de Gràcia,38.7093023255814,33.0,86.0
2026-03-16 15:00:00,Barcelona-Passeig de Gràcia,43.8125,35.0,32.0
2026-03-16 15:15:00,Barcelona-Passeig de Gràcia,39.25423728813559,31.0,59.0
2026-03-16 15:30:00,Barcelona-Passeig de Gràcia,35.84615384615385,24.0,39.0
2026-03-16 15:45:00,Barcelona-Passeig de Gràcia,45.88095238095238,43.0,84.0
2026-03-16 16:00:00,Barcelona-Passeig de Gràcia,45.04347826086956,43.0,69.0
2026-03-16 16:15:00,Barcelona-Passeig de Gràcia,41.421052631578945,32.0,76.0
2026-03-16 16:30:00,Barcelona-Passeig de Gràcia,37.317460317460316,25.0,63.0
2026-03-16 16:45:00,Barcelona-Passeig de Gràcia,39.94117647058823,33.0,85.0
2026-03-16 17:00:00,Barcelona-Passeig de Gràcia,40.25974025974026,33.0,77.0
2026-03-16 17:15:00,Barcelona-Passeig de Gràcia,42.52173913043478,31.0,115.0
2026-03-16 17:30:00,Barcelona-Passeig de Gràcia,41.94047619047619,31.0,84.0
2026-03-16 17:45:00,Barcelona-Passeig de Gràcia,46.22727272727273,39.0,44.0
2026-03-16 18:00:00,Barcelona-Passeig de Gràcia,39.92727272727273,30.0,110.0
2026-03-16 18:15:00,Barcelona-Passeig de Gràcia,37.935064935064936,29.0,154.0
2026-03-16 18:30:00,Barcelona-Passeig de Gràcia,46.75352112676056,43.0,142.0
2026-03-16 18:45:00,Barcelona-Passeig de Gràcia,39.39622641509434,31.0,106.0
2026-03-16 19:00:00,Barcelona-Passeig de Gràcia,44.87301587301587,35.5,126.0
2026-03-16 19:15:00,Barcelona-Passeig de Gràcia,44.916666666666664,39.5,156.0
2026-03-16 19:30:00,Barcelona-Passeig de Gràcia,48.76521739130435,47.0,115.0
2026-03-16 19:45:00,Barcelona-Passeig de Gràcia,38.43850267379679,35.0,187.0
2026-03-16 20:00:00,Barcelona-Passeig de Gràcia,42.06995884773662,35.0,243.0
2026-03-16 20:15:00,Barcelona-Passeig de Gràcia,38.8,34.0,130.0
2026-03-16 20:30:00,Barcelona-Passeig de Gràcia,51.00787401574803,54.0,127.0
2026-03-16 20:45:00,Barcelona-Passeig de Gràcia,43.22,41.0,150.0
2026-03-16 21:00:00,Barcelona-Passeig de Gràcia,46.35087719298246,50.0,114.0
2026-03-16 21:15:00,Barcelona-Passeig de Gràcia,40.09278350515464,41.0,97.0
2026-03-16 21:30:00,Barcelona-Passeig de Gràcia,37.720588235294116,36.5,136.0
2026-03-16 21:45:00,Barcelona-Passeig de Gràcia,35.81111111111111,37.0,90.0
2026-03-16 22:00:00,Barcelona-Passeig de Gràcia,32.741176470588236,36.0,85.0
2026-03-16 22:15:00,Barcelona-Passeig de Gràcia,35.986111111111114,25.0,72.0
2026-03-16 22:30:00,Barcelona-Passeig de Gràcia,35.82692307692308,35.0,52.0
2026-03-16 22:45:00,Barcelona-Passeig de Gràcia,48.161764705882355,50.0,68.0
2026-03-16 23:00:00,Barcelona-Passeig de Gràcia,45.59090909090909,39.0,44.0
2026-03-16 23:15:00,Barcelona-Passeig de Gràcia,56.43333333333333,59.0,30.0
2026-03-16 23:30:00,Barcelona-Passeig de Gràcia,54.541666666666664,46.0,24.0
2026-03-16 23:45:00,Barcelona-Passeig de Gràcia,41.46153846153846,36.0,26.0
2026-03-17 00:00:00,Barcelona-Passeig de Gràcia,,,
2026-03-17 00:15:00,Barcelona-Passeig de Gràcia,,,
2026-03-17 00:30:00,Barcelona-Passeig de Gràcia,,,
2026-03-17 00:45:00,Barcelona-Passeig de Gràcia,,,
2026-03-17 01:00:00,Barcelona-Passeig de Gràcia,,,
2026-03-17 01:15:00,Barcelona-Passeig de Gràcia,,,
2026-03-17 01:30:00,Barcelona-Passeig de Gràcia,,,
2026-03-17 01:45:00,Barcelona-Passeig de Gràcia,,,
2026-03-17 02:00:00,Barcelona-Passeig de Gràcia,,,
2026-03-17 02:15:00,Barcelona-Passeig de Gràcia,,,
2026-03-17 02:30:00,Barcelona-Passeig de Gràcia,,,
2026-03-17 02:45:00,Barcelona-Passeig de Gràcia,,,
2026-03-17 03:00:00,Barcelona-Passeig de Gràcia,,,
2026-03-17 03:15:00,Barcelona-Passeig de Gràcia,,,
2026-03-17 03:30:00,Barcelona-Passeig de Gràcia,,,
2026-03-17 03:45:00,Barcelona-Passeig de Gràcia,,,
2026-03-17 04:00:00,Barcelona-Passeig de Gràcia,,,
2026-03-17 04:15:00,Barcelona-Passeig de Gràcia,,,
2026-03-17 04:30:00,Barcelona-Passeig de Gràcia,,,
2026-03-17 04:45:00,Barcelona-Passeig de Gràcia,,,
2026-03-17 05:00:00,Barcelona-Passeig de Gràcia,,,
2026-03-17 05:15:00,Barcelona-Passeig de Gràcia,,,
2026-03-17 05:30:00,Barcelona-Passeig de Gràcia,,,
2026-03-17 05:45:00,Barcelona-Passeig de Gràcia,,,
2026-03-17 06:00:00,Barcelona-Passeig de Gràcia,,,
2026-03-17 06:15:00,Barcelona-Passeig de Gràcia,,,
2026-03-17 06:30:00,Barcelona-Passeig de Gràcia,,,
2026-03-17 06:45:00,Barcelona-Passeig de Gràcia,,,
2026-03-17 07:00:00,Barcelona-Passeig de Gràcia,,,
2026-03-17 07:15:00,Barcelona-Passeig de Gràcia,,,
2026-03-17 07:30:00,Barcelona-Passeig de Gràcia,,,
2026-03-17 07:45:00,Barcelona-Passeig de Gràcia,,,
2026-03-17 08:00:00,Barcelona-Passeig de Gràcia,,,
2026-03-17 08:15:00,Barcelona-Passeig de Gràcia,,,
2026-03-17 08:30:00,Barcelona-Passeig de Gràcia,,,
2026-03-17 08:45:00,Barcelona-Passeig de Gràcia,,,
2026-03-17 09:00:00,Barcelona-Passeig de Gràcia,,,
2026-03-17 09:15:00,Barcelona-Passeig de Gràcia,,,
2026-03-17 09:30:00,Barcelona-Passeig de Gràcia,,,
2026-03-17 09:45:00,Barcelona-Passeig de Gràcia,,,
2026-03-17 10:00:00,Barcelona-Passeig de Gràcia,,,
2026-03-17 10:15:00,Barcelona-Passeig de Gràcia,,,
2026-03-17 10:30:00,Barcelona-Passeig de Gràcia,,,
2026-03-17 10:45:00,Barcelona-Passeig de Gràcia,,,
2026-03-17 11:00:00,Barcelona-Passeig de Gràcia,,,
2026-03-17 11:15:00,Barcelona-Passeig de Gràcia,,,
2026-03-17 11:30:00,Barcelona-Passeig de Gràcia,,,
2026-03-17 11:45:00,Barcelona-Passeig de Gràcia,,,
2026-03-17 12:00:00,Barcelona-Passeig de Gràcia,,,
2026-03-17 12:15:00,Barcelona-Passeig de Gràcia,,,
2026-03-17 12:30:00,Barcelona-Passeig de Gràcia,,,
2026-03-17 12:45:00,Barcelona-Passeig de Gràcia,,,
2026-03-17 13:00:00,Barcelona-Passeig de Gràcia,,,
2026-03-17 13:15:00,Barcelona-Passeig de Gràcia,,,
2026-03-17 13:30:00,Barcelona-Passeig de Gràcia,,,
2026-03-17 13:45:00,Barcelona-Passeig de Gràcia,,,
2026-03-17 14:00:00,Barcelona-Passeig de Gràcia,,,
2026-03-17 14:15:00,Barcelona-Passeig de Gràcia,,,
2026-03-17 14:30:00,Barcelona-Passeig de Gràcia,,,
2026-03-17 14:45:00,Barcelona-Passeig de Gràcia,,,
2026-03-17 15:00:00,Barcelona-Passeig de Gràcia,,,
2026-03-17 15:15:00,Barcelona-Passeig de Gràcia,,,
2026-03-17 15:30:00,Barcelona-Passeig de Gràcia,,,
2026-03-17 15:45:00,Barcelona-Passeig de Gràcia,,,
2026-03-17 16:00:00,Barcelona-Passeig de Gràcia,,,
2026-03-17 16:15:00,Barcelona-Passeig de Gràcia,,,
2026-03-17 16:30:00,Barcelona-Passeig de Gràcia,,,
2026-03-17 16:45:00,Barcelona-Passeig de Gràcia,,,
2026-03-17 17:00:00,Barcelona-Passeig de Gràcia,,,
2026-03-17 17:15:00,Barcelona-Passeig de Gràcia,,,
2026-03-17 17:30:00,Barcelona-Passeig de Gràcia,,,
2026-03-17 17:45:00,Barcelona-Passeig de Gràcia,,,
2026-03-17 18:00:00,Barcelona-Passeig de Gràcia,,,
2026-03-17 18:15:00,Barcelona-Passeig de Gràcia,,,
2026-03-17 18:30:00,Barcelona-Passeig de Gràcia,,,
2026-03-17 18:45:00,Barcelona-Passeig de Gràcia,,,
2026-03-17 19:00:00,Barcelona-Passeig de Gràcia,,,
2026-03-17 19:15:00,Barcelona-Passeig de Gràcia,50.5609756097561,47.0,41.0
2026-03-17 19:30:00,Barcelona-Passeig de Gràcia,53.88505747126437,47.0,87.0
2026-03-17 19:45:00,Barcelona-Passeig de Gràcia,38.559322033898304,31.0,59.0
2026-03-17 20:00:00,Barcelona-Passeig de Gràcia,45.45977011494253,31.0,87.0
2026-03-17 20:15:00,Barcelona-Passeig de Gràcia,45.975,29.0,40.0
2026-03-17 20:30:00,Barcelona-Passeig de Gràcia,51.14666666666667,44.0,75.0
2026-03-17 20:45:00,Barcelona-Passeig de Gràcia,53.80246913580247,55.0,81.0
2026-03-17 21:00:00,Barcelona-Passeig de Gràcia,54.6283185840708,52.0,113.0
2026-03-17 21:15:00,Barcelona-Passeig de Gràcia,48.28947368421053,53.0,76.0
2026-03-17 21:30:00,Barcelona-Passeig de Gràcia,57.0,57.0,48.0
2026-03-17 21:45:00,Barcelona-Passeig de Gràcia,48.79032258064516,47.0,62.0
2026-03-17 22:00:00,Barcelona-Passeig de Gràcia,50.43396226415094,52.0,53.0
2026-03-17 22:15:00,Barcelona-Passeig de Gràcia,39.57692307692308,37.0,26.0
2026-03-17 22:30:00,Barcelona-Passeig de Gràcia,53.0,59.0,17.0
2026-03-17 22:45:00,Barcelona-Passeig de Gràcia,59.391304347826086,59.0,23.0
2026-03-17 23:00:00,Barcelona-Passeig de Gràcia,59.829268292682926,59.0,41.0
2026-03-17 23:15:00,Barcelona-Passeig de Gràcia,69.0,59.0,27.0
2026-03-17 23:30:00,Barcelona-Passeig de Gràcia,68.5,68.5,36.0
2026-03-17 23:45:00,Barcelona-Passeig de Gràcia,65.08333333333333,68.5,24.0
2026-03-18 00:00:00,Barcelona-Passeig de Gràcia,,,
2026-03-18 00:15:00,Barcelona-Passeig de Gràcia,,,
2026-03-18 00:30:00,Barcelona-Passeig de Gràcia,,,
2026-03-18 00:45:00,Barcelona-Passeig de Gràcia,,,
2026-03-18 01:00:00,Barcelona-Passeig de Gràcia,,,
2026-03-18 01:15:00,Barcelona-Passeig de Gràcia,,,
2026-03-18 01:30:00,Barcelona-Passeig de Gràcia,,,
2026-03-18 01:45:00,Barcelona-Passeig de Gràcia,,,
2026-03-18 02:00:00,Barcelona-Passeig de Gràcia,,,
2026-03-18 02:15:00,Barcelona-Passeig de Gràcia,,,
2026-03-18 02:30:00,Barcelona-Passeig de Gràcia,,,
2026-03-18 02:45:00,Barcelona-Passeig de Gràcia,,,
2026-03-18 03:00:00,Barcelona-Passeig de Gràcia,,,
2026-03-18 03:15:00,Barcelona-Passeig de Gràcia,,,
2026-03-18 03:30:00,Barcelona-Passeig de Gràcia,21.0,21.0,1.0
2026-03-18 03:45:00,Barcelona-Passeig de Gràcia,,,
2026-03-18 04:00:00,Barcelona-Passeig de Gràcia,,,
2026-03-18 04:15:00,Barcelona-Passeig de Gràcia,11.25,9.0,8.0
2026-03-18 04:30:00,Barcelona-Passeig de Gràcia,2.6666666666666665,11.0,9.0
2026-03-18 04:45:00,Barcelona-Passeig de Gràcia,37.10344827586207,21.0,29.0
2026-03-18 05:00:00,Barcelona-Passeig de Gràcia,,,
2026-03-18 05:15:00,Barcelona-Passeig de Gràcia,17.625,21.0,56.0
2026-03-18 05:30:00,Barcelona-Passeig de Gràcia,24.618181818181817,21.0,110.0
2026-03-18 05:45:00,Barcelona-Passeig de Gràcia,30.223684210526315,12.5,76.0
2026-03-18 06:00:00,Barcelona-Passeig de Gràcia,33.6,18.5,120.0
2026-03-18 06:15:00,Barcelona-Passeig de Gràcia,19.285714285714285,14.0,35.0
2026-03-18 06:30:00,Barcelona-Passeig de Gràcia,,,
2026-03-18 06:45:00,Barcelona-Passeig de Gràcia,17.743119266055047,14.0,109.0
2026-03-18 07:00:00,Barcelona-Passeig de Gràcia,23.25925925925926,14.0,108.0
2026-03-18 07:15:00,Barcelona-Passeig de Gràcia,23.198019801980198,19.0,101.0
2026-03-18 07:30:00,Barcelona-Passeig de Gràcia,24.098765432098766,20.0,162.0
2026-03-18 07:45:00,Barcelona-Passeig de Gràcia,24.583333333333332,20.0,60.0
2026-03-18 08:00:00,Barcelona-Passeig de Gràcia,25.223529411764705,24.0,85.0
2026-03-18 08:15:00,Barcelona-Passeig de Gràcia,26.64179104477612,25.0,134.0
2026-03-18 08:30:00,Barcelona-Passeig de Gràcia,24.227272727272727,21.0,132.0
2026-03-18 08:45:00,Barcelona-Passeig de Gràcia,27.842105263157894,23.0,114.0
2026-03-18 09:00:00,Barcelona-Passeig de Gràcia,21.3125,19.0,80.0
2026-03-18 09:15:00,Barcelona-Passeig de Gràcia,25.125,20.0,112.0
2026-03-18 09:30:00,Barcelona-Passeig de Gràcia,29.602150537634408,20.0,93.0
2026-03-18 09:45:00,Barcelona-Passeig de Gràcia,27.704761904761906,21.0,105.0
2026-03-18 10:00:00,Barcelona-Passeig de Gràcia,25.856060606060606,21.0,132.0
2026-03-18 10:15:00,Barcelona-Passeig de Gràcia,28.41860465116279,23.5,86.0
2026-03-18 10:30:00,Barcelona-Passeig de Gràcia,27.814814814814813,24.0,54.0
2026-03-18 10:45:00,Barcelona-Passeig de Gràcia,23.08108108108108,19.0,74.0
2026-03-18 11:00:00,Barcelona-Passeig de Gràcia,19.01219512195122,16.0,82.0
2026-03-18 11:15:00,Barcelona-Passeig de Gràcia,18.323076923076922,15.0,65.0
2026-03-18 11:30:00,Barcelona-Passeig de Gràcia,20.74074074074074,14.0,54.0
2026-03-18 11:45:00,Barcelona-Passeig de Gràcia,24.555555555555557,20.0,90.0
2026-03-18 12:00:00,Barcelona-Passeig de Gràcia,28.26388888888889,28.0,72.0
2026-03-18 12:15:00,Barcelona-Passeig de Gràcia,30.236842105263158,24.0,76.0
2026-03-18 12:30:00,Barcelona-Passeig de Gràcia,24.986486486486488,17.0,74.0
2026-03-18 12:45:00,Barcelona-Passeig de Gràcia,28.445945945945947,24.5,74.0
2026-03-18 13:00:00,Barcelona-Passeig de Gràcia,32.744680851063826,32.0,47.0
2026-03-18 13:15:00,Barcelona-Passeig de Gràcia,26.563636363636363,23.0,110.0
2026-03-18 13:30:00,Barcelona-Passeig de Gràcia,30.071428571428573,26.5,84.0
2026-03-18 13:45:00,Barcelona-Passeig de Gràcia,29.037037037037038,28.0,54.0
2026-03-18 14:00:00,Barcelona-Passeig de Gràcia,24.990654205607477,25.0,107.0
2026-03-18 14:15:00,Barcelona-Passeig de Gràcia,24.029411764705884,14.0,68.0
2026-03-18 14:30:00,Barcelona-Passeig de Gràcia,28.08450704225352,31.0,71.0
2026-03-18 14:45:00,Barcelona-Passeig de Gràcia,31.861538461538462,34.0,65.0
2026-03-18 15:00:00,Barcelona-Passeig de Gràcia,29.730337078651687,32.0,89.0
2026-03-18 15:15:00,Barcelona-Passeig de Gràcia,26.518987341772153,22.0,79.0
2026-03-18 15:30:00,Barcelona-Passeig de Gràcia,34.23529411764706,39.0,51.0
2026-03-18 15:45:00,Barcelona-Passeig de Gràcia,33.22857142857143,33.5,70.0
2026-03-18 16:00:00,Barcelona-Passeig de Gràcia,32.15068493150685,33.0,73.0
2026-03-18 16:15:00,Barcelona-Passeig de Gràcia,32.23809523809524,38.0,84.0
2026-03-18 16:30:00,Barcelona-Passeig de Gràcia,31.953125,44.0,64.0
2026-03-18 16:45:00,Barcelona-Passeig de Gràcia,32.52857142857143,39.0,70.0
2026-03-18 17:00:00,Barcelona-Passeig de Gràcia,31.045045045045047,39.0,111.0
2026-03-18 17:15:00,Barcelona-Passeig de Gràcia,27.46728971962617,33.0,107.0
2026-03-18 17:30:00,Barcelona-Passeig de Gràcia,30.666666666666668,33.0,39.0
2026-03-18 17:45:00,Barcelona-Passeig de Gràcia,27.59016393442623,33.0,61.0
2026-03-18 18:00:00,Barcelona-Passeig de Gràcia,25.725,33.0,40.0
2026-03-18 18:15:00,Barcelona-Passeig de Gràcia,29.2,33.0,65.0
2026-03-18 18:30:00,Barcelona-Passeig de Gràcia,32.27906976744186,33.0,43.0
2026-03-18 18:45:00,Barcelona-Passeig de Gràcia,39.7027027027027,41.5,74.0
2026-03-18 19:00:00,Barcelona-Passeig de Gràcia,38.30701754385965,41.5,114.0
2026-03-18 19:15:00,Barcelona-Passeig de Gràcia,44.142857142857146,43.0,49.0
2026-03-18 19:30:00,Barcelona-Passeig de Gràcia,41.5679012345679,41.0,81.0
2026-03-18 19:45:00,Barcelona-Passeig de Gràcia,39.60294117647059,39.0,68.0
2026-03-18 20:00:00,Barcelona-Passeig de Gràcia,36.23880597014925,38.0,67.0
2026-03-18 20:15:00,Barcelona-Passeig de Gràcia,38.15384615384615,38.0,52.0
2026-03-18 20:30:00,Barcelona-Passeig de Gràcia,37.9375,38.0,64.0
2026-03-18 20:45:00,Barcelona-Passeig de Gràcia,36.55357142857143,38.0,56.0
2026-03-18 21:00:00,Barcelona-Passeig de Gràcia,43.63291139240506,40.0,79.0
2026-03-18 21:15:00,Barcelona-Passeig de Gràcia,33.525,39.0,40.0
2026-03-18 21:30:00,Barcelona-Passeig de Gràcia,38.32,44.0,50.0
2026-03-18 21:45:00,Barcelona-Passeig de Gràcia,39.57575757575758,44.0,33.0
2026-03-18 22:00:00,Barcelona-Passeig de Gràcia,43.4,44.0,55.0
2026-03-18 22:15:00,Barcelona-Passeig de Gràcia,39.11904761904762,38.0,42.0
2026-03-18 22:30:00,Barcelona-Passeig de Gràcia,42.827586206896555,40.0,29.0
2026-03-18 22:45:00,Barcelona-Passeig de Gràcia,40.111111111111114,38.0,27.0
2026-03-18 23:00:00,Barcelona-Passeig de Gràcia,33.86363636363637,39.0,22.0
2026-03-18 23:15:00,Barcelona-Passeig de Gràcia,27.647058823529413,35.0,17.0
2026-03-18 23:30:00,Barcelona-Passeig de Gràcia,27.75,20.0,12.0
2026-03-18 23:45:00,Barcelona-Passeig de Gràcia,17.88888888888889,20.0,9.0
2026-03-19 00:00:00,Barcelona-Passeig de Gràcia,,,
2026-03-19 00:15:00,Barcelona-Passeig de Gràcia,,,
2026-03-19 00:30:00,Barcelona-Passeig de Gràcia,,,
2026-03-19 00:45:00,Barcelona-Passeig de Gràcia,,,
2026-03-19 01:00:00,Barcelona-Passeig de Gràcia,,,
2026-03-19 01:15:00,Barcelona-Passeig de Gràcia,,,
2026-03-19 01:30:00,Barcelona-Passeig de Gràcia,,,
2026-03-19 01:45:00,Barcelona-Passeig de Gràcia,,,
2026-03-19 02:00:00,Barcelona-Passeig de Gràcia,,,
2026-03-19 02:15:00,Barcelona-Passeig de Gràcia,,,
2026-03-19 02:30:00,Barcelona-Passeig de Gràcia,,,
2026-03-19 02:45:00,Barcelona-Passeig de Gràcia,,,
2026-03-19 03:00:00,Barcelona-Passeig de Gràcia,3.0,3.0,1.0
2026-03-19 03:15:00,Barcelona-Passeig de Gràcia,7.5,7.5,2.0
2026-03-19 03:30:00,Barcelona-Passeig de Gràcia,9.857142857142858,8.0,14.0
2026-03-19 03:45:00,Barcelona-Passeig de Gràcia,12.375,8.0,8.0
2026-03-19 04:00:00,Barcelona-Passeig de Gràcia,11.0,11.0,2.0
2026-03-19 04:15:00,Barcelona-Passeig de Gràcia,10.125,8.0,32.0
2026-03-19 04:30:00,Barcelona-Passeig de Gràcia,13.81578947368421,8.0,38.0
2026-03-19 04:45:00,Barcelona-Passeig de Gràcia,16.63888888888889,14.0,72.0
2026-03-19 05:00:00,Barcelona-Passeig de Gràcia,12.0,12.0,36.0
2026-03-19 05:15:00,Barcelona-Passeig de Gràcia,19.085106382978722,14.0,94.0
2026-03-19 05:30:00,Barcelona-Passeig de Gràcia,15.951612903225806,14.0,62.0
2026-03-19 05:45:00,Barcelona-Passeig de Gràcia,16.746153846153845,12.5,130.0
2026-03-19 06:00:00,Barcelona-Passeig de Gràcia,15.094017094017094,12.0,117.0
2026-03-19 06:15:00,Barcelona-Passeig de Gràcia,17.193548387096776,12.0,124.0
2026-03-19 06:30:00,Barcelona-Passeig de Gràcia,18.102272727272727,8.5,88.0
2026-03-19 06:45:00,Barcelona-Passeig de Gràcia,21.069767441860463,13.5,86.0
2026-03-19 07:00:00,Barcelona-Passeig de Gràcia,22.813953488372093,22.0,86.0
2026-03-19 07:15:00,Barcelona-Passeig de Gràcia,25.458333333333332,22.0,72.0
2026-03-19 07:30:00,Barcelona-Passeig de Gràcia,25.88617886178862,22.0,123.0
2026-03-19 07:45:00,Barcelona-Passeig de Gràcia,25.765625,22.0,128.0
2026-03-19 08:00:00,Barcelona-Passeig de Gràcia,28.135922330097088,22.0,103.0
2026-03-19 08:15:00,Barcelona-Passeig de Gràcia,27.654545454545456,22.5,110.0
2026-03-19 08:30:00,Barcelona-Passeig de Gràcia,24.82456140350877,21.0,114.0
2026-03-19 08:45:00,Barcelona-Passeig de Gràcia,28.627906976744185,23.0,86.0
2026-03-19 09:00:00,Barcelona-Passeig de Gràcia,27.346534653465348,23.0,101.0
2026-03-19 09:15:00,Barcelona-Passeig de Gràcia,23.934782608695652,12.0,92.0
2026-03-19 09:30:00,Barcelona-Passeig de Gràcia,29.0,13.0,84.0
2026-03-19 09:45:00,Barcelona-Passeig de Gràcia,31.80392156862745,14.0,51.0
2026-03-19 10:00:00,Barcelona-Passeig de Gràcia,30.527027027027028,18.5,74.0
2026-03-19 10:15:00,Barcelona-Passeig de Gràcia,31.317460317460316,26.0,126.0
2026-03-19 10:30:00,Barcelona-Passeig de Gràcia,24.72222222222222,15.0,90.0
2026-03-19 10:45:00,Barcelona-Passeig de Gràcia,24.576923076923077,11.0,52.0
2026-03-19 11:00:00,Barcelona-Passeig de Gràcia,18.27027027027027,9.0,74.0
2026-03-19 11:15:00,Barcelona-Passeig de Gràcia,21.96825396825397,17.0,63.0
2026-03-19 11:30:00,Barcelona-Passeig de Gràcia,21.821428571428573,13.0,56.0
2026-03-19 11:45:00,Barcelona-Passeig de Gràcia,22.560606060606062,19.0,66.0
2026-03-19 12:00:00,Barcelona-Passeig de Gràcia,19.304347826086957,17.0,69.0
2026-03-19 12:15:00,Barcelona-Passeig de Gràcia,20.16,18.0,75.0
2026-03-19 12:30:00,Barcelona-Passeig de Gràcia,23.782608695652176,19.0,69.0
2026-03-19 12:45:00,Barcelona-Passeig de Gràcia,21.446428571428573,17.5,56.0
2026-03-19 13:00:00,Barcelona-Passeig de Gràcia,19.043478260869566,15.0,46.0
2026-03-19 13:15:00,Barcelona-Passeig de Gràcia,16.77777777777778,13.0,45.0
2026-03-19 13:30:00,Barcelona-Passeig de Gràcia,20.0327868852459,15.0,61.0
2026-03-19 13:45:00,Barcelona-Passeig de Gràcia,21.13157894736842,13.5,38.0
2026-03-19 14:00:00,Barcelona-Passeig de Gràcia,20.324324324324323,15.5,74.0
2026-03-19 14:15:00,Barcelona-Passeig de Gràcia,18.416666666666668,15.5,72.0
2026-03-19 14:30:00,Barcelona-Passeig de Gràcia,16.725490196078432,13.0,51.0
2026-03-19 14:45:00,Barcelona-Passeig de Gràcia,14.069444444444445,11.5,72.0
2026-03-19 15:00:00,Barcelona-Passeig de Gràcia,15.084745762711865,12.0,59.0
2026-03-19 15:15:00,Barcelona-Passeig de Gràcia,16.842105263157894,8.0,38.0
2026-03-19 15:30:00,Barcelona-Passeig de Gràcia,15.891566265060241,8.0,83.0
2026-03-19 15:45:00,Barcelona-Passeig de Gràcia,14.911764705882353,8.0,34.0
2026-03-19 16:00:00,Barcelona-Passeig de Gràcia,17.670886075949365,12.0,79.0
2026-03-19 16:15:00,Barcelona-Passeig de Gràcia,20.22680412371134,17.0,97.0
2026-03-19 16:30:00,Barcelona-Passeig de Gràcia,27.244444444444444,30.0,90.0
2026-03-19 16:45:00,Barcelona-Passeig de Gràcia,24.083333333333332,25.0,84.0
2026-03-19 17:00:00,Barcelona-Passeig de Gràcia,21.092307692307692,22.0,65.0
2026-03-19 17:15:00,Barcelona-Passeig de Gràcia,21.166666666666668,23.5,42.0
2026-03-19 17:30:00,Barcelona-Passeig de Gràcia,21.635135135135137,22.0,74.0
2026-03-19 17:45:00,Barcelona-Passeig de Gràcia,18.467391304347824,14.5,92.0
2026-03-19 18:00:00,Barcelona-Passeig de Gràcia,21.6125,20.0,80.0
2026-03-19 18:15:00,Barcelona-Passeig de Gràcia,19.36470588235294,19.0,85.0
2026-03-19 18:30:00,Barcelona-Passeig de Gràcia,17.64814814814815,18.0,54.0
2026-03-19 18:45:00,Barcelona-Passeig de Gràcia,21.698630136986303,18.0,73.0
2026-03-19 19:00:00,Barcelona-Passeig de Gràcia,22.16,23.0,50.0
2026-03-19 19:15:00,Barcelona-Passeig de Gràcia,16.656565656565657,7.0,99.0
2026-03-19 19:30:00,Barcelona-Passeig de Gràcia,16.61111111111111,13.0,54.0
2026-03-19 19:45:00,Barcelona-Passeig de Gràcia,21.26086956521739,18.0,69.0
2026-03-19 20:00:00,Barcelona-Passeig de Gràcia,20.83783783783784,17.0,74.0
2026-03-19 20:15:00,Barcelona-Passeig de Gràcia,25.20689655172414,27.0,87.0
2026-03-19 20:30:00,Barcelona-Passeig de Gràcia,23.133333333333333,23.0,60.0
2026-03-19 20:45:00,Barcelona-Passeig de Gràcia,22.035714285714285,18.0,84.0
2026-03-19 21:00:00,Barcelona-Passeig de Gràcia,18.674157303370787,14.0,89.0
2026-03-19 21:15:00,Barcelona-Passeig de Gràcia,18.875,10.0,56.0
2026-03-19 21:30:00,Barcelona-Passeig de Gràcia,24.586206896551722,25.0,58.0
2026-03-19 21:45:00,Barcelona-Passeig de Gràcia,25.607142857142858,25.0,56.0
2026-03-19 22:00:00,Barcelona-Passeig de Gràcia,23.2,25.0,40.0
2026-03-19 22:15:00,Barcelona-Passeig de Gràcia,22.425,26.0,40.0
2026-03-19 22:30:00,Barcelona-Passeig de Gràcia,18.043478260869566,25.0,23.0
2026-03-19 22:45:00,Barcelona-Passeig de Gràcia,18.0,26.0,25.0
2026-03-19 23:00:00,Barcelona-Passeig de Gràcia,16.928571428571427,25.5,14.0
2026-03-19 23:15:00,Barcelona-Passeig de Gràcia,16.3,26.0,10.0
2026-03-19 23:30:00,Barcelona-Passeig de Gràcia,12.083333333333334,17.0,12.0
2026-03-19 23:45:00,Barcelona-Passeig de Gràcia,4.666666666666667,-1.0,6.0
2026-03-20 00:00:00,Barcelona-Passeig de Gràcia,,,
2026-03-20 00:15:00,Barcelona-Passeig de Gràcia,,,
2026-03-20 00:30:00,Barcelona-Passeig de Gràcia,,,
2026-03-20 00:45:00,Barcelona-Passeig de Gràcia,,,
2026-03-20 01:00:00,Barcelona-Passeig de Gràcia,,,
2026-03-20 01:15:00,Barcelona-Passeig de Gràcia,,,
2026-03-20 01:30:00,Barcelona-Passeig de Gràcia,,,
2026-03-20 01:45:00,Barcelona-Passeig de Gràcia,,,
2026-03-20 02:00:00,Barcelona-Passeig de Gràcia,,,
2026-03-20 02:15:00,Barcelona-Passeig de Gràcia,,,
2026-03-20 02:30:00,Barcelona-Passeig de Gràcia,,,
2026-03-20 02:45:00,Barcelona-Passeig de Gràcia,,,
2026-03-20 03:00:00,Barcelona-Passeig de Gràcia,,,
2026-03-20 03:15:00,Barcelona-Passeig de Gràcia,,,
2026-03-20 03:30:00,Barcelona-Passeig de Gràcia,,,
2026-03-20 03:45:00,Barcelona-Passeig de Gràcia,11.0,11.0,2.0
2026-03-20 04:00:00,Barcelona-Passeig de Gràcia,11.833333333333334,6.0,12.0
2026-03-20 04:15:00,Barcelona-Passeig de Gràcia,8.8,9.0,25.0
2026-03-20 04:30:00,Barcelona-Passeig de Gràcia,5.264705882352941,12.0,34.0
2026-03-20 04:45:00,Barcelona-Passeig de Gràcia,13.066666666666666,14.0,15.0
2026-03-20 05:00:00,Barcelona-Passeig de Gràcia,11.4,10.0,60.0
2026-03-20 05:15:00,Barcelona-Passeig de Gràcia,3.9375,10.0,48.0
2026-03-20 05:30:00,Barcelona-Passeig de Gràcia,13.845070422535212,10.0,71.0
2026-03-20 05:45:00,Barcelona-Passeig de Gràcia,11.658823529411764,10.0,85.0
2026-03-20 06:00:00,Barcelona-Passeig de Gràcia,10.968992248062015,10.0,129.0
2026-03-20 06:15:00,Barcelona-Passeig de Gràcia,10.617021276595745,8.0,141.0
2026-03-20 06:30:00,Barcelona-Passeig de Gràcia,14.279569892473118,12.0,93.0
2026-03-20 06:45:00,Barcelona-Passeig de Gràcia,17.126582278481013,15.0,158.0
2026-03-20 07:00:00,Barcelona-Passeig de Gràcia,21.151515151515152,17.5,66.0
2026-03-20 07:15:00,Barcelona-Passeig de Gràcia,17.612021857923498,15.0,183.0
2026-03-20 07:30:00,Barcelona-Passeig de Gràcia,18.67924528301887,16.0,106.0
2026-03-20 07:45:00,Barcelona-Passeig de Gràcia,18.624,16.0,125.0
2026-03-20 08:00:00,Barcelona-Passeig de Gràcia,18.288732394366196,15.5,142.0
2026-03-20 08:15:00,Barcelona-Passeig de Gràcia,22.24793388429752,19.0,121.0
2026-03-20 08:30:00,Barcelona-Passeig de Gràcia,25.242857142857144,24.0,70.0
2026-03-20 08:45:00,Barcelona-Passeig de Gràcia,,,
2026-03-20 09:00:00,Barcelona-Passeig de Gràcia,26.970149253731343,26.0,67.0
2026-03-20 09:15:00,Barcelona-Passeig de Gràcia,26.41176470588235,26.0,85.0
2026-03-20 09:30:00,Barcelona-Passeig de Gràcia,20.02469135802469,15.0,81.0
2026-03-20 09:45:00,Barcelona-Passeig de Gràcia,19.272727272727273,19.0,55.0
2026-03-20 10:00:00,Barcelona-Passeig de Gràcia,19.75,15.0,12.0
2026-03-20 10:15:00,Barcelona-Passeig de Gràcia,18.095890410958905,11.0,73.0
2026-03-20 10:30:00,Barcelona-Passeig de Gràcia,22.61,19.0,100.0
2026-03-20 10:45:00,Barcelona-Passeig de Gràcia,22.154761904761905,17.0,84.0
2026-03-20 11:00:00,Barcelona-Passeig de Gràcia,20.433734939759034,10.0,83.0
2026-03-20 11:15:00,Barcelona-Passeig de Gràcia,26.484848484848484,28.0,33.0
2026-03-20 11:30:00,Barcelona-Passeig de Gràcia,,,
2026-03-20 11:45:00,Barcelona-Passeig de Gràcia,23.0,21.5,44.0
2026-03-20 12:00:00,Barcelona-Passeig de Gràcia,23.692307692307693,17.0,52.0
2026-03-20 12:15:00,Barcelona-Passeig de Gràcia,23.14864864864865,23.0,74.0
2026-03-20 12:30:00,Barcelona-Passeig de Gràcia,18.952380952380953,10.0,42.0
2026-03-20 12:45:00,Barcelona-Passeig de Gràcia,22.72222222222222,17.0,54.0
2026-03-20 13:00:00,Barcelona-Passeig de Gràcia,,,
2026-03-20 13:15:00,Barcelona-Passeig de Gràcia,15.818181818181818,12.0,11.0
2026-03-20 13:30:00,Barcelona-Passeig de Gràcia,16.285714285714285,12.0,49.0
2026-03-20 13:45:00,Barcelona-Passeig de Gràcia,20.17142857142857,12.0,35.0
2026-03-20 14:00:00,Barcelona-Passeig de Gràcia,22.417910447761194,12.0,67.0
2026-03-20 14:15:00,Barcelona-Passeig de Gràcia,22.773333333333333,12.0,75.0
2026-03-20 14:30:00,Barcelona-Passeig de Gràcia,20.458333333333332,16.0,24.0
2026-03-20 14:45:00,Barcelona-Passeig de Gràcia,,,
2026-03-20 15:00:00,Barcelona-Passeig de Gràcia,25.77777777777778,25.0,9.0
2026-03-20 15:15:00,Barcelona-Passeig de Gràcia,19.36842105263158,14.0,76.0
2026-03-20 15:30:00,Barcelona-Passeig de Gràcia,20.37037037037037,16.0,81.0
2026-03-20 15:45:00,Barcelona-Passeig de Gràcia,16.364583333333332,14.0,96.0
2026-03-20 16:00:00,Barcelona-Passeig de Gràcia,14.662921348314606,14.0,89.0
2026-03-20 16:15:00,Barcelona-Passeig de Gràcia,,,
2026-03-20 16:30:00,Barcelona-Passeig de Gràcia,13.418604651162791,11.0,43.0
2026-03-20 16:45:00,Barcelona-Passeig de Gràcia,14.65079365079365,10.0,63.0
2026-03-20 17:00:00,Barcelona-Passeig de Gràcia,13.720588235294118,8.0,68.0
2026-03-20 17:15:00,Barcelona-Passeig de Gràcia,17.692307692307693,11.0,65.0
2026-03-20 17:30:00,Barcelona-Passeig de Gràcia,20.68041237113402,16.0,97.0
2026-03-20 17:45:00,Barcelona-Passeig de Gràcia,,,
2026-03-20 18:00:00,Barcelona-Passeig de Gràcia,17.833333333333332,17.5,30.0
2026-03-20 18:15:00,Barcelona-Passeig de Gràcia,20.827956989247312,19.0,93.0
2026-03-20 18:30:00,Barcelona-Passeig de Gràcia,21.623529411764707,19.0,85.0
2026-03-20 18:45:00,Barcelona-Passeig de Gràcia,16.238636363636363,11.0,88.0
2026-03-20 19:00:00,Barcelona-Passeig de Gràcia,16.66,10.0,50.0
2026-03-20 19:15:00,Barcelona-Passeig de Gràcia,25.032967032967033,23.0,91.0
2026-03-20 19:30:00,Barcelona-Passeig de Gràcia,20.0,16.0,66.0
2026-03-20 19:45:00,Barcelona-Passeig de Gràcia,16.53191489361702,10.0,47.0
2026-03-20 20:00:00,Barcelona-Passeig de Gràcia,21.88235294117647,16.0,85.0
2026-03-20 20:15:00,Barcelona-Passeig de Gràcia,15.23076923076923,12.0,39.0
2026-03-20 20:30:00,Barcelona-Passeig de Gràcia,20.82716049382716,20.0,81.0
2026-03-20 20:45:00,Barcelona-Passeig de Gràcia,16.372093023255815,12.0,43.0
2026-03-20 21:00:00,Barcelona-Passeig de Gràcia,16.4375,13.5,64.0
2026-03-20 21:15:00,Barcelona-Passeig de Gràcia,18.789473684210527,20.0,57.0
2026-03-20 21:30:00,Barcelona-Passeig de Gràcia,18.304347826086957,12.0,46.0
2026-03-20 21:45:00,Barcelona-Passeig de Gràcia,16.8125,10.0,48.0
2026-03-20 22:00:00,Barcelona-Passeig de Gràcia,16.647058823529413,10.0,34.0
2026-03-20 22:15:00,Barcelona-Passeig de Gràcia,20.4468085106383,10.0,47.0
2026-03-20 22:30:00,Barcelona-Passeig de Gràcia,21.5,15.0,40.0
2026-03-20 22:45:00,Barcelona-Passeig de Gràcia,21.761904761904763,10.0,21.0
2026-03-20 23:00:00,Barcelona-Passeig de Gràcia,23.24137931034483,10.0,29.0
2026-03-20 23:15:00,Barcelona-Passeig de Gràcia,19.384615384615383,10.0,13.0
2026-03-20 23:30:00,Barcelona-Passeig de Gràcia,13.25,8.0,12.0
2026-03-20 23:45:00,Barcelona-Passeig de Gràcia,8.857142857142858,-1.0,7.0
2026-03-21 00:00:00,Barcelona-Passeig de Gràcia,,,
2026-03-21 00:15:00,Barcelona-Passeig de Gràcia,,,
2026-03-21 00:30:00,Barcelona-Passeig de Gràcia,,,
2026-03-21 00:45:00,Barcelona-Passeig de Gràcia,,,
2026-03-21 01:00:00,Barcelona-Passeig de Gràcia,,,
2026-03-21 01:15:00,Barcelona-Passeig de Gràcia,,,
2026-03-21 01:30:00,Barcelona-Passeig de Gràcia,,,
2026-03-21 01:45:00,Barcelona-Passeig de Gràcia,,,
2026-03-21 02:00:00,Barcelona-Passeig de Gràcia,,,
2026-03-21 02:15:00,Barcelona-Passeig de Gràcia,,,
2026-03-21 02:30:00,Barcelona-Passeig de Gràcia,,,
2026-03-21 02:45:00,Barcelona-Passeig de Gràcia,,,
2026-03-21 03:00:00,Barcelona-Passeig de Gràcia,,,
2026-03-21 03:15:00,Barcelona-Passeig de Gràcia,1.0,1.0,1.0
2026-03-21 03:30:00,Barcelona-Passeig de Gràcia,1.6666666666666667,1.0,6.0
2026-03-21 03:45:00,Barcelona-Passeig de Gràcia,1.5,1.5,4.0
2026-03-21 04:00:00,Barcelona-Passeig de Gràcia,5.8,3.0,25.0
2026-03-21 04:15:00,Barcelona-Passeig de Gràcia,4.16,2.0,25.0
2026-03-21 04:30:00,Barcelona-Passeig de Gràcia,11.842105263157896,12.0,19.0
2026-03-21 04:45:00,Barcelona-Passeig de Gràcia,8.35135135135135,5.0,37.0
2026-03-21 05:00:00,Barcelona-Passeig de Gràcia,8.731707317073171,2.0,41.0
2026-03-21 05:15:00,Barcelona-Passeig de Gràcia,4.173913043478261,1.0,23.0
2026-03-21 05:30:00,Barcelona-Passeig de Gràcia,6.055555555555555,4.0,36.0
2026-03-21 05:45:00,Barcelona-Passeig de Gràcia,9.579710144927537,5.0,69.0
2026-03-21 06:00:00,Barcelona-Passeig de Gràcia,10.634615384615385,6.0,52.0
2026-03-21 06:15:00,Barcelona-Passeig de Gràcia,11.545454545454545,7.0,88.0
2026-03-21 06:30:00,Barcelona-Passeig de Gràcia,12.403846153846153,7.0,52.0
2026-03-21 06:45:00,Barcelona-Passeig de Gràcia,18.97,17.0,100.0
2026-03-21 07:00:00,Barcelona-Passeig de Gràcia,20.761904761904763,17.0,42.0
2026-03-21 07:15:00,Barcelona-Passeig de Gràcia,19.103896103896105,11.0,77.0
2026-03-21 07:30:00,Barcelona-Passeig de Gràcia,20.527027027027028,17.0,74.0
2026-03-21 07:45:00,Barcelona-Passeig de Gràcia,20.428571428571427,17.0,84.0
2026-03-21 08:00:00,Barcelona-Passeig de Gràcia,20.1340206185567,17.0,97.0
2026-03-21 08:15:00,Barcelona-Passeig de Gràcia,20.825396825396826,17.0,63.0
2026-03-21 08:30:00,Barcelona-Passeig de Gràcia,21.097902097902097,21.0,143.0
2026-03-21 08:45:00,Barcelona-Passeig de Gràcia,24.819444444444443,25.0,72.0
2026-03-21 09:00:00,Barcelona-Passeig de Gràcia,25.375,23.5,64.0
2026-03-21 09:15:00,Barcelona-Passeig de Gràcia,25.33783783783784,25.0,74.0
2026-03-21 09:30:00,Barcelona-Passeig de Gràcia,22.766666666666666,23.0,120.0
2026-03-21 09:45:00,Barcelona-Passeig de Gràcia,20.30188679245283,14.0,53.0
2026-03-21 10:00:00,Barcelona-Passeig de Gràcia,20.301369863013697,14.0,73.0
2026-03-21 10:15:00,Barcelona-Passeig de Gràcia,25.71604938271605,26.0,81.0
2026-03-21 10:30:00,Barcelona-Passeig de Gràcia,22.460176991150444,14.0,113.0
2026-03-21 10:45:00,Barcelona-Passeig de Gràcia,26.65740740740741,26.5,108.0
2026-03-21 11:00:00,Barcelona-Passeig de Gràcia,24.904109589041095,23.0,73.0
2026-03-21 11:15:00,Barcelona-Passeig de Gràcia,22.53153153153153,15.0,111.0
2026-03-21 11:30:00,Barcelona-Passeig de Gràcia,26.123595505617978,25.0,89.0
2026-03-21 11:45:00,Barcelona-Passeig de Gràcia,23.1046511627907,18.0,86.0
2026-03-21 12:00:00,Barcelona-Passeig de Gràcia,23.507246376811594,15.0,69.0
2026-03-21 12:15:00,Barcelona-Passeig de Gràcia,26.08695652173913,24.0,46.0
2026-03-21 12:30:00,Barcelona-Passeig de Gràcia,18.88888888888889,11.0,90.0
2026-03-21 12:45:00,Barcelona-Passeig de Gràcia,24.89041095890411,21.0,73.0
2026-03-21 13:00:00,Barcelona-Passeig de Gràcia,26.81132075471698,23.0,106.0
2026-03-21 13:15:00,Barcelona-Passeig de Gràcia,24.8953488372093,23.0,86.0
2026-03-21 13:30:00,Barcelona-Passeig de Gràcia,24.40963855421687,23.0,83.0
2026-03-21 13:45:00,Barcelona-Passeig de Gràcia,33.12676056338028,33.0,71.0
2026-03-21 14:00:00,Barcelona-Passeig de Gràcia,30.07843137254902,33.0,51.0
2026-03-21 14:15:00,Barcelona-Passeig de Gràcia,33.85436893203884,35.0,103.0
2026-03-21 14:30:00,Barcelona-Passeig de Gràcia,28.98507462686567,23.0,134.0
2026-03-21 14:45:00,Barcelona-Passeig de Gràcia,30.992592592592594,32.0,135.0
2026-03-21 15:00:00,Barcelona-Passeig de Gràcia,27.593406593406595,28.0,91.0
2026-03-21 15:15:00,Barcelona-Passeig de Gràcia,30.64835164835165,30.0,91.0
2026-03-21 15:30:00,Barcelona-Passeig de Gràcia,31.275510204081634,32.0,98.0
2026-03-21 15:45:00,Barcelona-Passeig de Gràcia,26.546875,29.5,64.0
2026-03-21 16:00:00,Barcelona-Passeig de Gràcia,24.267441860465116,23.0,86.0
2026-03-21 16:15:00,Barcelona-Passeig de Gràcia,21.0,14.0,88.0
2026-03-21 16:30:00,Barcelona-Passeig de Gràcia,24.655555555555555,23.0,90.0
2026-03-21 16:45:00,Barcelona-Passeig de Gràcia,20.666666666666668,12.5,60.0
2026-03-21 17:00:00,Barcelona-Passeig de Gràcia,20.36144578313253,11.0,83.0
2026-03-21 17:15:00,Barcelona-Passeig de Gràcia,20.333333333333332,10.0,66.0
2026-03-21 17:30:00,Barcelona-Passeig de Gràcia,25.597701149425287,23.0,87.0
2026-03-21 17:45:00,Barcelona-Passeig de Gràcia,18.666666666666668,7.0,63.0
2026-03-21 18:00:00,Barcelona-Passeig de Gràcia,27.347826086956523,26.0,69.0
2026-03-21 18:15:00,Barcelona-Passeig de Gràcia,28.4,28.0,110.0
2026-03-21 18:30:00,Barcelona-Passeig de Gràcia,23.566037735849058,20.0,106.0
2026-03-21 18:45:00,Barcelona-Passeig de Gràcia,24.13095238095238,22.5,84.0
2026-03-21 19:00:00,Barcelona-Passeig de Gràcia,31.956521739130434,24.0,69.0
2026-03-21 19:15:00,Barcelona-Passeig de Gràcia,31.548387096774192,30.0,62.0
2026-03-21 19:30:00,Barcelona-Passeig de Gràcia,21.387755102040817,20.0,49.0
2026-03-21 19:45:00,Barcelona-Passeig de Gràcia,21.935064935064936,19.0,77.0
2026-03-21 20:00:00,Barcelona-Passeig de Gràcia,18.91780821917808,10.0,73.0
2026-03-21 20:15:00,Barcelona-Passeig de Gràcia,26.93220338983051,28.0,59.0
2026-03-21 20:30:00,Barcelona-Passeig de Gràcia,26.436781609195403,20.0,87.0
2026-03-21 20:45:00,Barcelona-Passeig de Gràcia,19.5,10.0,68.0
2026-03-21 21:00:00,Barcelona-Passeig de Gràcia,18.94736842105263,10.0,57.0
2026-03-21 21:15:00,Barcelona-Passeig de Gràcia,24.65,20.0,40.0
2026-03-21 21:30:00,Barcelona-Passeig de Gràcia,20.636363636363637,8.0,55.0
2026-03-21 21:45:00,Barcelona-Passeig de Gràcia,23.466666666666665,20.0,45.0
2026-03-21 22:00:00,Barcelona-Passeig de Gràcia,17.4,7.0,45.0
2026-03-21 22:15:00,Barcelona-Passeig de Gràcia,17.057142857142857,2.0,35.0
2026-03-21 22:30:00,Barcelona-Passeig de Gràcia,14.558823529411764,10.0,34.0
2026-03-21 22:45:00,Barcelona-Passeig de Gràcia,18.24137931034483,3.0,29.0
2026-03-21 23:00:00,Barcelona-Passeig de Gràcia,14.944444444444445,2.0,18.0
2026-03-21 23:15:00,Barcelona-Passeig de Gràcia,17.842105263157894,2.0,19.0
2026-03-21 23:30:00,Barcelona-Passeig de Gràcia,32.666666666666664,58.0,9.0
2026-03-21 23:45:00,Barcelona-Passeig de Gràcia,16.0,-1.0,7.0
2026-03-22 00:00:00,Barcelona-Passeig de Gràcia,,,
2026-03-22 00:15:00,Barcelona-Passeig de Gràcia,,,
2026-03-22 00:30:00,Barcelona-Passeig de Gràcia,,,
2026-03-22 00:45:00,Barcelona-Passeig de Gràcia,,,
2026-03-22 01:00:00,Barcelona-Passeig de Gràcia,,,
2026-03-22 01:15:00,Barcelona-Passeig de Gràcia,,,
2026-03-22 01:30:00,Barcelona-Passeig de Gràcia,,,
2026-03-22 01:45:00,Barcelona-Passeig de Gràcia,,,
2026-03-22 02:00:00,Barcelona-Passeig de Gràcia,,,
2026-03-22 02:15:00,Barcelona-Passeig de Gràcia,,,
2026-03-22 02:30:00,Barcelona-Passeig de Gràcia,,,
2026-03-22 02:45:00,Barcelona-Passeig de Gràcia,,,
2026-03-22 03:00:00,Barcelona-Passeig de Gràcia,3.0,3.0,1.0
2026-03-22 03:15:00,Barcelona-Passeig de Gràcia,,,
2026-03-22 03:30:00,Barcelona-Passeig de Gràcia,4.0,3.5,4.0
2026-03-22 03:45:00,Barcelona-Passeig de Gràcia,7.0,7.0,2.0
2026-03-22 04:00:00,Barcelona-Passeig de Gràcia,9.8,3.0,25.0
2026-03-22 04:15:00,Barcelona-Passeig de Gràcia,6.958333333333333,2.0,24.0
2026-03-22 04:30:00,Barcelona-Passeig de Gràcia,5.25,2.0,16.0
2026-03-22 04:45:00,Barcelona-Passeig de Gràcia,9.92,3.0,25.0
2026-03-22 05:00:00,Barcelona-Passeig de Gràcia,6.071428571428571,3.0,28.0
2026-03-22 05:15:00,Barcelona-Passeig de Gràcia,5.84,4.5,50.0
2026-03-22 05:30:00,Barcelona-Passeig de Gràcia,10.47887323943662,6.0,71.0
2026-03-22 05:45:00,Barcelona-Passeig de Gràcia,9.5,4.0,52.0
2026-03-22 06:00:00,Barcelona-Passeig de Gràcia,7.36,3.0,50.0
2026-03-22 06:15:00,Barcelona-Passeig de Gràcia,12.093333333333334,3.0,75.0
2026-03-22 06:30:00,Barcelona-Passeig de Gràcia,15.537037037037036,11.0,54.0
2026-03-22 06:45:00,Barcelona-Passeig de Gràcia,16.33823529411765,9.0,68.0
2026-03-22 07:00:00,Barcelona-Passeig de Gràcia,14.941176470588236,11.0,85.0
2026-03-22 07:15:00,Barcelona-Passeig de Gràcia,16.788888888888888,18.0,90.0
2026-03-22 07:30:00,Barcelona-Passeig de Gràcia,15.536585365853659,17.0,82.0
2026-03-22 07:45:00,Barcelona-Passeig de Gràcia,14.547945205479452,11.0,73.0
2026-03-22 08:00:00,Barcelona-Passeig de Gràcia,17.38157894736842,21.0,76.0
2026-03-22 08:15:00,Barcelona-Passeig de Gràcia,14.619047619047619,11.0,63.0
2026-03-22 08:30:00,Barcelona-Passeig de Gràcia,18.683333333333334,23.0,60.0
2026-03-22 08:45:00,Barcelona-Passeig de Gràcia,10.878787878787879,8.5,66.0
2026-03-22 09:00:00,Barcelona-Passeig de Gràcia,13.35,9.0,60.0
2026-03-22 09:15:00,Barcelona-Passeig de Gràcia,16.82894736842105,13.5,76.0
2026-03-22 09:30:00,Barcelona-Passeig de Gràcia,18.26595744680851,19.5,94.0
2026-03-22 09:45:00,Barcelona-Passeig de Gràcia,15.241935483870968,11.5,62.0
2026-03-22 10:00:00,Barcelona-Passeig de Gràcia,18.662790697674417,14.0,86.0
2026-03-22 10:15:00,Barcelona-Passeig de Gràcia,18.96923076923077,20.0,65.0
2026-03-22 10:30:00,Barcelona-Passeig de Gràcia,16.876288659793815,13.0,97.0
2026-03-22 10:45:00,Barcelona-Passeig de Gràcia,13.716981132075471,7.0,53.0
2026-03-22 11:00:00,Barcelona-Passeig de Gràcia,19.940298507462686,27.0,67.0
2026-03-22 11:15:00,Barcelona-Passeig de Gràcia,22.5,27.0,90.0
2026-03-22 11:30:00,Barcelona-Passeig de Gràcia,20.389830508474578,19.0,59.0
2026-03-22 11:45:00,Barcelona-Passeig de Gràcia,22.753086419753085,20.0,81.0
2026-03-22 12:00:00,Barcelona-Passeig de Gràcia,22.59259259259259,26.5,54.0
2026-03-22 12:15:00,Barcelona-Passeig de Gràcia,22.426470588235293,13.0,68.0
2026-03-22 12:30:00,Barcelona-Passeig de Gràcia,24.189655172413794,21.0,58.0
2026-03-22 12:45:00,Barcelona-Passeig de Gràcia,25.82089552238806,26.0,67.0
2026-03-22 13:00:00,Barcelona-Passeig de Gràcia,17.29032258064516,8.0,31.0
2026-03-22 13:15:00,Barcelona-Passeig de Gràcia,19.03061224489796,8.5,98.0
2026-03-22 13:30:00,Barcelona-Passeig de Gràcia,15.54054054054054,6.0,74.0
2026-03-22 13:45:00,Barcelona-Passeig de Gràcia,26.310344827586206,24.0,58.0
2026-03-22 14:00:00,Barcelona-Passeig de Gràcia,17.177419354838708,6.0,62.0
2026-03-22 14:15:00,Barcelona-Passeig de Gràcia,24.10810810810811,18.0,37.0
2026-03-22 14:30:00,Barcelona-Passeig de Gràcia,20.421875,18.0,64.0
2026-03-22 14:45:00,Barcelona-Passeig de Gràcia,20.571428571428573,5.0,42.0
2026-03-22 15:00:00,Barcelona-Passeig de Gràcia,23.734375,27.0,64.0
2026-03-22 15:15:00,Barcelona-Passeig de Gràcia,27.416666666666668,29.0,60.0
2026-03-22 15:30:00,Barcelona-Passeig de Gràcia,25.75409836065574,18.0,61.0
2026-03-22 15:45:00,Barcelona-Passeig de Gràcia,17.884057971014492,7.0,69.0
2026-03-22 16:00:00,Barcelona-Passeig de Gràcia,24.627450980392158,12.0,51.0
2026-03-22 16:15:00,Barcelona-Passeig de Gràcia,29.392857142857142,19.0,56.0
2026-03-22 16:30:00,Barcelona-Passeig de Gràcia,25.1625,6.0,80.0
2026-03-22 16:45:00,Barcelona-Passeig de Gràcia,27.56338028169014,7.0,71.0
2026-03-22 17:00:00,Barcelona-Passeig de Gràcia,41.075949367088604,34.0,79.0
2026-03-22 17:15:00,Barcelona-Passeig de Gràcia,39.03921568627451,32.0,51.0
2026-03-22 17:30:00,Barcelona-Passeig de Gràcia,30.956043956043956,16.0,91.0
2026-03-22 17:45:00,Barcelona-Passeig de Gràcia,36.10344827586207,32.0,58.0
2026-03-22 18:00:00,Barcelona-Passeig de Gràcia,34.36842105263158,29.5,114.0
2026-03-22 18:15:00,Barcelona-Passeig de Gràcia,22.92156862745098,10.0,51.0
2026-03-22 18:30:00,Barcelona-Passeig de Gràcia,26.78688524590164,17.0,61.0
2026-03-22 18:45:00,Barcelona-Passeig de Gràcia,29.10958904109589,27.0,73.0
2026-03-22 19:00:00,Barcelona-Passeig de Gràcia,25.80327868852459,17.0,61.0
2026-03-22 19:15:00,Barcelona-Passeig de Gràcia,29.984126984126984,25.0,63.0
2026-03-22 19:30:00,Barcelona-Passeig de Gràcia,28.13888888888889,26.0,72.0
2026-03-22 19:45:00,Barcelona-Passeig de Gràcia,29.625,27.0,72.0
2026-03-22 20:00:00,Barcelona-Passeig de Gràcia,26.791044776119403,32.0,67.0
2026-03-22 20:15:00,Barcelona-Passeig de Gràcia,20.611764705882354,14.0,85.0
2026-03-22 20:30:00,Barcelona-Passeig de Gràcia,17.228571428571428,10.0,70.0
2026-03-22 20:45:00,Barcelona-Passeig de Gràcia,18.297619047619047,12.0,84.0
2026-03-22 21:00:00,Barcelona-Passeig de Gràcia,19.026315789473685,10.0,38.0
2026-03-22 21:15:00,Barcelona-Passeig de Gràcia,20.636363636363637,17.0,44.0
2026-03-22 21:30:00,Barcelona-Passeig de Gràcia,16.90566037735849,10.0,53.0
2026-03-22 21:45:00,Barcelona-Passeig de Gràcia,23.096774193548388,17.0,31.0
2026-03-22 22:00:00,Barcelona-Passeig de Gràcia,18.106382978723403,13.0,47.0
2026-03-22 22:15:00,Barcelona-Passeig de Gràcia,17.181818181818183,13.0,33.0
2026-03-22 22:30:00,Barcelona-Passeig de Gràcia,18.526315789473685,14.5,38.0
2026-03-22 22:45:00,Barcelona-Passeig de Gràcia,20.925925925925927,17.0,27.0
2026-03-22 23:00:00,Barcelona-Passeig de Gràcia,22.0,10.0,11.0
2026-03-22 23:15:00,Barcelona-Passeig de Gràcia,20.0,10.0,12.0
2026-03-22 23:30:00,Barcelona-Passeig de Gràcia,18.22222222222222,10.0,9.0
2026-03-22 23:45:00,Barcelona-Passeig de Gràcia,6.0,7.0,5.0
2026-03-23 00:00:00,Barcelona-Passeig de Gràcia,,,
2026-03-23 00:15:00,Barcelona-Passeig de Gràcia,,,
2026-03-23 00:30:00,Barcelona-Passeig de Gràcia,,,
2026-03-23 00:45:00,Barcelona-Passeig de Gràcia,,,
2026-03-23 01:00:00,Barcelona-Passeig de Gràcia,,,
2026-03-23 01:15:00,Barcelona-Passeig de Gràcia,,,
2026-03-23 01:30:00,Barcelona-Passeig de Gràcia,,,
2026-03-23 01:45:00,Barcelona-Passeig de Gràcia,,,
2026-03-23 02:00:00,Barcelona-Passeig de Gràcia,,,
2026-03-23 02:15:00,Barcelona-Passeig de Gràcia,,,
2026-03-23 02:30:00,Barcelona-Passeig de Gràcia,,,
2026-03-23 02:45:00,Barcelona-Passeig de Gràcia,1.0,1.0,1.0
2026-03-23 03:00:00,Barcelona-Passeig de Gràcia,13.0,13.0,1.0
2026-03-23 03:15:00,Barcelona-Passeig de Gràcia,10.0,10.0,1.0
2026-03-23 03:30:00,Barcelona-Passeig de Gràcia,6.55,6.5,20.0
2026-03-23 03:45:00,Barcelona-Passeig de Gràcia,1.0,1.0,3.0
2026-03-23 04:00:00,Barcelona-Passeig de Gràcia,7.0,6.0,9.0
2026-03-23 04:15:00,Barcelona-Passeig de Gràcia,8.0,6.0,16.0
2026-03-23 04:30:00,Barcelona-Passeig de Gràcia,6.254901960784314,5.0,51.0
2026-03-23 04:45:00,Barcelona-Passeig de Gràcia,5.6,5.0,40.0
2026-03-23 05:00:00,Barcelona-Passeig de Gràcia,5.472222222222222,2.0,36.0
2026-03-23 05:15:00,Barcelona-Passeig de Gràcia,7.085106382978723,6.0,47.0
2026-03-23 05:30:00,Barcelona-Passeig de Gràcia,7.078125,6.5,64.0
2026-03-23 05:45:00,Barcelona-Passeig de Gràcia,7.428571428571429,6.0,49.0
2026-03-23 06:00:00,Barcelona-Passeig de Gràcia,5.319672131147541,6.5,122.0
2026-03-23 06:15:00,Barcelona-Passeig de Gràcia,4.419642857142857,6.0,112.0
2026-03-23 06:30:00,Barcelona-Passeig de Gràcia,10.2890625,6.0,128.0
2026-03-23 06:45:00,Barcelona-Passeig de Gràcia,10.0,6.0,100.0
2026-03-23 07:00:00,Barcelona-Passeig de Gràcia,11.422764227642276,6.0,123.0
2026-03-23 07:15:00,Barcelona-Passeig de Gràcia,10.632352941176471,6.0,68.0
2026-03-23 07:30:00,Barcelona-Passeig de Gràcia,12.754716981132075,9.0,106.0
2026-03-23 07:45:00,Barcelona-Passeig de Gràcia,12.84297520661157,8.0,121.0
2026-03-23 08:00:00,Barcelona-Passeig de Gràcia,15.81021897810219,10.0,137.0
2026-03-23 08:15:00,Barcelona-Passeig de Gràcia,12.69767441860465,8.0,86.0
2026-03-23 08:30:00,Barcelona-Passeig de Gràcia,18.75862068965517,12.0,116.0
2026-03-23 08:45:00,Barcelona-Passeig de Gràcia,14.261363636363637,11.0,88.0
2026-03-23 09:00:00,Barcelona-Passeig de Gràcia,20.426666666666666,14.0,75.0
2026-03-23 09:15:00,Barcelona-Passeig de Gràcia,26.18867924528302,18.0,106.0
2026-03-23 09:30:00,Barcelona-Passeig de Gràcia,22.78723404255319,17.0,94.0
2026-03-23 09:45:00,Barcelona-Passeig de Gràcia,22.11111111111111,19.0,63.0
2026-03-23 10:00:00,Barcelona-Passeig de Gràcia,19.08421052631579,15.0,95.0
2026-03-23 10:15:00,Barcelona-Passeig de Gràcia,15.053097345132743,11.0,113.0
2026-03-23 10:30:00,Barcelona-Passeig de Gràcia,13.445652173913043,10.0,92.0
2026-03-23 10:45:00,Barcelona-Passeig de Gràcia,23.38888888888889,15.5,54.0
2026-03-23 11:00:00,Barcelona-Passeig de Gràcia,28.652173913043477,16.0,46.0
2026-03-23 11:15:00,Barcelona-Passeig de Gràcia,24.779661016949152,15.0,59.0
2026-03-23 11:30:00,Barcelona-Passeig de Gràcia,26.12,12.0,50.0
2026-03-23 11:45:00,Barcelona-Passeig de Gràcia,27.746666666666666,23.0,75.0
2026-03-23 12:00:00,Barcelona-Passeig de Gràcia,27.513513513513512,15.0,37.0
2026-03-23 12:15:00,Barcelona-Passeig de Gràcia,28.347826086956523,23.0,69.0
2026-03-23 12:30:00,Barcelona-Passeig de Gràcia,22.666666666666668,11.0,51.0
2026-03-23 12:45:00,Barcelona-Passeig de Gràcia,28.128205128205128,28.0,39.0
2026-03-23 13:00:00,Barcelona-Passeig de Gràcia,28.650793650793652,28.0,63.0
2026-03-23 13:15:00,Barcelona-Passeig de Gràcia,20.696202531645568,12.0,79.0
2026-03-23 13:30:00,Barcelona-Passeig de Gràcia,23.23913043478261,23.0,46.0
2026-03-23 13:45:00,Barcelona-Passeig de Gràcia,20.842105263157894,15.0,57.0
2026-03-23 14:00:00,Barcelona-Passeig de Gràcia,22.46875,22.0,64.0
2026-03-23 14:15:00,Barcelona-Passeig de Gràcia,20.340425531914892,14.0,47.0
2026-03-23 14:30:00,Barcelona-Passeig de Gràcia,18.826666666666668,12.0,75.0
2026-03-23 14:45:00,Barcelona-Passeig de Gràcia,16.639344262295083,11.0,61.0
2026-03-23 15:00:00,Barcelona-Passeig de Gràcia,16.73076923076923,7.0,26.0
2026-03-23 15:15:00,Barcelona-Passeig de Gràcia,17.08695652173913,12.0,69.0
2026-03-23 15:30:00,Barcelona-Passeig de Gràcia,18.51923076923077,15.0,52.0
2026-03-23 15:45:00,Barcelona-Passeig de Gràcia,18.833333333333332,13.5,60.0
2026-03-23 16:00:00,Barcelona-Passeig de Gràcia,18.53846153846154,17.0,65.0
2026-03-23 16:15:00,Barcelona-Passeig de Gràcia,19.79032258064516,20.0,62.0
2026-03-23 16:30:00,Barcelona-Passeig de Gràcia,17.240506329113924,14.0,79.0
2026-03-23 16:45:00,Barcelona-Passeig de Gràcia,16.432835820895523,17.0,67.0
2026-03-23 17:00:00,Barcelona-Passeig de Gràcia,15.932584269662922,17.0,89.0
2026-03-23 17:15:00,Barcelona-Passeig de Gràcia,11.573529411764707,9.5,68.0
2026-03-23 17:30:00,Barcelona-Passeig de Gràcia,12.551020408163266,12.0,49.0
2026-03-23 17:45:00,Barcelona-Passeig de Gràcia,10.512820512820513,6.0,39.0
2026-03-23 18:00:00,Barcelona-Passeig de Gràcia,12.23076923076923,9.5,52.0
2026-03-23 18:15:00,Barcelona-Passeig de Gràcia,10.333333333333334,8.0,63.0
2026-03-23 18:30:00,Barcelona-Passeig de Gràcia,10.25,8.0,64.0
2026-03-23 18:45:00,Barcelona-Passeig de Gràcia,12.859375,8.0,64.0
2026-03-23 19:00:00,Barcelona-Passeig de Gràcia,11.53623188405797,8.0,69.0
2026-03-23 19:15:00,Barcelona-Passeig de Gràcia,9.085365853658537,5.0,82.0
2026-03-23 19:30:00,Barcelona-Passeig de Gràcia,10.161290322580646,7.0,62.0
2026-03-23 19:45:00,Barcelona-Passeig de Gràcia,10.907692307692308,8.0,65.0
2026-03-23 20:00:00,Barcelona-Passeig de Gràcia,13.26923076923077,11.0,52.0
2026-03-23 20:15:00,Barcelona-Passeig de Gràcia,11.662650602409638,8.0,83.0
2026-03-23 20:30:00,Barcelona-Passeig de Gràcia,13.790697674418604,14.0,43.0
2026-03-23 20:45:00,Barcelona-Passeig de Gràcia,12.507246376811594,10.0,69.0
2026-03-23 21:00:00,Barcelona-Passeig de Gràcia,13.14102564102564,7.5,78.0
2026-03-23 21:15:00,Barcelona-Passeig de Gràcia,12.692307692307692,8.0,65.0
2026-03-23 21:30:00,Barcelona-Passeig de Gràcia,16.152542372881356,8.0,59.0
2026-03-23 21:45:00,Barcelona-Passeig de Gràcia,13.25,7.0,68.0
2026-03-23 22:00:00,Barcelona-Passeig de Gràcia,12.785714285714286,6.0,56.0
2026-03-23 22:15:00,Barcelona-Passeig de Gràcia,17.44736842105263,19.5,38.0
2026-03-23 22:30:00,Barcelona-Passeig de Gràcia,16.80851063829787,19.0,47.0
2026-03-23 22:45:00,Barcelona-Passeig de Gràcia,17.130434782608695,20.0,23.0
2026-03-23 23:00:00,Barcelona-Passeig de Gràcia,17.41176470588235,20.0,17.0
2026-03-23 23:15:00,Barcelona-Passeig de Gràcia,17.692307692307693,6.0,13.0
2026-03-23 23:30:00,Barcelona-Passeig de Gràcia,15.166666666666666,6.0,6.0
2026-03-23 23:45:00,Barcelona-Passeig de Gràcia,1.8,-3.0,5.0
2026-03-24 00:00:00,Barcelona-Passeig de Gràcia,,,
2026-03-24 00:15:00,Barcelona-Passeig de Gràcia,,,
2026-03-24 00:30:00,Barcelona-Passeig de Gràcia,,,
2026-03-24 00:45:00,Barcelona-Passeig de Gràcia,,,
2026-03-24 01:00:00,Barcelona-Passeig de Gràcia,,,
2026-03-24 01:15:00,Barcelona-Passeig de Gràcia,,,
2026-03-24 01:30:00,Barcelona-Passeig de Gràcia,,,
2026-03-24 01:45:00,Barcelona-Passeig de Gràcia,,,
2026-03-24 02:00:00,Barcelona-Passeig de Gràcia,,,
2026-03-24 02:15:00,Barcelona-Passeig de Gràcia,,,
2026-03-24 02:30:00,Barcelona-Passeig de Gràcia,,,
2026-03-24 02:45:00,Barcelona-Passeig de Gràcia,,,
2026-03-24 03:00:00,Barcelona-Passeig de Gràcia,,,
2026-03-24 03:15:00,Barcelona-Passeig de Gràcia,10.0,10.0,2.0
2026-03-24 03:30:00,Barcelona-Passeig de Gràcia,4.25,1.0,8.0
2026-03-24 03:45:00,Barcelona-Passeig de Gràcia,5.125,2.0,16.0
2026-03-24 04:00:00,Barcelona-Passeig de Gràcia,1.75,1.0,8.0
2026-03-24 04:15:00,Barcelona-Passeig de Gràcia,10.785714285714286,7.0,42.0
2026-03-24 04:30:00,Barcelona-Passeig de Gràcia,8.53125,6.0,64.0
2026-03-24 04:45:00,Barcelona-Passeig de Gràcia,8.38888888888889,6.0,36.0
2026-03-24 05:00:00,Barcelona-Passeig de Gràcia,9.945544554455445,8.0,202.0
2026-03-24 05:15:00,Barcelona-Passeig de Gràcia,11.088235294117647,8.0,102.0
2026-03-24 05:30:00,Barcelona-Passeig de Gràcia,9.25,6.0,112.0
2026-03-24 05:45:00,Barcelona-Passeig de Gràcia,10.45138888888889,8.0,144.0
2026-03-24 06:00:00,Barcelona-Passeig de Gràcia,10.166666666666666,6.5,150.0
2026-03-24 06:15:00,Barcelona-Passeig de Gràcia,9.88961038961039,5.0,154.0
2026-03-24 06:30:00,Barcelona-Passeig de Gràcia,11.170454545454545,6.0,176.0
2026-03-24 06:45:00,Barcelona-Passeig de Gràcia,11.844594594594595,8.5,148.0
2026-03-24 07:00:00,Barcelona-Passeig de Gràcia,13.01,12.0,200.0
2026-03-24 07:15:00,Barcelona-Passeig de Gràcia,14.602150537634408,12.0,186.0
2026-03-24 07:30:00,Barcelona-Passeig de Gràcia,15.400621118012422,12.5,322.0
2026-03-24 07:45:00,Barcelona-Passeig de Gràcia,16.41111111111111,14.0,180.0
2026-03-24 08:00:00,Barcelona-Passeig de Gràcia,14.602803738317757,12.5,214.0
2026-03-24 08:15:00,Barcelona-Passeig de Gràcia,18.025,18.0,200.0
2026-03-24 08:30:00,Barcelona-Passeig de Gràcia,15.328358208955224,15.0,134.0
2026-03-24 08:45:00,Barcelona-Passeig de Gràcia,15.570796460176991,13.0,226.0
2026-03-24 09:00:00,Barcelona-Passeig de Gràcia,18.0,13.0,152.0
2026-03-24 09:15:00,Barcelona-Passeig de Gràcia,20.9375,18.0,144.0
2026-03-24 09:30:00,Barcelona-Passeig de Gràcia,17.21078431372549,14.0,204.0
2026-03-24 09:45:00,Barcelona-Passeig de Gràcia,17.44776119402985,13.0,134.0
2026-03-24 10:00:00,Barcelona-Passeig de Gràcia,15.993827160493828,11.0,162.0
2026-03-24 10:15:00,Barcelona-Passeig de Gràcia,17.471014492753625,13.0,138.0
2026-03-24 10:30:00,Barcelona-Passeig de Gràcia,18.037634408602152,14.0,186.0
2026-03-24 10:45:00,Barcelona-Passeig de Gràcia,17.01219512195122,13.0,82.0
2026-03-24 11:00:00,Barcelona-Passeig de Gràcia,13.267441860465116,8.0,86.0
2026-03-24 11:15:00,Barcelona-Passeig de Gràcia,12.387096774193548,8.0,124.0
2026-03-24 11:30:00,Barcelona-Passeig de Gràcia,13.305084745762711,8.0,118.0
2026-03-24 11:45:00,Barcelona-Passeig de Gràcia,11.369047619047619,7.5,84.0
2026-03-24 12:00:00,Barcelona-Passeig de Gràcia,14.948529411764707,10.0,136.0
2026-03-24 12:15:00,Barcelona-Passeig de Gràcia,14.143939393939394,10.0,132.0
2026-03-24 12:30:00,Barcelona-Passeig de Gràcia,16.821428571428573,11.0,112.0
2026-03-24 12:45:00,Barcelona-Passeig de Gràcia,19.866197183098592,15.0,142.0
2026-03-24 13:00:00,Barcelona-Passeig de Gràcia,14.040322580645162,11.0,124.0
2026-03-24 13:15:00,Barcelona-Passeig de Gràcia,22.674418604651162,23.0,86.0
2026-03-24 13:30:00,Barcelona-Passeig de Gràcia,17.45744680851064,13.0,188.0
2026-03-24 13:45:00,Barcelona-Passeig de Gràcia,17.194444444444443,11.0,36.0
2026-03-24 14:00:00,Barcelona-Passeig de Gràcia,15.368421052631579,11.0,114.0
2026-03-24 14:15:00,Barcelona-Passeig de Gràcia,18.666666666666668,19.0,66.0
2026-03-24 14:30:00,Barcelona-Passeig de Gràcia,15.666666666666666,11.0,114.0
2026-03-24 14:45:00,Barcelona-Passeig de Gràcia,16.266666666666666,12.0,60.0
2026-03-24 15:00:00,Barcelona-Passeig de Gràcia,16.77777777777778,12.5,144.0
2026-03-24 15:15:00,Barcelona-Passeig de Gràcia,18.470588235294116,13.5,68.0
2026-03-24 15:30:00,Barcelona-Passeig de Gràcia,21.72826086956522,17.5,92.0
2026-03-24 15:45:00,Barcelona-Passeig de Gràcia,21.544444444444444,20.0,90.0
2026-03-24 16:00:00,Barcelona-Passeig de Gràcia,21.3953488372093,18.0,86.0
2026-03-24 16:15:00,Barcelona-Passeig de Gràcia,23.38888888888889,18.0,90.0
2026-03-24 16:30:00,Barcelona-Passeig de Gràcia,21.8125,15.0,80.0
2026-03-24 16:45:00,Barcelona-Passeig de Gràcia,22.52173913043478,20.0,138.0
2026-03-24 17:00:00,Barcelona-Passeig de Gràcia,16.954545454545453,14.0,66.0
2026-03-24 17:15:00,Barcelona-Passeig de Gràcia,17.16923076923077,15.0,130.0
2026-03-24 17:30:00,Barcelona-Passeig de Gràcia,19.6,21.0,100.0
2026-03-24 17:45:00,Barcelona-Passeig de Gràcia,14.508928571428571,13.5,112.0
2026-03-24 18:00:00,Barcelona-Passeig de Gràcia,15.033333333333333,13.5,90.0
2026-03-24 18:15:00,Barcelona-Passeig de Gràcia,15.056818181818182,13.0,88.0
2026-03-24 18:30:00,Barcelona-Passeig de Gràcia,18.183823529411764,12.0,136.0
2026-03-24 18:45:00,Barcelona-Passeig de Gràcia,15.061224489795919,9.5,98.0
2026-03-24 19:00:00,Barcelona-Passeig de Gràcia,17.520408163265305,9.0,98.0
2026-03-24 19:15:00,Barcelona-Passeig de Gràcia,23.330188679245282,18.0,106.0
2026-03-24 19:30:00,Barcelona-Passeig de Gràcia,24.0,18.0,82.0
2026-03-24 19:45:00,Barcelona-Passeig de Gràcia,25.443661971830984,23.0,142.0
2026-03-24 20:00:00,Barcelona-Passeig de Gràcia,25.57894736842105,23.0,114.0
2026-03-24 20:15:00,Barcelona-Passeig de Gràcia,23.023255813953487,14.0,86.0
2026-03-24 20:30:00,Barcelona-Passeig de Gràcia,24.07843137254902,21.0,102.0
2026-03-24 20:45:00,Barcelona-Passeig de Gràcia,25.1875,25.0,64.0
2026-03-24 21:00:00,Barcelona-Passeig de Gràcia,21.279411764705884,16.0,68.0
2026-03-24 21:15:00,Barcelona-Passeig de Gràcia,25.05263157894737,17.0,76.0
2026-03-24 21:30:00,Barcelona-Passeig de Gràcia,20.40625,15.5,64.0
2026-03-24 21:45:00,Barcelona-Passeig de Gràcia,21.517857142857142,14.5,56.0
2026-03-24 22:00:00,Barcelona-Passeig de Gràcia,18.023809523809526,14.0,84.0
2026-03-24 22:15:00,Barcelona-Passeig de Gràcia,24.173076923076923,16.0,52.0
2026-03-24 22:30:00,Barcelona-Passeig de Gràcia,22.66,16.0,50.0
2026-03-24 22:45:00,Barcelona-Passeig de Gràcia,25.12962962962963,20.0,54.0
2026-03-24 23:00:00,Barcelona-Passeig de Gràcia,24.07894736842105,20.0,38.0
2026-03-24 23:15:00,Barcelona-Passeig de Gràcia,23.130434782608695,20.0,46.0
2026-03-24 23:30:00,Barcelona-Passeig de Gràcia,32.18181818181818,40.0,22.0
2026-03-24 23:45:00,Barcelona-Passeig de Gràcia,32.63636363636363,40.0,22.0
2026-03-25 00:00:00,Barcelona-Passeig de Gràcia,,,
2026-03-25 00:15:00,Barcelona-Passeig de Gràcia,,,
2026-03-25 00:30:00,Barcelona-Passeig de Gràcia,,,
2026-03-25 00:45:00,Barcelona-Passeig de Gràcia,,,
2026-03-25 01:00:00,Barcelona-Passeig de Gràcia,,,
2026-03-25 01:15:00,Barcelona-Passeig de Gràcia,,,
2026-03-25 01:30:00,Barcelona-Passeig de Gràcia,,,
2026-03-25 01:45:00,Barcelona-Passeig de Gràcia,,,
2026-03-25 02:00:00,Barcelona-Passeig de Gràcia,,,
2026-03-25 02:15:00,Barcelona-Passeig de Gràcia,,,
2026-03-25 02:30:00,Barcelona-Passeig de Gràcia,,,
2026-03-25 02:45:00,Barcelona-Passeig de Gràcia,14.0,14.0,1.0
2026-03-25 03:00:00,Barcelona-Passeig de Gràcia,14.0,14.0,1.0
2026-03-25 03:15:00,Barcelona-Passeig de Gràcia,27.0,27.0,1.0
2026-03-25 03:30:00,Barcelona-Passeig de Gràcia,1.3333333333333333,1.0,3.0
2026-03-25 03:45:00,Barcelona-Passeig de Gràcia,2.0,2.0,1.0
2026-03-25 04:00:00,Barcelona-Passeig de Gràcia,7.333333333333333,2.0,6.0
2026-03-25 04:15:00,Barcelona-Passeig de Gràcia,8.8,3.0,15.0
2026-03-25 04:30:00,Barcelona-Passeig de Gràcia,8.5,2.0,18.0
2026-03-25 04:45:00,Barcelona-Passeig de Gràcia,10.565217391304348,14.0,23.0
2026-03-25 05:00:00,Barcelona-Passeig de Gràcia,7.966666666666667,2.5,30.0
2026-03-25 05:15:00,Barcelona-Passeig de Gràcia,8.555555555555555,4.0,81.0
2026-03-25 05:30:00,Barcelona-Passeig de Gràcia,10.220588235294118,5.0,68.0
2026-03-25 05:45:00,Barcelona-Passeig de Gràcia,9.470588235294118,3.0,68.0
2026-03-25 06:00:00,Barcelona-Passeig de Gràcia,11.484536082474227,7.0,97.0
2026-03-25 06:15:00,Barcelona-Passeig de Gràcia,9.577777777777778,3.0,90.0
2026-03-25 06:30:00,Barcelona-Passeig de Gràcia,7.578313253012048,3.0,83.0
2026-03-25 06:45:00,Barcelona-Passeig de Gràcia,12.492063492063492,9.0,63.0
2026-03-25 07:00:00,Barcelona-Passeig de Gràcia,13.418367346938776,10.0,98.0
2026-03-25 07:15:00,Barcelona-Passeig de Gràcia,13.616438356164384,7.0,73.0
2026-03-25 07:30:00,Barcelona-Passeig de Gràcia,16.037735849056602,15.0,106.0
2026-03-25 07:45:00,Barcelona-Passeig de Gràcia,15.370786516853933,15.0,89.0
2026-03-25 08:00:00,Barcelona-Passeig de Gràcia,17.0,23.0,59.0
2026-03-25 08:15:00,Barcelona-Passeig de Gràcia,20.452554744525546,23.0,137.0
2026-03-25 08:30:00,Barcelona-Passeig de Gràcia,20.51578947368421,23.0,95.0
2026-03-25 08:45:00,Barcelona-Passeig de Gràcia,18.22222222222222,15.0,81.0
2026-03-25 09:00:00,Barcelona-Passeig de Gràcia,18.63888888888889,15.0,72.0
2026-03-25 09:15:00,Barcelona-Passeig de Gràcia,18.983606557377048,13.0,61.0
2026-03-25 09:30:00,Barcelona-Passeig de Gràcia,18.7,16.0,60.0
2026-03-25 09:45:00,Barcelona-Passeig de Gràcia,19.551724137931036,16.5,58.0
2026-03-25 10:00:00,Barcelona-Passeig de Gràcia,14.924050632911392,11.0,79.0
2026-03-25 10:15:00,Barcelona-Passeig de Gràcia,16.325,13.0,40.0
2026-03-25 10:30:00,Barcelona-Passeig de Gràcia,17.346938775510203,18.0,49.0
2026-03-25 10:45:00,Barcelona-Passeig de Gràcia,13.837209302325581,10.0,43.0
2026-03-25 11:00:00,Barcelona-Passeig de Gràcia,11.386666666666667,8.0,75.0
2026-03-25 11:15:00,Barcelona-Passeig de Gràcia,10.56140350877193,5.0,57.0
2026-03-25 11:30:00,Barcelona-Passeig de Gràcia,12.72463768115942,9.0,69.0
2026-03-25 11:45:00,Barcelona-Passeig de Gràcia,13.121951219512194,10.0,41.0
2026-03-25 12:00:00,Barcelona-Passeig de Gràcia,15.472727272727273,14.0,55.0
2026-03-25 12:15:00,Barcelona-Passeig de Gràcia,15.96078431372549,14.0,51.0
2026-03-25 12:30:00,Barcelona-Passeig de Gràcia,16.4,11.0,35.0
2026-03-25 12:45:00,Barcelona-Passeig de Gràcia,16.26865671641791,14.0,67.0
2026-03-25 13:00:00,Barcelona-Passeig de Gràcia,16.72340425531915,15.0,47.0
2026-03-25 13:15:00,Barcelona-Passeig de Gràcia,15.609756097560975,15.0,41.0
2026-03-25 13:30:00,Barcelona-Passeig de Gràcia,16.463414634146343,15.0,82.0
2026-03-25 13:45:00,Barcelona-Passeig de Gràcia,17.83076923076923,18.0,65.0
2026-03-25 14:00:00,Barcelona-Passeig de Gràcia,15.555555555555555,14.0,72.0
2026-03-25 14:15:00,Barcelona-Passeig de Gràcia,14.514285714285714,14.0,35.0
2026-03-25 14:30:00,Barcelona-Passeig de Gràcia,17.04385964912281,18.0,114.0
2026-03-25 14:45:00,Barcelona-Passeig de Gràcia,16.074626865671643,15.0,67.0
2026-03-25 15:00:00,Barcelona-Passeig de Gràcia,18.892857142857142,18.0,56.0
2026-03-25 15:15:00,Barcelona-Passeig de Gràcia,22.454545454545453,22.0,55.0
2026-03-25 15:30:00,Barcelona-Passeig de Gràcia,19.083333333333332,17.5,48.0
2026-03-25 15:45:00,Barcelona-Passeig de Gràcia,17.3125,15.0,48.0
2026-03-25 16:00:00,Barcelona-Passeig de Gràcia,22.054054054054053,18.0,37.0
2026-03-25 16:15:00,Barcelona-Passeig de Gràcia,26.033333333333335,27.0,30.0
2026-03-25 16:30:00,Barcelona-Passeig de Gràcia,19.526315789473685,14.0,57.0
2026-03-25 16:45:00,Barcelona-Passeig de Gràcia,19.385964912280702,15.0,57.0
2026-03-25 17:00:00,Barcelona-Passeig de Gràcia,19.613636363636363,16.0,44.0
2026-03-25 17:15:00,Barcelona-Passeig de Gràcia,20.280701754385966,17.0,57.0
2026-03-25 17:30:00,Barcelona-Passeig de Gràcia,21.166666666666668,22.0,54.0
2026-03-25 17:45:00,Barcelona-Passeig de Gràcia,17.854166666666668,16.0,48.0
2026-03-25 18:00:00,Barcelona-Passeig de Gràcia,15.74390243902439,13.0,82.0
2026-03-25 18:15:00,Barcelona-Passeig de Gràcia,21.08450704225352,22.0,71.0
2026-03-25 18:30:00,Barcelona-Passeig de Gràcia,17.232142857142858,13.0,56.0
2026-03-25 18:45:00,Barcelona-Passeig de Gràcia,14.058823529411764,9.0,17.0
2026-03-25 19:00:00,Barcelona-Passeig de Gràcia,15.619047619047619,10.0,42.0
2026-03-25 19:15:00,Barcelona-Passeig de Gràcia,16.6875,11.0,48.0
2026-03-25 19:30:00,Barcelona-Passeig de Gràcia,20.127659574468087,14.0,47.0
2026-03-25 19:45:00,Barcelona-Passeig de Gràcia,22.066666666666666,22.0,45.0
2026-03-25 20:00:00,Barcelona-Passeig de Gràcia,25.704918032786885,27.0,61.0
2026-03-25 20:15:00,Barcelona-Passeig de Gràcia,23.223880597014926,21.0,67.0
2026-03-25 20:30:00,Barcelona-Passeig de Gràcia,24.016949152542374,21.0,59.0
2026-03-25 20:45:00,Barcelona-Passeig de Gràcia,18.43103448275862,16.0,58.0
2026-03-25 21:00:00,Barcelona-Passeig de Gràcia,18.06779661016949,16.0,59.0
2026-03-25 21:15:00,Barcelona-Passeig de Gràcia,17.925925925925927,16.0,54.0
2026-03-25 21:30:00,Barcelona-Passeig de Gràcia,18.88095238095238,15.0,42.0
2026-03-25 21:45:00,Barcelona-Passeig de Gràcia,18.5,15.0,54.0
2026-03-25 22:00:00,Barcelona-Passeig de Gràcia,21.487179487179485,15.0,39.0
2026-03-25 22:15:00,Barcelona-Passeig de Gràcia,20.903225806451612,14.0,31.0
2026-03-25 22:30:00,Barcelona-Passeig de Gràcia,19.48148148148148,17.0,27.0
2026-03-25 22:45:00,Barcelona-Passeig de Gràcia,17.967741935483872,15.0,31.0
2026-03-25 23:00:00,Barcelona-Passeig de Gràcia,18.266666666666666,18.0,15.0
2026-03-25 23:15:00,Barcelona-Passeig de Gràcia,18.11111111111111,16.0,9.0
2026-03-25 23:30:00,Barcelona-Passeig de Gràcia,19.375,16.0,8.0
2026-03-25 23:45:00,Barcelona-Passeig de Gràcia,7.25,5.5,4.0
2026-03-26 00:00:00,Barcelona-Passeig de Gràcia,,,
2026-03-26 00:15:00,Barcelona-Passeig de Gràcia,,,
2026-03-26 00:30:00,Barcelona-Passeig de Gràcia,,,
2026-03-26 00:45:00,Barcelona-Passeig de Gràcia,,,
2026-03-26 01:00:00,Barcelona-Passeig de Gràcia,,,
2026-03-26 01:15:00,Barcelona-Passeig de Gràcia,,,
2026-03-26 01:30:00,Barcelona-Passeig de Gràcia,,,
2026-03-26 01:45:00,Barcelona-Passeig de Gràcia,,,
2026-03-26 02:00:00,Barcelona-Passeig de Gràcia,,,
2026-03-26 02:15:00,Barcelona-Passeig de Gràcia,,,
2026-03-26 02:30:00,Barcelona-Passeig de Gràcia,,,
2026-03-26 02:45:00,Barcelona-Passeig de Gràcia,19.0,19.0,2.0
2026-03-26 03:00:00,Barcelona-Passeig de Gràcia,,,
2026-03-26 03:15:00,Barcelona-Passeig de Gràcia,,,
2026-03-26 03:30:00,Barcelona-Passeig de Gràcia,32.5,32.5,2.0
2026-03-26 03:45:00,Barcelona-Passeig de Gràcia,0.0,0.0,2.0
2026-03-26 04:00:00,Barcelona-Passeig de Gràcia,22.6,24.0,10.0
2026-03-26 04:15:00,Barcelona-Passeig de Gràcia,15.045454545454545,12.5,22.0
2026-03-26 04:30:00,Barcelona-Passeig de Gràcia,11.25,9.5,20.0
2026-03-26 04:45:00,Barcelona-Passeig de Gràcia,13.279411764705882,14.0,68.0
2026-03-26 05:00:00,Barcelona-Passeig de Gràcia,12.9875,11.5,80.0
2026-03-26 05:15:00,Barcelona-Passeig de Gràcia,13.570175438596491,11.0,114.0
2026-03-26 05:30:00,Barcelona-Passeig de Gràcia,15.646341463414634,12.0,164.0
2026-03-26 05:45:00,Barcelona-Passeig de Gràcia,13.763636363636364,11.0,110.0
2026-03-26 06:00:00,Barcelona-Passeig de Gràcia,17.102272727272727,16.5,176.0
2026-03-26 06:15:00,Barcelona-Passeig de Gràcia,13.273584905660377,8.0,106.0
2026-03-26 06:30:00,Barcelona-Passeig de Gràcia,16.91025641025641,17.0,156.0
2026-03-26 06:45:00,Barcelona-Passeig de Gràcia,19.0752688172043,20.5,186.0
2026-03-26 07:00:00,Barcelona-Passeig de Gràcia,20.766666666666666,24.0,180.0
2026-03-26 07:15:00,Barcelona-Passeig de Gràcia,19.667832167832167,22.0,286.0
2026-03-26 07:30:00,Barcelona-Passeig de Gràcia,20.839285714285715,23.0,224.0
2026-03-26 07:45:00,Barcelona-Passeig de Gràcia,22.17105263157895,24.0,228.0
2026-03-26 08:00:00,Barcelona-Passeig de Gràcia,21.60126582278481,22.5,158.0
2026-03-26 08:15:00,Barcelona-Passeig de Gràcia,22.143939393939394,21.0,132.0
2026-03-26 08:30:00,Barcelona-Passeig de Gràcia,23.146464646464647,21.0,198.0
2026-03-26 08:45:00,Barcelona-Passeig de Gràcia,24.63235294117647,24.0,136.0
2026-03-26 09:00:00,Barcelona-Passeig de Gràcia,21.92718446601942,21.0,206.0
2026-03-26 09:15:00,Barcelona-Passeig de Gràcia,20.26086956521739,17.0,138.0
2026-03-26 09:30:00,Barcelona-Passeig de Gràcia,17.849206349206348,13.0,126.0
2026-03-26 09:45:00,Barcelona-Passeig de Gràcia,23.30701754385965,23.0,114.0
2026-03-26 10:00:00,Barcelona-Passeig de Gràcia,21.036585365853657,16.0,82.0
2026-03-26 10:15:00,Barcelona-Passeig de Gràcia,20.605263157894736,20.0,114.0
2026-03-26 10:30:00,Barcelona-Passeig de Gràcia,26.3375,27.0,80.0
2026-03-26 10:45:00,Barcelona-Passeig de Gràcia,24.479166666666668,25.0,96.0
2026-03-26 11:00:00,Barcelona-Passeig de Gràcia,21.21875,19.5,96.0
2026-03-26 11:15:00,Barcelona-Passeig de Gràcia,23.942307692307693,23.0,104.0
2026-03-26 11:30:00,Barcelona-Passeig de Gràcia,24.52777777777778,23.0,108.0
2026-03-26 11:45:00,Barcelona-Passeig de Gràcia,22.16304347826087,19.0,92.0
2026-03-26 12:00:00,Barcelona-Passeig de Gràcia,21.340579710144926,19.0,138.0
2026-03-26 12:15:00,Barcelona-Passeig de Gràcia,19.51298701298701,13.0,154.0
2026-03-26 12:30:00,Barcelona-Passeig de Gràcia,19.697674418604652,13.0,86.0
2026-03-26 12:45:00,Barcelona-Passeig de Gràcia,23.072727272727274,20.0,110.0
2026-03-26 13:00:00,Barcelona-Passeig de Gràcia,20.4875,15.0,80.0
2026-03-26 13:15:00,Barcelona-Passeig de Gràcia,19.182692307692307,13.0,104.0
2026-03-26 13:30:00,Barcelona-Passeig de Gràcia,20.621951219512194,15.0,164.0
2026-03-26 13:45:00,Barcelona-Passeig de Gràcia,21.392857142857142,13.0,112.0
2026-03-26 14:00:00,Barcelona-Passeig de Gràcia,17.371794871794872,11.5,78.0
2026-03-26 14:15:00,Barcelona-Passeig de Gràcia,21.766666666666666,21.0,90.0
2026-03-26 14:30:00,Barcelona-Passeig de Gràcia,21.570422535211268,20.5,142.0
2026-03-26 14:45:00,Barcelona-Passeig de Gràcia,22.5390625,21.0,128.0
2026-03-26 15:00:00,Barcelona-Passeig de Gràcia,21.310344827586206,13.5,116.0
2026-03-26 15:15:00,Barcelona-Passeig de Gràcia,20.13888888888889,15.0,72.0
2026-03-26 15:30:00,Barcelona-Passeig de Gràcia,18.576271186440678,12.5,118.0
2026-03-26 15:45:00,Barcelona-Passeig de Gràcia,19.402173913043477,17.0,92.0
2026-03-26 16:00:00,Barcelona-Passeig de Gràcia,21.33,19.0,100.0
2026-03-26 16:15:00,Barcelona-Passeig de Gràcia,21.12037037037037,18.0,108.0
2026-03-26 16:30:00,Barcelona-Passeig de Gràcia,16.775641025641026,12.0,156.0
2026-03-26 16:45:00,Barcelona-Passeig de Gràcia,17.115853658536587,16.5,164.0
2026-03-26 17:00:00,Barcelona-Passeig de Gràcia,19.017241379310345,17.0,116.0
2026-03-26 17:15:00,Barcelona-Passeig de Gràcia,16.979591836734695,13.5,98.0
2026-03-26 17:30:00,Barcelona-Passeig de Gràcia,15.395348837209303,13.5,86.0
2026-03-26 17:45:00,Barcelona-Passeig de Gràcia,16.16860465116279,13.0,172.0
2026-03-26 18:00:00,Barcelona-Passeig de Gràcia,13.488095238095237,9.5,84.0
2026-03-26 18:15:00,Barcelona-Passeig de Gràcia,23.782258064516128,18.0,124.0
2026-03-26 18:30:00,Barcelona-Passeig de Gràcia,14.715909090909092,13.0,88.0
2026-03-26 18:45:00,Barcelona-Passeig de Gràcia,21.28358208955224,13.0,134.0
2026-03-26 19:00:00,Barcelona-Passeig de Gràcia,21.434782608695652,13.0,92.0
2026-03-26 19:15:00,Barcelona-Passeig de Gràcia,21.466666666666665,13.0,90.0
2026-03-26 19:30:00,Barcelona-Passeig de Gràcia,27.78030303030303,18.0,132.0
2026-03-26 19:45:00,Barcelona-Passeig de Gràcia,28.615384615384617,17.0,78.0
2026-03-26 20:00:00,Barcelona-Passeig de Gràcia,30.5,19.0,142.0
2026-03-26 20:15:00,Barcelona-Passeig de Gràcia,31.28030303030303,19.0,132.0
2026-03-26 20:30:00,Barcelona-Passeig de Gràcia,39.69607843137255,26.0,102.0
2026-03-26 20:45:00,Barcelona-Passeig de Gràcia,35.291666666666664,23.0,96.0
2026-03-26 21:00:00,Barcelona-Passeig de Gràcia,39.869565217391305,25.0,92.0
2026-03-26 21:15:00,Barcelona-Passeig de Gràcia,31.83783783783784,25.0,74.0
2026-03-26 21:30:00,Barcelona-Passeig de Gràcia,28.640625,23.0,64.0
2026-03-26 21:45:00,Barcelona-Passeig de Gràcia,21.453125,18.5,64.0
2026-03-26 22:00:00,Barcelona-Passeig de Gràcia,22.064102564102566,16.0,78.0
2026-03-26 22:15:00,Barcelona-Passeig de Gràcia,24.424242424242426,19.0,66.0
2026-03-26 22:30:00,Barcelona-Passeig de Gràcia,15.73076923076923,16.0,104.0
2026-03-26 22:45:00,Barcelona-Passeig de Gràcia,12.214285714285714,15.0,70.0
2026-03-26 23:00:00,Barcelona-Passeig de Gràcia,2.9642857142857144,3.0,28.0
2026-03-26 23:15:00,Barcelona-Passeig de Gràcia,14.916666666666666,17.5,24.0
2026-03-26 23:30:00,Barcelona-Passeig de Gràcia,27.166666666666668,43.0,12.0
2026-03-26 23:45:00,Barcelona-Passeig de Gràcia,22.375,16.0,24.0
2026-03-27 00:00:00,Barcelona-Passeig de Gràcia,,,
2026-03-27 00:15:00,Barcelona-Passeig de Gràcia,,,
2026-03-27 00:30:00,Barcelona-Passeig de Gràcia,,,
2026-03-27 00:45:00,Barcelona-Passeig de Gràcia,,,
2026-03-27 01:00:00,Barcelona-Passeig de Gràcia,,,
2026-03-27 01:15:00,Barcelona-Passeig de Gràcia,,,
2026-03-27 01:30:00,Barcelona-Passeig de Gràcia,,,
2026-03-27 01:45:00,Barcelona-Passeig de Gràcia,,,
2026-03-27 02:00:00,Barcelona-Passeig de Gràcia,,,
2026-03-27 02:15:00,Barcelona-Passeig de Gràcia,,,
2026-03-27 02:30:00,Barcelona-Passeig de Gràcia,,,
2026-03-27 02:45:00,Barcelona-Passeig de Gràcia,,,
2026-03-27 03:00:00,Barcelona-Passeig de Gràcia,,,
2026-03-27 03:15:00,Barcelona-Passeig de Gràcia,11.0,10.5,4.0
2026-03-27 03:30:00,Barcelona-Passeig de Gràcia,17.666666666666668,21.0,6.0
2026-03-27 03:45:00,Barcelona-Passeig de Gràcia,11.6875,9.5,16.0
2026-03-27 04:00:00,Barcelona-Passeig de Gràcia,12.208333333333334,8.0,24.0
2026-03-27 04:15:00,Barcelona-Passeig de Gràcia,13.555555555555555,11.0,9.0
2026-03-27 04:30:00,Barcelona-Passeig de Gràcia,14.64,20.0,25.0
2026-03-27 04:45:00,Barcelona-Passeig de Gràcia,13.823529411764707,22.0,17.0
2026-03-27 05:00:00,Barcelona-Passeig de Gràcia,11.277777777777779,7.0,72.0
2026-03-27 05:15:00,Barcelona-Passeig de Gràcia,13.08,11.0,50.0
2026-03-27 05:30:00,Barcelona-Passeig de Gràcia,12.897435897435898,11.0,117.0
2026-03-27 05:45:00,Barcelona-Passeig de Gràcia,13.576086956521738,11.5,92.0
2026-03-27 06:00:00,Barcelona-Passeig de Gràcia,13.174757281553399,11.0,103.0
2026-03-27 06:15:00,Barcelona-Passeig de Gràcia,11.697478991596638,9.0,119.0
2026-03-27 06:30:00,Barcelona-Passeig de Gràcia,13.654135338345865,8.0,133.0
2026-03-27 06:45:00,Barcelona-Passeig de Gràcia,12.857142857142858,8.0,84.0
2026-03-27 07:00:00,Barcelona-Passeig de Gràcia,17.095652173913045,17.0,115.0
2026-03-27 07:15:00,Barcelona-Passeig de Gràcia,16.91891891891892,19.0,111.0
2026-03-27 07:30:00,Barcelona-Passeig de Gràcia,17.11111111111111,18.0,126.0
2026-03-27 07:45:00,Barcelona-Passeig de Gràcia,18.704301075268816,19.0,186.0
2026-03-27 08:00:00,Barcelona-Passeig de Gràcia,19.705882352941178,17.0,119.0
2026-03-27 08:15:00,Barcelona-Passeig de Gràcia,17.511111111111113,16.0,90.0
2026-03-27 08:30:00,Barcelona-Passeig de Gràcia,18.34640522875817,17.0,153.0
2026-03-27 08:45:00,Barcelona-Passeig de Gràcia,22.45679012345679,18.0,81.0
2026-03-27 09:00:00,Barcelona-Passeig de Gràcia,25.28125,22.0,128.0
2026-03-27 09:15:00,Barcelona-Passeig de Gràcia,19.817073170731707,19.0,82.0
2026-03-27 09:30:00,Barcelona-Passeig de Gràcia,20.42168674698795,15.0,83.0
2026-03-27 09:45:00,Barcelona-Passeig de Gràcia,21.925531914893618,18.0,94.0
2026-03-27 10:00:00,Barcelona-Passeig de Gràcia,23.513513513513512,18.0,74.0
2026-03-27 10:15:00,Barcelona-Passeig de Gràcia,25.043956043956044,25.0,91.0
2026-03-27 10:30:00,Barcelona-Passeig de Gràcia,25.40963855421687,25.0,83.0
2026-03-27 10:45:00,Barcelona-Passeig de Gràcia,18.130434782608695,14.0,92.0
2026-03-27 11:00:00,Barcelona-Passeig de Gràcia,22.15,14.0,80.0
2026-03-27 11:15:00,Barcelona-Passeig de Gràcia,23.5,14.0,56.0
2026-03-27 11:30:00,Barcelona-Passeig de Gràcia,28.3,21.0,90.0
2026-03-27 11:45:00,Barcelona-Passeig de Gràcia,21.425925925925927,9.0,54.0
2026-03-27 12:00:00,Barcelona-Passeig de Gràcia,31.28767123287671,37.0,73.0
2026-03-27 12:15:00,Barcelona-Passeig de Gràcia,25.145833333333332,18.0,96.0
2026-03-27 12:30:00,Barcelona-Passeig de Gràcia,22.467391304347824,15.0,92.0
2026-03-27 12:45:00,Barcelona-Passeig de Gràcia,21.884615384615383,15.0,104.0
2026-03-27 13:00:00,Barcelona-Passeig de Gràcia,25.73972602739726,16.0,73.0
2026-03-27 13:15:00,Barcelona-Passeig de Gràcia,26.741935483870968,14.0,62.0
2026-03-27 13:30:00,Barcelona-Passeig de Gràcia,27.373493975903614,15.0,83.0
2026-03-27 13:45:00,Barcelona-Passeig de Gràcia,30.26829268292683,21.0,41.0
2026-03-27 14:00:00,Barcelona-Passeig de Gràcia,23.636363636363637,15.0,77.0
2026-03-27 14:15:00,Barcelona-Passeig de Gràcia,22.76595744680851,15.0,47.0
2026-03-27 14:30:00,Barcelona-Passeig de Gràcia,21.681818181818183,11.0,66.0
2026-03-27 14:45:00,Barcelona-Passeig de Gràcia,27.475409836065573,18.0,61.0
2026-03-27 15:00:00,Barcelona-Passeig de Gràcia,21.794520547945204,12.0,73.0
2026-03-27 15:15:00,Barcelona-Passeig de Gràcia,21.69811320754717,12.0,53.0
2026-03-27 15:30:00,Barcelona-Passeig de Gràcia,24.294117647058822,18.0,51.0
2026-03-27 15:45:00,Barcelona-Passeig de Gràcia,22.924242424242426,21.0,66.0
2026-03-27 16:00:00,Barcelona-Passeig de Gràcia,18.827272727272728,12.0,110.0
2026-03-27 16:15:00,Barcelona-Passeig de Gràcia,18.181818181818183,12.0,22.0
2026-03-27 16:30:00,Barcelona-Passeig de Gràcia,16.022900763358777,11.0,131.0
2026-03-27 16:45:00,Barcelona-Passeig de Gràcia,22.406976744186046,18.0,86.0
2026-03-27 17:00:00,Barcelona-Passeig de Gràcia,16.391304347826086,12.0,46.0
2026-03-27 17:15:00,Barcelona-Passeig de Gràcia,21.05,18.0,40.0
2026-03-27 17:30:00,Barcelona-Passeig de Gràcia,19.29,11.0,100.0
2026-03-27 17:45:00,Barcelona-Passeig de Gràcia,15.472727272727273,13.0,55.0
2026-03-27 18:00:00,Barcelona-Passeig de Gràcia,27.464788732394368,15.0,71.0
2026-03-27 18:15:00,Barcelona-Passeig de Gràcia,24.544303797468356,13.0,79.0
2026-03-27 18:30:00,Barcelona-Passeig de Gràcia,33.515151515151516,13.0,99.0
2026-03-27 18:45:00,Barcelona-Passeig de Gràcia,26.953125,12.0,64.0
2026-03-27 19:00:00,Barcelona-Passeig de Gràcia,22.03448275862069,13.0,58.0
2026-03-27 19:15:00,Barcelona-Passeig de Gràcia,34.04225352112676,18.0,71.0
2026-03-27 19:30:00,Barcelona-Passeig de Gràcia,39.59183673469388,25.0,49.0
2026-03-27 19:45:00,Barcelona-Passeig de Gràcia,35.87128712871287,18.0,101.0
2026-03-27 20:00:00,Barcelona-Passeig de Gràcia,40.98924731182796,26.0,93.0
2026-03-27 20:15:00,Barcelona-Passeig de Gràcia,35.83495145631068,24.0,103.0
2026-03-27 20:30:00,Barcelona-Passeig de Gràcia,53.68421052631579,26.0,57.0
2026-03-27 20:45:00,Barcelona-Passeig de Gràcia,63.34146341463415,54.0,41.0
2026-03-27 21:00:00,Barcelona-Passeig de Gràcia,35.05882352941177,25.0,51.0
2026-03-27 21:15:00,Barcelona-Passeig de Gràcia,33.04545454545455,28.5,44.0
2026-03-27 21:30:00,Barcelona-Passeig de Gràcia,32.29577464788732,25.0,71.0
2026-03-27 21:45:00,Barcelona-Passeig de Gràcia,35.54545454545455,31.0,33.0
2026-03-27 22:00:00,Barcelona-Passeig de Gràcia,35.073170731707314,31.0,41.0
2026-03-27 22:15:00,Barcelona-Passeig de Gràcia,33.81481481481482,42.0,27.0
2026-03-27 22:30:00,Barcelona-Passeig de Gràcia,38.27272727272727,43.0,33.0
2026-03-27 22:45:00,Barcelona-Passeig de Gràcia,29.842105263157894,41.0,38.0
2026-03-27 23:00:00,Barcelona-Passeig de Gràcia,51.53333333333333,52.0,15.0
2026-03-27 23:15:00,Barcelona-Passeig de Gràcia,53.92857142857143,52.0,14.0
2026-03-27 23:30:00,Barcelona-Passeig de Gràcia,42.083333333333336,41.0,12.0
2026-03-27 23:45:00,Barcelona-Passeig de Gràcia,5.0,2.0,4.0
2026-03-28 00:00:00,Barcelona-Passeig de Gràcia,,,
2026-03-28 00:15:00,Barcelona-Passeig de Gràcia,,,
2026-03-28 00:30:00,Barcelona-Passeig de Gràcia,,,
2026-03-28 00:45:00,Barcelona-Passeig de Gràcia,,,
2026-03-28 01:00:00,Barcelona-Passeig de Gràcia,,,
2026-03-28 01:15:00,Barcelona-Passeig de Gràcia,,,
2026-03-28 01:30:00,Barcelona-Passeig de Gràcia,,,
2026-03-28 01:45:00,Barcelona-Passeig de Gràcia,,,
2026-03-28 02:00:00,Barcelona-Passeig de Gràcia,,,
2026-03-28 02:15:00,Barcelona-Passeig de Gràcia,,,
2026-03-28 02:30:00,Barcelona-Passeig de Gràcia,,,
2026-03-28 02:45:00,Barcelona-Passeig de Gràcia,,,
2026-03-28 03:00:00,Barcelona-Passeig de Gràcia,5.5,5.5,2.0
2026-03-28 03:15:00,Barcelona-Passeig de Gràcia,,,
2026-03-28 03:30:00,Barcelona-Passeig de Gràcia,8.166666666666666,5.5,6.0
2026-03-28 03:45:00,Barcelona-Passeig de Gràcia,7.1,5.0,10.0
2026-03-28 04:00:00,Barcelona-Passeig de Gràcia,11.25,11.5,8.0
2026-03-28 04:15:00,Barcelona-Passeig de Gràcia,5.5,5.5,2.0
2026-03-28 04:30:00,Barcelona-Passeig de Gràcia,9.863636363636363,6.5,22.0
2026-03-28 04:45:00,Barcelona-Passeig de Gràcia,9.862068965517242,7.5,58.0
2026-03-28 05:00:00,Barcelona-Passeig de Gràcia,6.655172413793103,4.5,58.0
2026-03-28 05:15:00,Barcelona-Passeig de Gràcia,8.31578947368421,4.5,76.0
2026-03-28 05:30:00,Barcelona-Passeig de Gràcia,7.2727272727272725,5.0,66.0
2026-03-28 05:45:00,Barcelona-Passeig de Gràcia,9.147727272727273,7.0,88.0
2026-03-28 06:00:00,Barcelona-Passeig de Gràcia,10.35483870967742,8.0,62.0
2026-03-28 06:15:00,Barcelona-Passeig de Gràcia,9.741935483870968,8.0,62.0
2026-03-28 06:30:00,Barcelona-Passeig de Gràcia,15.102409638554217,15.0,166.0
2026-03-28 06:45:00,Barcelona-Passeig de Gràcia,16.655405405405407,15.0,148.0
2026-03-28 07:00:00,Barcelona-Passeig de Gràcia,13.32638888888889,14.0,144.0
2026-03-28 07:15:00,Barcelona-Passeig de Gràcia,17.876470588235293,15.0,170.0
2026-03-28 07:30:00,Barcelona-Passeig de Gràcia,14.086206896551724,14.0,116.0
2026-03-28 07:45:00,Barcelona-Passeig de Gràcia,14.085106382978724,12.5,94.0
2026-03-28 08:00:00,Barcelona-Passeig de Gràcia,16.60891089108911,14.0,202.0
2026-03-28 08:15:00,Barcelona-Passeig de Gràcia,18.3125,16.0,160.0
2026-03-28 08:30:00,Barcelona-Passeig de Gràcia,18.264705882352942,17.5,136.0
2026-03-28 08:45:00,Barcelona-Passeig de Gràcia,18.71551724137931,20.0,116.0
2026-03-28 09:00:00,Barcelona-Passeig de Gràcia,16.43103448275862,11.5,116.0
2026-03-28 09:15:00,Barcelona-Passeig de Gràcia,18.895833333333332,16.0,144.0
2026-03-28 09:30:00,Barcelona-Passeig de Gràcia,17.816326530612244,13.0,98.0
2026-03-28 09:45:00,Barcelona-Passeig de Gràcia,22.655405405405407,24.0,148.0
2026-03-28 10:00:00,Barcelona-Passeig de Gràcia,18.06024096385542,13.0,166.0
2026-03-28 10:15:00,Barcelona-Passeig de Gràcia,22.6,21.0,160.0
2026-03-28 10:30:00,Barcelona-Passeig de Gràcia,18.0,16.0,126.0
2026-03-28 10:45:00,Barcelona-Passeig de Gràcia,20.25,16.0,96.0
2026-03-28 11:00:00,Barcelona-Passeig de Gràcia,19.30851063829787,16.0,188.0
2026-03-28 11:15:00,Barcelona-Passeig de Gràcia,17.625,11.0,112.0
2026-03-28 11:30:00,Barcelona-Passeig de Gràcia,18.848484848484848,11.0,66.0
2026-03-28 11:45:00,Barcelona-Passeig de Gràcia,14.625,8.5,128.0
2026-03-28 12:00:00,Barcelona-Passeig de Gràcia,20.392156862745097,12.0,102.0
2026-03-28 12:15:00,Barcelona-Passeig de Gràcia,15.5625,8.0,48.0
2026-03-28 12:30:00,Barcelona-Passeig de Gràcia,19.5,11.5,66.0
2026-03-28 12:45:00,Barcelona-Passeig de Gràcia,20.5,12.5,138.0
2026-03-28 13:00:00,Barcelona-Passeig de Gràcia,27.322033898305083,22.0,118.0
2026-03-28 13:15:00,Barcelona-Passeig de Gràcia,23.203125,19.0,64.0
2026-03-28 13:30:00,Barcelona-Passeig de Gràcia,23.132653061224488,19.5,98.0
2026-03-28 13:45:00,Barcelona-Passeig de Gràcia,19.416666666666668,12.0,156.0
2026-03-28 14:00:00,Barcelona-Passeig de Gràcia,21.40566037735849,13.0,106.0
2026-03-28 14:15:00,Barcelona-Passeig de Gràcia,21.571428571428573,14.0,98.0
2026-03-28 14:30:00,Barcelona-Passeig de Gràcia,22.403846153846153,13.5,104.0
2026-03-28 14:45:00,Barcelona-Passeig de Gràcia,18.861842105263158,13.0,152.0
2026-03-28 15:00:00,Barcelona-Passeig de Gràcia,24.421875,19.0,128.0
2026-03-28 15:15:00,Barcelona-Passeig de Gràcia,19.666666666666668,12.5,108.0
2026-03-28 15:30:00,Barcelona-Passeig de Gràcia,19.346153846153847,11.5,130.0
2026-03-28 15:45:00,Barcelona-Passeig de Gràcia,20.744444444444444,11.0,90.0
2026-03-28 16:00:00,Barcelona-Passeig de Gràcia,20.127118644067796,12.0,118.0
2026-03-28 16:15:00,Barcelona-Passeig de Gràcia,23.902173913043477,19.0,92.0
2026-03-28 16:30:00,Barcelona-Passeig de Gràcia,20.649484536082475,16.0,194.0
2026-03-28 16:45:00,Barcelona-Passeig de Gràcia,20.274647887323944,16.0,142.0
2026-03-28 17:00:00,Barcelona-Passeig de Gràcia,22.550847457627118,17.0,118.0
2026-03-28 17:15:00,Barcelona-Passeig de Gràcia,23.38135593220339,19.0,118.0
2026-03-28 17:30:00,Barcelona-Passeig de Gràcia,21.620689655172413,19.5,174.0
2026-03-28 17:45:00,Barcelona-Passeig de Gràcia,18.829787234042552,16.0,188.0
2026-03-28 18:00:00,Barcelona-Passeig de Gràcia,19.6875,15.5,144.0
2026-03-28 18:15:00,Barcelona-Passeig de Gràcia,17.88235294117647,13.0,102.0
2026-03-28 18:30:00,Barcelona-Passeig de Gràcia,17.423728813559322,11.0,118.0
2026-03-28 18:45:00,Barcelona-Passeig de Gràcia,24.925531914893618,20.0,94.0
2026-03-28 19:00:00,Barcelona-Passeig de Gràcia,22.333333333333332,17.5,144.0
2026-03-28 19:15:00,Barcelona-Passeig de Gràcia,16.434782608695652,13.0,138.0
2026-03-28 19:30:00,Barcelona-Passeig de Gràcia,21.93548387096774,16.0,124.0
2026-03-28 19:45:00,Barcelona-Passeig de Gràcia,24.37323943661972,19.0,142.0
2026-03-28 20:00:00,Barcelona-Passeig de Gràcia,20.0,15.0,71.0
2026-03-28 20:15:00,Barcelona-Passeig de Gràcia,18.666666666666668,13.0,114.0
2026-03-28 20:30:00,Barcelona-Passeig de Gràcia,18.911392405063292,14.0,79.0
2026-03-28 20:45:00,Barcelona-Passeig de Gràcia,20.0,15.0,107.0
2026-03-28 21:00:00,Barcelona-Passeig de Gràcia,18.12987012987013,13.0,77.0
2026-03-28 21:15:00,Barcelona-Passeig de Gràcia,17.322222222222223,9.5,90.0
2026-03-28 21:30:00,Barcelona-Passeig de Gràcia,18.728571428571428,13.0,70.0
2026-03-28 21:45:00,Barcelona-Passeig de Gràcia,22.232142857142858,18.0,112.0
2026-03-28 22:00:00,Barcelona-Passeig de Gràcia,15.777777777777779,9.0,54.0
2026-03-28 22:15:00,Barcelona-Passeig de Gràcia,16.205882352941178,7.0,68.0
2026-03-28 22:30:00,Barcelona-Passeig de Gràcia,23.9,15.0,40.0
2026-03-28 22:45:00,Barcelona-Passeig de Gràcia,16.03448275862069,6.0,58.0
2026-03-28 23:00:00,Barcelona-Passeig de Gràcia,21.36111111111111,6.0,36.0
2026-03-28 23:15:00,Barcelona-Passeig de Gràcia,18.11904761904762,6.0,42.0
2026-03-28 23:30:00,Barcelona-Passeig de Gràcia,23.45,10.0,20.0
2026-03-28 23:45:00,Barcelona-Passeig de Gràcia,11.23076923076923,2.0,14.0
2026-03-29 00:00:00,Barcelona-Passeig de Gràcia,,,
2026-03-29 00:15:00,Barcelona-Passeig de Gràcia,,,
2026-03-29 00:30:00,Barcelona-Passeig de Gràcia,,,
2026-03-29 00:45:00,Barcelona-Passeig de Gràcia,,,
2026-03-29 01:00:00,Barcelona-Passeig de Gràcia,,,
2026-03-29 01:15:00,Barcelona-Passeig de Gràcia,,,
2026-03-29 01:30:00,Barcelona-Passeig de Gràcia,,,
2026-03-29 01:45:00,Barcelona-Passeig de Gràcia,,,
2026-03-29 02:00:00,Barcelona-Passeig de Gràcia,,,
2026-03-29 02:15:00,Barcelona-Passeig de Gràcia,,,
2026-03-29 02:30:00,Barcelona-Passeig de Gràcia,,,
2026-03-29 02:45:00,Barcelona-Passeig de Gràcia,,,
2026-03-29 03:00:00,Barcelona-Passeig de Gràcia,,,
2026-03-29 03:15:00,Barcelona-Passeig de Gràcia,,,
2026-03-29 03:30:00,Barcelona-Passeig de Gràcia,,,
2026-03-29 03:45:00,Barcelona-Passeig de Gràcia,,,
2026-03-29 04:00:00,Barcelona-Passeig de Gràcia,5.375,1.0,8.0
2026-03-29 04:15:00,Barcelona-Passeig de Gràcia,10.4375,10.0,16.0
2026-03-29 04:30:00,Barcelona-Passeig de Gràcia,8.052631578947368,4.0,19.0
2026-03-29 04:45:00,Barcelona-Passeig de Gràcia,9.052631578947368,6.0,38.0
2026-03-29 05:00:00,Barcelona-Passeig de Gràcia,5.125,4.0,32.0
2026-03-29 05:15:00,Barcelona-Passeig de Gràcia,6.470588235294118,4.0,34.0
2026-03-29 05:30:00,Barcelona-Passeig de Gràcia,8.552631578947368,6.0,38.0
2026-03-29 05:45:00,Barcelona-Passeig de Gràcia,10.283582089552239,9.0,67.0
2026-03-29 06:00:00,Barcelona-Passeig de Gràcia,12.766666666666667,11.0,60.0
2026-03-29 06:15:00,Barcelona-Passeig de Gràcia,13.731707317073171,11.0,82.0
2026-03-29 06:30:00,Barcelona-Passeig de Gràcia,11.904761904761905,11.0,63.0
2026-03-29 06:45:00,Barcelona-Passeig de Gràcia,12.367816091954023,8.0,87.0
2026-03-29 07:00:00,Barcelona-Passeig de Gràcia,12.313432835820896,8.0,67.0
2026-03-29 07:15:00,Barcelona-Passeig de Gràcia,11.823529411764707,7.0,102.0
2026-03-29 07:30:00,Barcelona-Passeig de Gràcia,13.490196078431373,9.0,51.0
2026-03-29 07:45:00,Barcelona-Passeig de Gràcia,15.671641791044776,11.0,67.0
2026-03-29 08:00:00,Barcelona-Passeig de Gràcia,12.855555555555556,7.5,90.0
2026-03-29 08:15:00,Barcelona-Passeig de Gràcia,12.92,6.0,75.0
2026-03-29 08:30:00,Barcelona-Passeig de Gràcia,15.056338028169014,7.0,71.0
2026-03-29 08:45:00,Barcelona-Passeig de Gràcia,20.991304347826087,17.0,115.0
2026-03-29 09:00:00,Barcelona-Passeig de Gràcia,15.015873015873016,10.0,63.0
2026-03-29 09:15:00,Barcelona-Passeig de Gràcia,14.764705882352942,10.0,68.0
2026-03-29 09:30:00,Barcelona-Passeig de Gràcia,10.77319587628866,7.0,97.0
2026-03-29 09:45:00,Barcelona-Passeig de Gràcia,14.301369863013699,10.0,73.0
2026-03-29 10:00:00,Barcelona-Passeig de Gràcia,17.375,13.0,64.0
2026-03-29 10:15:00,Barcelona-Passeig de Gràcia,17.57843137254902,11.0,102.0
2026-03-29 10:30:00,Barcelona-Passeig de Gràcia,13.666666666666666,7.0,69.0
2026-03-29 10:45:00,Barcelona-Passeig de Gràcia,12.316831683168317,7.0,101.0
2026-03-29 11:00:00,Barcelona-Passeig de Gràcia,13.515625,6.5,64.0
2026-03-29 11:15:00,Barcelona-Passeig de Gràcia,13.884615384615385,8.5,52.0
2026-03-29 11:30:00,Barcelona-Passeig de Gràcia,13.48936170212766,8.0,94.0
2026-03-29 11:45:00,Barcelona-Passeig de Gràcia,14.333333333333334,9.0,111.0
2026-03-29 12:00:00,Barcelona-Passeig de Gràcia,16.75862068965517,10.5,58.0
2026-03-29 12:15:00,Barcelona-Passeig de Gràcia,19.90909090909091,12.0,77.0
2026-03-29 12:30:00,Barcelona-Passeig de Gràcia,20.12162162162162,19.0,74.0
2026-03-29 12:45:00,Barcelona-Passeig de Gràcia,17.904,18.0,125.0
2026-03-29 13:00:00,Barcelona-Passeig de Gràcia,15.590909090909092,12.0,88.0
2026-03-29 13:15:00,Barcelona-Passeig de Gràcia,16.138461538461538,13.0,65.0
2026-03-29 13:30:00,Barcelona-Passeig de Gràcia,13.795180722891565,12.0,83.0
2026-03-29 13:45:00,Barcelona-Passeig de Gràcia,13.921052631578947,12.0,76.0
2026-03-29 14:00:00,Barcelona-Passeig de Gràcia,13.279069767441861,12.0,86.0
2026-03-29 14:15:00,Barcelona-Passeig de Gràcia,12.746753246753247,11.5,154.0
2026-03-29 14:30:00,Barcelona-Passeig de Gràcia,16.311475409836067,11.0,61.0
2026-03-29 14:45:00,Barcelona-Passeig de Gràcia,17.823529411764707,14.0,102.0
2026-03-29 15:00:00,Barcelona-Passeig de Gràcia,19.71212121212121,17.0,66.0
2026-03-29 15:15:00,Barcelona-Passeig de Gràcia,18.275862068965516,17.0,87.0
2026-03-29 15:30:00,Barcelona-Passeig de Gràcia,15.10204081632653,17.0,98.0
2026-03-29 15:45:00,Barcelona-Passeig de Gràcia,12.991735537190083,11.0,121.0
2026-03-29 16:00:00,Barcelona-Passeig de Gràcia,16.228070175438596,17.0,114.0
2026-03-29 16:15:00,Barcelona-Passeig de Gràcia,14.26,15.5,50.0
2026-03-29 16:30:00,Barcelona-Passeig de Gràcia,12.36697247706422,11.0,109.0
2026-03-29 16:45:00,Barcelona-Passeig de Gràcia,11.220930232558139,10.0,86.0
2026-03-29 17:00:00,Barcelona-Passeig de Gràcia,12.616666666666667,11.0,60.0
2026-03-29 17:15:00,Barcelona-Passeig de Gràcia,14.381578947368421,11.0,76.0
2026-03-29 17:30:00,Barcelona-Passeig de Gràcia,11.126984126984127,8.0,63.0
2026-03-29 17:45:00,Barcelona-Passeig de Gràcia,12.602564102564102,10.0,78.0
2026-03-29 18:00:00,Barcelona-Passeig de Gràcia,16.986301369863014,19.0,73.0
2026-03-29 18:15:00,Barcelona-Passeig de Gràcia,16.423728813559322,15.0,59.0
2026-03-29 18:30:00,Barcelona-Passeig de Gràcia,14.327586206896552,10.0,58.0
2026-03-29 18:45:00,Barcelona-Passeig de Gràcia,17.963414634146343,19.0,82.0
2026-03-29 19:00:00,Barcelona-Passeig de Gràcia,14.962264150943396,11.0,53.0
2026-03-29 19:15:00,Barcelona-Passeig de Gràcia,15.462962962962964,10.5,54.0
2026-03-29 19:30:00,Barcelona-Passeig de Gràcia,16.31111111111111,15.0,45.0
2026-03-29 19:45:00,Barcelona-Passeig de Gràcia,17.785714285714285,15.0,84.0
2026-03-29 20:00:00,Barcelona-Passeig de Gràcia,17.356164383561644,15.0,73.0
2026-03-29 20:15:00,Barcelona-Passeig de Gràcia,15.25,13.0,52.0
2026-03-29 20:30:00,Barcelona-Passeig de Gràcia,16.833333333333332,15.0,42.0
2026-03-29 20:45:00,Barcelona-Passeig de Gràcia,19.658536585365855,19.0,41.0
2026-03-29 21:00:00,Barcelona-Passeig de Gràcia,16.48,14.0,50.0
2026-03-29 21:15:00,Barcelona-Passeig de Gràcia,17.90909090909091,10.0,44.0
2026-03-29 21:30:00,Barcelona-Passeig de Gràcia,19.390243902439025,13.0,41.0
2026-03-29 21:45:00,Barcelona-Passeig de Gràcia,13.803571428571429,9.5,56.0
2026-03-29 22:00:00,Barcelona-Passeig de Gràcia,18.09090909090909,15.0,33.0
2026-03-29 22:15:00,Barcelona-Passeig de Gràcia,12.047619047619047,7.0,42.0
2026-03-29 22:30:00,Barcelona-Passeig de Gràcia,11.225,4.0,40.0
2026-03-29 22:45:00,Barcelona-Passeig de Gràcia,9.695652173913043,2.0,23.0
2026-03-29 23:00:00,Barcelona-Passeig de Gràcia,8.0,1.0,18.0
2026-03-29 23:15:00,Barcelona-Passeig de Gràcia,2.3333333333333335,1.0,9.0
2026-03-29 23:30:00,Barcelona-Passeig de Gràcia,6.333333333333333,10.0,3.0
2026-03-29 23:45:00,Barcelona-Passeig de Gràcia,0.0,-1.0,7.0
2026-03-30 00:00:00,Barcelona-Passeig de Gràcia,,,
2026-03-30 00:15:00,Barcelona-Passeig de Gràcia,,,
2026-03-30 00:30:00,Barcelona-Passeig de Gràcia,,,
2026-03-30 00:45:00,Barcelona-Passeig de Gràcia,,,
2026-03-30 01:00:00,Barcelona-Passeig de Gràcia,,,
2026-03-30 01:15:00,Barcelona-Passeig de Gràcia,,,
2026-03-30 01:30:00,Barcelona-Passeig de Gràcia,,,
2026-03-30 01:45:00,Barcelona-Passeig de Gràcia,,,
2026-03-30 02:00:00,Barcelona-Passeig de Gràcia,,,
2026-03-30 02:15:00,Barcelona-Passeig de Gràcia,,,
2026-03-30 02:30:00,Barcelona-Passeig de Gràcia,,,
2026-03-30 02:45:00,Barcelona-Passeig de Gràcia,,,
2026-03-30 03:00:00,Barcelona-Passeig de Gràcia,,,
2026-03-30 03:15:00,Barcelona-Passeig de Gràcia,6.333333333333333,9.0,3.0
2026-03-30 03:30:00,Barcelona-Passeig de Gràcia,4.0,1.0,5.0
2026-03-30 03:45:00,Barcelona-Passeig de Gràcia,11.5,11.5,4.0
2026-03-30 04:00:00,Barcelona-Passeig de Gràcia,6.428571428571429,5.0,14.0
2026-03-30 04:15:00,Barcelona-Passeig de Gràcia,8.2,10.0,5.0
2026-03-30 04:30:00,Barcelona-Passeig de Gràcia,7.705882352941177,5.0,34.0
2026-03-30 04:45:00,Barcelona-Passeig de Gràcia,11.16,9.0,50.0
2026-03-30 05:00:00,Barcelona-Passeig de Gràcia,7.206896551724138,9.0,29.0
2026-03-30 05:15:00,Barcelona-Passeig de Gràcia,35.31460674157304,9.0,89.0
2026-03-30 05:30:00,Barcelona-Passeig de Gràcia,30.728070175438596,9.0,114.0
2026-03-30 05:45:00,Barcelona-Passeig de Gràcia,21.1900826446281,8.0,121.0
2026-03-30 06:00:00,Barcelona-Passeig de Gràcia,9.427083333333334,9.0,96.0
2026-03-30 06:15:00,Barcelona-Passeig de Gràcia,21.31297709923664,10.0,131.0
2026-03-30 06:30:00,Barcelona-Passeig de Gràcia,23.818897637795274,11.0,127.0
2026-03-30 06:45:00,Barcelona-Passeig de Gràcia,22.48201438848921,10.0,139.0
2026-03-30 07:00:00,Barcelona-Passeig de Gràcia,37.206896551724135,10.0,145.0
2026-03-30 07:15:00,Barcelona-Passeig de Gràcia,13.021929824561404,11.0,228.0
2026-03-30 07:30:00,Barcelona-Passeig de Gràcia,22.44311377245509,11.0,167.0
2026-03-30 07:45:00,Barcelona-Passeig de Gràcia,19.422764227642276,11.0,123.0
2026-03-30 08:00:00,Barcelona-Passeig de Gràcia,12.209580838323353,9.0,167.0
2026-03-30 08:15:00,Barcelona-Passeig de Gràcia,19.96694214876033,9.0,121.0
2026-03-30 08:30:00,Barcelona-Passeig de Gràcia,20.18487394957983,12.0,119.0
2026-03-30 08:45:00,Barcelona-Passeig de Gràcia,25.76086956521739,12.5,138.0
2026-03-30 09:00:00,Barcelona-Passeig de Gràcia,33.134453781512605,11.0,119.0
2026-03-30 09:15:00,Barcelona-Passeig de Gràcia,22.612121212121213,11.0,165.0
2026-03-30 09:30:00,Barcelona-Passeig de Gràcia,16.195876288659793,11.0,97.0
2026-03-30 09:45:00,Barcelona-Passeig de Gràcia,13.933333333333334,9.0,90.0
2026-03-30 10:00:00,Barcelona-Passeig de Gràcia,15.844444444444445,11.0,90.0
2026-03-30 10:15:00,Barcelona-Passeig de Gràcia,13.666666666666666,11.0,87.0
2026-03-30 10:30:00,Barcelona-Passeig de Gràcia,12.481481481481481,11.0,81.0
2026-03-30 10:45:00,Barcelona-Passeig de Gràcia,12.56,11.0,100.0
2026-03-30 11:00:00,Barcelona-Passeig de Gràcia,15.057971014492754,11.0,69.0
2026-03-30 11:15:00,Barcelona-Passeig de Gràcia,15.283950617283951,11.0,81.0
2026-03-30 11:30:00,Barcelona-Passeig de Gràcia,,,
2026-03-30 11:45:00,Barcelona-Passeig de Gràcia,16.72972972972973,12.0,74.0
2026-03-30 12:00:00,Barcelona-Passeig de Gràcia,18.556962025316455,15.0,79.0
2026-03-30 12:15:00,Barcelona-Passeig de Gràcia,21.33783783783784,12.0,74.0
2026-03-30 12:30:00,Barcelona-Passeig de Gràcia,20.166666666666668,15.0,102.0
2026-03-30 12:45:00,Barcelona-Passeig de Gràcia,18.444444444444443,15.0,27.0
2026-03-30 13:00:00,Barcelona-Passeig de Gràcia,,,
2026-03-30 13:15:00,Barcelona-Passeig de Gràcia,17.084745762711865,14.0,59.0
2026-03-30 13:30:00,Barcelona-Passeig de Gràcia,22.52173913043478,17.0,115.0
2026-03-30 13:45:00,Barcelona-Passeig de Gràcia,23.0,17.0,71.0
2026-03-30 14:00:00,Barcelona-Passeig de Gràcia,20.436974789915965,17.0,119.0
2026-03-30 14:15:00,Barcelona-Passeig de Gràcia,19.761904761904763,17.0,63.0
2026-03-30 14:30:00,Barcelona-Passeig de Gràcia,,,
2026-03-30 14:45:00,Barcelona-Passeig de Gràcia,12.1,9.0,10.0
2026-03-30 15:00:00,Barcelona-Passeig de Gràcia,16.0,17.0,76.0
2026-03-30 15:15:00,Barcelona-Passeig de Gràcia,13.5,11.0,100.0
2026-03-30 15:30:00,Barcelona-Passeig de Gràcia,17.0,17.0,67.0
2026-03-30 15:45:00,Barcelona-Passeig de Gràcia,15.989690721649485,13.0,97.0
2026-03-30 16:00:00,Barcelona-Passeig de Gràcia,,,
2026-03-30 16:15:00,Barcelona-Passeig de Gràcia,,,
2026-03-30 16:30:00,Barcelona-Passeig de Gràcia,19.49397590361446,19.0,83.0
2026-03-30 16:45:00,Barcelona-Passeig de Gràcia,21.75,23.0,68.0
2026-03-30 17:00:00,Barcelona-Passeig de Gràcia,20.736263736263737,20.0,91.0
2026-03-30 17:15:00,Barcelona-Passeig de Gràcia,17.31,17.0,100.0
2026-03-30 17:30:00,Barcelona-Passeig de Gràcia,17.464285714285715,19.5,28.0
2026-03-30 17:45:00,Barcelona-Passeig de Gràcia,17.416666666666668,17.5,24.0
2026-03-30 18:00:00,Barcelona-Passeig de Gràcia,19.193548387096776,17.0,31.0
2026-03-30 18:15:00,Barcelona-Passeig de Gràcia,18.16949152542373,13.0,59.0
2026-03-30 18:30:00,Barcelona-Passeig de Gràcia,16.77777777777778,17.0,126.0
2026-03-30 18:45:00,Barcelona-Passeig de Gràcia,14.637931034482758,12.0,116.0
2026-03-30 19:00:00,Barcelona-Passeig de Gràcia,15.982456140350877,13.0,57.0
2026-03-30 19:15:00,Barcelona-Passeig de Gràcia,19.5,13.0,10.0
2026-03-30 19:30:00,Barcelona-Passeig de Gràcia,17.320987654320987,13.0,81.0
2026-03-30 19:45:00,Barcelona-Passeig de Gràcia,11.504854368932039,7.0,103.0
2026-03-30 20:00:00,Barcelona-Passeig de Gràcia,11.56338028169014,6.0,71.0
2026-03-30 20:15:00,Barcelona-Passeig de Gràcia,12.0,6.5,54.0
2026-03-30 20:30:00,Barcelona-Passeig de Gràcia,47.43283582089552,7.0,67.0
2026-03-30 20:45:00,Barcelona-Passeig de Gràcia,17.360655737704917,12.0,61.0
2026-03-30 21:00:00,Barcelona-Passeig de Gràcia,40.83673469387755,6.0,49.0
2026-03-30 21:15:00,Barcelona-Passeig de Gràcia,12.575,6.5,40.0
2026-03-30 21:30:00,Barcelona-Passeig de Gràcia,14.0,3.0,23.0
2026-03-30 21:45:00,Barcelona-Passeig de Gràcia,15.162162162162161,10.0,37.0
2026-03-30 22:00:00,Barcelona-Passeig de Gràcia,15.6,10.0,30.0
2026-03-30 22:15:00,Barcelona-Passeig de Gràcia,21.833333333333332,21.5,18.0
2026-03-30 22:30:00,Barcelona-Passeig de Gràcia,17.428571428571427,12.0,28.0
2026-03-30 22:45:00,Barcelona-Passeig de Gràcia,17.40740740740741,18.0,27.0
2026-03-30 23:00:00,Barcelona-Passeig de Gràcia,20.541666666666668,25.0,24.0
2026-03-30 23:15:00,Barcelona-Passeig de Gràcia,16.214285714285715,15.5,14.0
2026-03-30 23:30:00,Barcelona-Passeig de Gràcia,6.142857142857143,6.0,7.0
2026-03-30 23:45:00,Barcelona-Passeig de Gràcia,0.0,-2.0,6.0
2026-03-31 00:00:00,Barcelona-Passeig de Gràcia,,,
2026-03-31 00:15:00,Barcelona-Passeig de Gràcia,,,
2026-03-31 00:30:00,Barcelona-Passeig de Gràcia,,,
2026-03-31 00:45:00,Barcelona-Passeig de Gràcia,,,
2026-03-31 01:00:00,Barcelona-Passeig de Gràcia,,,
2026-03-31 01:15:00,Barcelona-Passeig de Gràcia,,,
2026-03-31 01:30:00,Barcelona-Passeig de Gràcia,,,
2026-03-31 01:45:00,Barcelona-Passeig de Gràcia,,,
2026-03-31 02:00:00,Barcelona-Passeig de Gràcia,,,
2026-03-31 02:15:00,Barcelona-Passeig de Gràcia,,,
2026-03-31 02:30:00,Barcelona-Passeig de Gràcia,,,
2026-03-31 02:45:00,Barcelona-Passeig de Gràcia,,,
2026-03-31 03:00:00,Barcelona-Passeig de Gràcia,,,
2026-03-31 03:15:00,Barcelona-Passeig de Gràcia,11.5,11.5,2.0
2026-03-31 03:30:00,Barcelona-Passeig de Gràcia,5.8,3.0,5.0
2026-03-31 03:45:00,Barcelona-Passeig de Gràcia,13.0,13.0,2.0
2026-03-31 04:00:00,Barcelona-Passeig de Gràcia,9.818181818181818,11.0,11.0
2026-03-31 04:15:00,Barcelona-Passeig de Gràcia,15.14,13.5,50.0
2026-03-31 04:30:00,Barcelona-Passeig de Gràcia,12.043478260869565,11.0,23.0
2026-03-31 04:45:00,Barcelona-Passeig de Gràcia,13.0,11.5,28.0
2026-03-31 05:00:00,Barcelona-Passeig de Gràcia,11.075,9.0,80.0
2026-03-31 05:15:00,Barcelona-Passeig de Gràcia,11.197916666666666,9.0,96.0
2026-03-31 05:30:00,Barcelona-Passeig de Gràcia,11.299065420560748,10.0,107.0
2026-03-31 05:45:00,Barcelona-Passeig de Gràcia,12.709876543209877,11.0,162.0
2026-03-31 06:00:00,Barcelona-Passeig de Gràcia,14.123809523809523,12.0,105.0
2026-03-31 06:15:00,Barcelona-Passeig de Gràcia,16.149532710280372,13.0,107.0
2026-03-31 06:30:00,Barcelona-Passeig de Gràcia,15.513698630136986,12.0,146.0
2026-03-31 06:45:00,Barcelona-Passeig de Gràcia,16.24812030075188,11.0,133.0
2026-03-31 07:00:00,Barcelona-Passeig de Gràcia,13.25,10.0,220.0
2026-03-31 07:15:00,Barcelona-Passeig de Gràcia,15.956521739130435,11.0,161.0
2026-03-31 07:30:00,Barcelona-Passeig de Gràcia,17.43918918918919,11.0,148.0
2026-03-31 07:45:00,Barcelona-Passeig de Gràcia,15.184873949579831,11.0,119.0
2026-03-31 08:00:00,Barcelona-Passeig de Gràcia,20.431578947368422,19.0,95.0
2026-03-31 08:15:00,Barcelona-Passeig de Gràcia,17.50769230769231,12.0,130.0
2026-03-31 08:30:00,Barcelona-Passeig de Gràcia,19.953333333333333,19.0,150.0
2026-03-31 08:45:00,Barcelona-Passeig de Gràcia,20.343373493975903,19.0,166.0
2026-03-31 09:00:00,Barcelona-Passeig de Gràcia,20.2,14.0,110.0
2026-03-31 09:15:00,Barcelona-Passeig de Gràcia,21.96153846153846,14.0,78.0
2026-03-31 09:30:00,Barcelona-Passeig de Gràcia,24.566666666666666,21.0,120.0
2026-03-31 09:45:00,Barcelona-Passeig de Gràcia,24.273809523809526,21.0,84.0
2026-03-31 10:00:00,Barcelona-Passeig de Gràcia,25.211267605633804,20.5,142.0
2026-03-31 10:15:00,Barcelona-Passeig de Gràcia,20.972477064220183,16.0,109.0
2026-03-31 10:30:00,Barcelona-Passeig de Gràcia,17.175,12.5,80.0
2026-03-31 10:45:00,Barcelona-Passeig de Gràcia,18.493827160493826,12.0,81.0
2026-03-31 11:00:00,Barcelona-Passeig de Gràcia,16.253012048192772,10.0,83.0
2026-03-31 11:15:00,Barcelona-Passeig de Gràcia,22.541284403669724,15.0,109.0
2026-03-31 11:30:00,Barcelona-Passeig de Gràcia,17.98611111111111,12.0,72.0
2026-03-31 11:45:00,Barcelona-Passeig de Gràcia,23.69811320754717,15.0,53.0
2026-03-31 12:00:00,Barcelona-Passeig de Gràcia,24.823529411764707,16.0,68.0
2026-03-31 12:15:00,Barcelona-Passeig de Gràcia,22.48936170212766,13.0,47.0
2026-03-31 12:30:00,Barcelona-Passeig de Gràcia,24.646153846153847,16.0,130.0
2026-03-31 12:45:00,Barcelona-Passeig de Gràcia,27.646341463414632,28.0,82.0
2026-03-31 13:00:00,Barcelona-Passeig de Gràcia,22.297619047619047,18.0,84.0
2026-03-31 13:15:00,Barcelona-Passeig de Gràcia,24.5,20.0,58.0
2026-03-31 13:30:00,Barcelona-Passeig de Gràcia,22.63302752293578,22.0,109.0
2026-03-31 13:45:00,Barcelona-Passeig de Gràcia,22.51578947368421,25.0,95.0
2026-03-31 14:00:00,Barcelona-Passeig de Gràcia,17.07792207792208,13.0,77.0
2026-03-31 14:15:00,Barcelona-Passeig de Gràcia,15.569230769230769,13.0,65.0
2026-03-31 14:30:00,Barcelona-Passeig de Gràcia,18.529411764705884,15.0,68.0
2026-03-31 14:45:00,Barcelona-Passeig de Gràcia,18.923076923076923,15.0,78.0
2026-03-31 15:00:00,Barcelona-Passeig de Gràcia,17.690140845070424,15.0,71.0
2026-03-31 15:15:00,Barcelona-Passeig de Gràcia,19.559322033898304,15.0,59.0
2026-03-31 15:30:00,Barcelona-Passeig de Gràcia,15.114942528735632,10.0,87.0
2026-03-31 15:45:00,Barcelona-Passeig de Gràcia,16.511363636363637,12.0,88.0
2026-03-31 16:00:00,Barcelona-Passeig de Gràcia,15.264705882352942,11.0,68.0
2026-03-31 16:15:00,Barcelona-Passeig de Gràcia,18.414893617021278,15.0,94.0
2026-03-31 16:30:00,Barcelona-Passeig de Gràcia,16.303797468354432,12.0,79.0
2026-03-31 16:45:00,Barcelona-Passeig de Gràcia,12.709090909090909,11.0,110.0
2026-03-31 17:00:00,Barcelona-Passeig de Gràcia,18.11320754716981,15.0,106.0
2026-03-31 17:15:00,Barcelona-Passeig de Gràcia,15.315217391304348,11.5,92.0
2026-03-31 17:30:00,Barcelona-Passeig de Gràcia,12.417721518987342,8.0,79.0
2026-03-31 17:45:00,Barcelona-Passeig de Gràcia,16.740384615384617,14.0,104.0
2026-03-31 18:00:00,Barcelona-Passeig de Gràcia,13.402439024390244,10.0,82.0
2026-03-31 18:15:00,Barcelona-Passeig de Gràcia,15.037037037037036,11.5,108.0
2026-03-31 18:30:00,Barcelona-Passeig de Gràcia,11.818181818181818,9.0,121.0
2026-03-31 18:45:00,Barcelona-Passeig de Gràcia,11.725806451612904,8.0,124.0
2026-03-31 19:00:00,Barcelona-Passeig de Gràcia,12.702127659574469,10.0,47.0
2026-03-31 19:15:00,Barcelona-Passeig de Gràcia,14.688888888888888,9.0,90.0
2026-03-31 19:30:00,Barcelona-Passeig de Gràcia,14.701149425287356,9.0,87.0
2026-03-31 19:45:00,Barcelona-Passeig de Gràcia,17.0,16.0,83.0
2026-03-31 20:00:00,Barcelona-Passeig de Gràcia,17.339285714285715,15.0,112.0
2026-03-31 20:15:00,Barcelona-Passeig de Gràcia,17.27710843373494,15.0,83.0
2026-03-31 20:30:00,Barcelona-Passeig de Gràcia,17.141176470588235,16.0,85.0
2026-03-31 20:45:00,Barcelona-Passeig de Gràcia,16.454545454545453,11.0,66.0
2026-03-31 21:00:00,Barcelona-Passeig de Gràcia,14.551020408163266,7.0,49.0
2026-03-31 21:15:00,Barcelona-Passeig de Gràcia,16.592105263157894,18.0,76.0
2026-03-31 21:30:00,Barcelona-Passeig de Gràcia,12.87719298245614,8.0,57.0
2026-03-31 21:45:00,Barcelona-Passeig de Gràcia,16.865384615384617,16.0,52.0
2026-03-31 22:00:00,Barcelona-Passeig de Gràcia,20.26530612244898,18.0,49.0
2026-03-31 22:15:00,Barcelona-Passeig de Gràcia,17.896551724137932,18.0,29.0
2026-03-31 22:30:00,Barcelona-Passeig de Gràcia,20.263157894736842,18.0,38.0
2026-03-31 22:45:00,Barcelona-Passeig de Gràcia,18.862068965517242,18.0,29.0
2026-03-31 23:00:00,Barcelona-Passeig de Gràcia,18.8,18.0,35.0
2026-03-31 23:15:00,Barcelona-Passeig de Gràcia,13.125,9.0,16.0
2026-03-31 23:30:00,Barcelona-Passeig de Gràcia,7.2,6.0,5.0
2026-03-31 23:45:00,Barcelona-Passeig de Gràcia,-2.25,-3.0,4.0
2026-04-01 00:00:00,Barcelona-Passeig de Gràcia,,,
2026-04-01 00:15:00,Barcelona-Passeig de Gràcia,,,
2026-04-01 00:30:00,Barcelona-Passeig de Gràcia,,,
2026-04-01 00:45:00,Barcelona-Passeig de Gràcia,,,
2026-04-01 01:00:00,Barcelona-Passeig de Gràcia,,,
2026-04-01 01:15:00,Barcelona-Passeig de Gràcia,,,
2026-04-01 01:30:00,Barcelona-Passeig de Gràcia,,,
2026-04-01 01:45:00,Barcelona-Passeig de Gràcia,,,
2026-04-01 02:00:00,Barcelona-Passeig de Gràcia,,,
2026-04-01 02:15:00,Barcelona-Passeig de Gràcia,,,
2026-04-01 02:30:00,Barcelona-Passeig de Gràcia,,,
2026-04-01 02:45:00,Barcelona-Passeig de Gràcia,8.0,8.0,3.0
2026-04-01 03:00:00,Barcelona-Passeig de Gràcia,,,
2026-04-01 03:15:00,Barcelona-Passeig de Gràcia,,,
2026-04-01 03:30:00,Barcelona-Passeig de Gràcia,8.4,9.0,10.0
2026-04-01 03:45:00,Barcelona-Passeig de Gràcia,13.0,13.0,2.0
2026-04-01 04:00:00,Barcelona-Passeig de Gràcia,7.714285714285714,8.0,14.0
2026-04-01 04:15:00,Barcelona-Passeig de Gràcia,9.057142857142857,8.0,35.0
2026-04-01 04:30:00,Barcelona-Passeig de Gràcia,10.875,6.0,48.0
2026-04-01 04:45:00,Barcelona-Passeig de Gràcia,11.0,7.0,42.0
2026-04-01 05:00:00,Barcelona-Passeig de Gràcia,9.037735849056604,6.0,53.0
2026-04-01 05:15:00,Barcelona-Passeig de Gràcia,10.040816326530612,8.0,49.0
2026-04-01 05:30:00,Barcelona-Passeig de Gràcia,11.482758620689655,8.0,58.0
2026-04-01 05:45:00,Barcelona-Passeig de Gràcia,16.522727272727273,10.0,132.0
2026-04-01 06:00:00,Barcelona-Passeig de Gràcia,15.645569620253164,10.0,79.0
2026-04-01 06:15:00,Barcelona-Passeig de Gràcia,15.763636363636364,10.0,110.0
2026-04-01 06:30:00,Barcelona-Passeig de Gràcia,13.378571428571428,7.0,140.0
2026-04-01 06:45:00,Barcelona-Passeig de Gràcia,19.040816326530614,9.0,147.0
2026-04-01 07:00:00,Barcelona-Passeig de Gràcia,13.194029850746269,7.0,134.0
2026-04-01 07:15:00,Barcelona-Passeig de Gràcia,22.21897810218978,19.0,137.0
2026-04-01 07:30:00,Barcelona-Passeig de Gràcia,23.579545454545453,17.0,88.0
2026-04-01 07:45:00,Barcelona-Passeig de Gràcia,22.22222222222222,15.0,117.0
2026-04-01 08:00:00,Barcelona-Passeig de Gràcia,25.630769230769232,19.0,130.0
2026-04-01 08:15:00,Barcelona-Passeig de Gràcia,25.94392523364486,19.0,107.0
2026-04-01 08:30:00,Barcelona-Passeig de Gràcia,22.802816901408452,15.0,142.0
2026-04-01 08:45:00,Barcelona-Passeig de Gràcia,28.840425531914892,19.0,94.0
2026-04-01 09:00:00,Barcelona-Passeig de Gràcia,26.341176470588234,19.0,85.0
2026-04-01 09:15:00,Barcelona-Passeig de Gràcia,29.561643835616437,20.0,73.0
2026-04-01 09:30:00,Barcelona-Passeig de Gràcia,28.83495145631068,32.0,103.0
2026-04-01 09:45:00,Barcelona-Passeig de Gràcia,27.681318681318682,27.0,91.0
2026-04-01 10:00:00,Barcelona-Passeig de Gràcia,22.220183486238533,13.0,109.0
2026-04-01 10:15:00,Barcelona-Passeig de Gràcia,32.351851851851855,28.0,54.0
2026-04-01 10:30:00,Barcelona-Passeig de Gràcia,32.885245901639344,30.0,61.0
2026-04-01 10:45:00,Barcelona-Passeig de Gràcia,25.25,14.0,88.0
2026-04-01 11:00:00,Barcelona-Passeig de Gràcia,29.83157894736842,21.0,95.0
2026-04-01 11:15:00,Barcelona-Passeig de Gràcia,33.0,32.0,78.0
2026-04-01 11:30:00,Barcelona-Passeig de Gràcia,29.043478260869566,21.0,69.0
2026-04-01 11:45:00,Barcelona-Passeig de Gràcia,21.0,12.0,84.0
2026-04-01 12:00:00,Barcelona-Passeig de Gràcia,30.328358208955223,32.0,67.0
2026-04-01 12:15:00,Barcelona-Passeig de Gràcia,18.721311475409838,7.0,61.0
2026-04-01 12:30:00,Barcelona-Passeig de Gràcia,22.742857142857144,11.5,70.0
2026-04-01 12:45:00,Barcelona-Passeig de Gràcia,16.375,7.0,128.0
2026-04-01 13:00:00,Barcelona-Passeig de Gràcia,24.384615384615383,10.0,65.0
2026-04-01 13:15:00,Barcelona-Passeig de Gràcia,20.180851063829788,10.5,94.0
2026-04-01 13:30:00,Barcelona-Passeig de Gràcia,16.016666666666666,7.0,60.0
2026-04-01 13:45:00,Barcelona-Passeig de Gràcia,18.40506329113924,11.0,79.0
2026-04-01 14:00:00,Barcelona-Passeig de Gràcia,17.85,11.0,80.0
2026-04-01 14:15:00,Barcelona-Passeig de Gràcia,18.096385542168676,11.0,83.0
2026-04-01 14:30:00,Barcelona-Passeig de Gràcia,18.454545454545453,11.0,77.0
2026-04-01 14:45:00,Barcelona-Passeig de Gràcia,18.682692307692307,10.5,104.0
2026-04-01 15:00:00,Barcelona-Passeig de Gràcia,17.45977011494253,11.0,87.0
2026-04-01 15:15:00,Barcelona-Passeig de Gràcia,18.076923076923077,11.0,65.0
2026-04-01 15:30:00,Barcelona-Passeig de Gràcia,18.457831325301203,23.0,83.0
2026-04-01 15:45:00,Barcelona-Passeig de Gràcia,16.50485436893204,11.0,103.0
2026-04-01 16:00:00,Barcelona-Passeig de Gràcia,18.87878787878788,11.0,66.0
2026-04-01 16:15:00,Barcelona-Passeig de Gràcia,16.84269662921348,11.0,89.0
2026-04-01 16:30:00,Barcelona-Passeig de Gràcia,17.245283018867923,11.0,53.0
2026-04-01 16:45:00,Barcelona-Passeig de Gràcia,18.490909090909092,12.0,55.0
2026-04-01 17:00:00,Barcelona-Passeig de Gràcia,17.51923076923077,11.0,52.0
2026-04-01 17:15:00,Barcelona-Passeig de Gràcia,15.96808510638298,11.0,94.0
2026-04-01 17:30:00,Barcelona-Passeig de Gràcia,14.186046511627907,10.0,86.0
2026-04-01 17:45:00,Barcelona-Passeig de Gràcia,17.03921568627451,11.0,102.0
2026-04-01 18:00:00,Barcelona-Passeig de Gràcia,16.663636363636364,11.0,110.0
2026-04-01 18:15:00,Barcelona-Passeig de Gràcia,17.464285714285715,15.0,112.0
2026-04-01 18:30:00,Barcelona-Passeig de Gràcia,13.790322580645162,10.0,62.0
2026-04-01 18:45:00,Barcelona-Passeig de Gràcia,17.40909090909091,13.5,66.0
2026-04-01 19:00:00,Barcelona-Passeig de Gràcia,15.776119402985074,12.0,67.0
2026-04-01 19:15:00,Barcelona-Passeig de Gràcia,14.329113924050633,12.0,79.0
2026-04-01 19:30:00,Barcelona-Passeig de Gràcia,14.97979797979798,11.0,99.0
2026-04-01 19:45:00,Barcelona-Passeig de Gràcia,16.789473684210527,12.0,76.0
2026-04-01 20:00:00,Barcelona-Passeig de Gràcia,16.323809523809523,13.0,105.0
2026-04-01 20:15:00,Barcelona-Passeig de Gràcia,15.685185185185185,11.0,54.0
2026-04-01 20:30:00,Barcelona-Passeig de Gràcia,15.148148148148149,12.0,81.0
2026-04-01 20:45:00,Barcelona-Passeig de Gràcia,20.24,14.0,75.0
2026-04-01 21:00:00,Barcelona-Passeig de Gràcia,19.561643835616437,20.0,73.0
2026-04-01 21:15:00,Barcelona-Passeig de Gràcia,19.91891891891892,19.5,74.0
2026-04-01 21:30:00,Barcelona-Passeig de Gràcia,21.12121212121212,20.0,33.0
2026-04-01 21:45:00,Barcelona-Passeig de Gràcia,21.1875,21.5,32.0
2026-04-01 22:00:00,Barcelona-Passeig de Gràcia,18.91111111111111,19.0,45.0
2026-04-01 22:15:00,Barcelona-Passeig de Gràcia,19.102564102564102,18.0,39.0
2026-04-01 22:30:00,Barcelona-Passeig de Gràcia,17.6046511627907,18.0,43.0
2026-04-01 22:45:00,Barcelona-Passeig de Gràcia,18.545454545454547,18.0,22.0
2026-04-01 23:00:00,Barcelona-Passeig de Gràcia,17.157894736842106,18.0,19.0
2026-04-01 23:15:00,Barcelona-Passeig de Gràcia,15.25,13.0,8.0
2026-04-01 23:30:00,Barcelona-Passeig de Gràcia,8.0,8.0,7.0
2026-04-01 23:45:00,Barcelona-Passeig de Gràcia,3.0,2.0,6.0
2026-04-02 00:00:00,Barcelona-Passeig de Gràcia,,,
2026-04-02 00:15:00,Barcelona-Passeig de Gràcia,,,
2026-04-02 00:30:00,Barcelona-Passeig de Gràcia,,,
2026-04-02 00:45:00,Barcelona-Passeig de Gràcia,,,
2026-04-02 01:00:00,Barcelona-Passeig de Gràcia,,,
2026-04-02 01:15:00,Barcelona-Passeig de Gràcia,,,
2026-04-02 01:30:00,Barcelona-Passeig de Gràcia,,,
2026-04-02 01:45:00,Barcelona-Passeig de Gràcia,,,
2026-04-02 02:00:00,Barcelona-Passeig de Gràcia,,,
2026-04-02 02:15:00,Barcelona-Passeig de Gràcia,,,
2026-04-02 02:30:00,Barcelona-Passeig de Gràcia,,,
2026-04-02 02:45:00,Barcelona-Passeig de Gràcia,6.25,6.5,4.0
2026-04-02 03:00:00,Barcelona-Passeig de Gràcia,6.2,6.0,5.0
2026-04-02 03:15:00,Barcelona-Passeig de Gràcia,7.65,6.0,20.0
2026-04-02 03:30:00,Barcelona-Passeig de Gràcia,10.078947368421053,6.5,38.0
2026-04-02 03:45:00,Barcelona-Passeig de Gràcia,13.1,7.5,10.0
2026-04-02 04:00:00,Barcelona-Passeig de Gràcia,10.1,7.5,30.0
2026-04-02 04:15:00,Barcelona-Passeig de Gràcia,8.46774193548387,6.0,62.0
2026-04-02 04:30:00,Barcelona-Passeig de Gràcia,10.0,6.0,32.0
2026-04-02 04:45:00,Barcelona-Passeig de Gràcia,7.2926829268292686,6.0,41.0
2026-04-02 05:00:00,Barcelona-Passeig de Gràcia,9.133333333333333,6.0,105.0
2026-04-02 05:15:00,Barcelona-Passeig de Gràcia,12.05,7.0,120.0
2026-04-02 05:30:00,Barcelona-Passeig de Gràcia,8.909090909090908,6.0,88.0
2026-04-02 05:45:00,Barcelona-Passeig de Gràcia,15.531428571428572,10.0,175.0
2026-04-02 06:00:00,Barcelona-Passeig de Gràcia,11.265151515151516,8.0,132.0
2026-04-02 06:15:00,Barcelona-Passeig de Gràcia,12.255102040816327,7.5,196.0
2026-04-02 06:30:00,Barcelona-Passeig de Gràcia,13.85207100591716,8.0,169.0
2026-04-02 06:45:00,Barcelona-Passeig de Gràcia,13.145833333333334,7.5,192.0
2026-04-02 07:00:00,Barcelona-Passeig de Gràcia,14.962857142857143,9.0,350.0
2026-04-02 07:15:00,Barcelona-Passeig de Gràcia,15.280851063829788,10.0,235.0
2026-04-02 07:30:00,Barcelona-Passeig de Gràcia,15.798913043478262,10.0,184.0
2026-04-02 07:45:00,Barcelona-Passeig de Gràcia,18.33050847457627,12.0,118.0
2026-04-02 08:00:00,Barcelona-Passeig de Gràcia,16.933566433566433,11.0,286.0
2026-04-02 08:15:00,Barcelona-Passeig de Gràcia,15.94078947368421,10.0,152.0
2026-04-02 08:30:00,Barcelona-Passeig de Gràcia,16.727810650887573,11.0,169.0
2026-04-02 08:45:00,Barcelona-Passeig de Gràcia,20.428571428571427,18.0,91.0
2026-04-02 09:00:00,Barcelona-Passeig de Gràcia,17.75,11.0,116.0
2026-04-02 09:15:00,Barcelona-Passeig de Gràcia,20.04320987654321,14.0,162.0
2026-04-02 09:30:00,Barcelona-Passeig de Gràcia,20.234285714285715,17.0,175.0
2026-04-02 09:45:00,Barcelona-Passeig de Gràcia,22.32,20.0,150.0
2026-04-02 10:00:00,Barcelona-Passeig de Gràcia,20.383783783783784,14.0,185.0
2026-04-02 10:15:00,Barcelona-Passeig de Gràcia,18.32857142857143,10.0,140.0
2026-04-02 10:30:00,Barcelona-Passeig de Gràcia,18.82758620689655,12.0,203.0
2026-04-02 10:45:00,Barcelona-Passeig de Gràcia,23.2406015037594,22.0,133.0
2026-04-02 11:00:00,Barcelona-Passeig de Gràcia,23.63917525773196,22.0,97.0
2026-04-02 11:15:00,Barcelona-Passeig de Gràcia,18.677966101694917,12.0,118.0
2026-04-02 11:30:00,Barcelona-Passeig de Gràcia,14.55421686746988,9.0,166.0
2026-04-02 11:45:00,Barcelona-Passeig de Gràcia,20.225352112676056,18.0,142.0
2026-04-02 12:00:00,Barcelona-Passeig de Gràcia,14.535714285714286,7.5,140.0
2026-04-02 12:15:00,Barcelona-Passeig de Gràcia,13.431818181818182,6.0,88.0
2026-04-02 12:30:00,Barcelona-Passeig de Gràcia,17.09259259259259,9.0,108.0
2026-04-02 12:45:00,Barcelona-Passeig de Gràcia,17.16923076923077,11.0,130.0
2026-04-02 13:00:00,Barcelona-Passeig de Gràcia,12.619318181818182,8.0,176.0
2026-04-02 13:15:00,Barcelona-Passeig de Gràcia,18.431506849315067,12.5,146.0
2026-04-02 13:30:00,Barcelona-Passeig de Gràcia,26.06923076923077,24.0,130.0
2026-04-02 13:45:00,Barcelona-Passeig de Gràcia,16.4375,8.0,128.0
2026-04-02 14:00:00,Barcelona-Passeig de Gràcia,19.93548387096774,9.5,124.0
2026-04-02 14:15:00,Barcelona-Passeig de Gràcia,18.44736842105263,11.0,190.0
2026-04-02 14:30:00,Barcelona-Passeig de Gràcia,22.59722222222222,17.0,144.0
2026-04-02 14:45:00,Barcelona-Passeig de Gràcia,18.796511627906977,13.5,172.0
2026-04-02 15:00:00,Barcelona-Passeig de Gràcia,16.42156862745098,10.0,102.0
2026-04-02 15:15:00,Barcelona-Passeig de Gràcia,21.23404255319149,22.0,94.0
2026-04-02 15:30:00,Barcelona-Passeig de Gràcia,18.038961038961038,12.0,154.0
2026-04-02 15:45:00,Barcelona-Passeig de Gràcia,18.232142857142858,12.0,112.0
2026-04-02 16:00:00,Barcelona-Passeig de Gràcia,18.76923076923077,9.5,78.0
2026-04-02 16:15:00,Barcelona-Passeig de Gràcia,17.4,9.0,195.0
2026-04-02 16:30:00,Barcelona-Passeig de Gràcia,21.707482993197278,17.0,147.0
2026-04-02 16:45:00,Barcelona-Passeig de Gràcia,25.902255639097746,24.0,133.0
2026-04-02 17:00:00,Barcelona-Passeig de Gràcia,19.123076923076923,12.5,260.0
2026-04-02 17:15:00,Barcelona-Passeig de Gràcia,22.15463917525773,14.0,194.0
2026-04-02 17:30:00,Barcelona-Passeig de Gràcia,18.314102564102566,10.0,156.0
2026-04-02 17:45:00,Barcelona-Passeig de Gràcia,16.19047619047619,8.0,84.0
2026-04-02 18:00:00,Barcelona-Passeig de Gràcia,19.934131736526947,12.0,167.0
2026-04-02 18:15:00,Barcelona-Passeig de Gràcia,19.08641975308642,10.0,162.0
2026-04-02 18:30:00,Barcelona-Passeig de Gràcia,16.577464788732396,9.0,142.0
2026-04-02 18:45:00,Barcelona-Passeig de Gràcia,16.008695652173913,8.0,115.0
2026-04-02 19:00:00,Barcelona-Passeig de Gràcia,25.79230769230769,16.0,130.0
2026-04-02 19:15:00,Barcelona-Passeig de Gràcia,19.292134831460675,11.0,89.0
2026-04-02 19:30:00,Barcelona-Passeig de Gràcia,17.502732240437158,10.0,183.0
2026-04-02 19:45:00,Barcelona-Passeig de Gràcia,21.16030534351145,11.0,131.0
2026-04-02 20:00:00,Barcelona-Passeig de Gràcia,22.016666666666666,11.0,120.0
2026-04-02 20:15:00,Barcelona-Passeig de Gràcia,17.479591836734695,9.5,196.0
2026-04-02 20:30:00,Barcelona-Passeig de Gràcia,27.066225165562916,22.0,151.0
2026-04-02 20:45:00,Barcelona-Passeig de Gràcia,26.141935483870967,19.0,155.0
2026-04-02 21:00:00,Barcelona-Passeig de Gràcia,22.01005025125628,11.0,199.0
2026-04-02 21:15:00,Barcelona-Passeig de Gràcia,26.852941176470587,22.0,136.0
2026-04-02 21:30:00,Barcelona-Passeig de Gràcia,22.453551912568305,11.0,183.0
2026-04-02 21:45:00,Barcelona-Passeig de Gràcia,25.2,12.0,85.0
2026-04-02 22:00:00,Barcelona-Passeig de Gràcia,21.593023255813954,11.0,86.0
2026-04-02 22:15:00,Barcelona-Passeig de Gràcia,18.384615384615383,9.0,52.0
2026-04-02 22:30:00,Barcelona-Passeig de Gràcia,21.15909090909091,11.0,44.0
2026-04-02 22:45:00,Barcelona-Passeig de Gràcia,23.285714285714285,15.5,42.0
2026-04-02 23:00:00,Barcelona-Passeig de Gràcia,20.98148148148148,6.0,54.0
2026-04-02 23:15:00,Barcelona-Passeig de Gràcia,18.133333333333333,5.0,30.0
2026-04-02 23:30:00,Barcelona-Passeig de Gràcia,24.666666666666668,5.5,18.0
2026-04-02 23:45:00,Barcelona-Passeig de Gràcia,19.5,6.0,12.0
2026-04-03 00:00:00,Barcelona-Passeig de Gràcia,,,
2026-04-03 00:15:00,Barcelona-Passeig de Gràcia,,,
2026-04-03 00:30:00,Barcelona-Passeig de Gràcia,,,
2026-04-03 00:45:00,Barcelona-Passeig de Gràcia,,,
2026-04-03 01:00:00,Barcelona-Passeig de Gràcia,,,
2026-04-03 01:15:00,Barcelona-Passeig de Gràcia,,,
2026-04-03 01:30:00,Barcelona-Passeig de Gràcia,,,
2026-04-03 01:45:00,Barcelona-Passeig de Gràcia,,,
2026-04-03 02:00:00,Barcelona-Passeig de Gràcia,,,
2026-04-03 02:15:00,Barcelona-Passeig de Gràcia,,,
2026-04-03 02:30:00,Barcelona-Passeig de Gràcia,,,
2026-04-03 02:45:00,Barcelona-Passeig de Gràcia,,,
2026-04-03 03:00:00,Barcelona-Passeig de Gràcia,,,
2026-04-03 03:15:00,Barcelona-Passeig de Gràcia,4.6,4.0,5.0
2026-04-03 03:30:00,Barcelona-Passeig de Gràcia,,,
2026-04-03 03:45:00,Barcelona-Passeig de Gràcia,6.333333333333333,6.0,3.0
2026-04-03 04:00:00,Barcelona-Passeig de Gràcia,9.28125,6.0,32.0
2026-04-03 04:15:00,Barcelona-Passeig de Gràcia,13.538461538461538,11.0,13.0
2026-04-03 04:30:00,Barcelona-Passeig de Gràcia,10.131578947368421,6.0,38.0
2026-04-03 04:45:00,Barcelona-Passeig de Gràcia,9.891891891891891,6.0,37.0
2026-04-03 05:00:00,Barcelona-Passeig de Gràcia,7.7272727272727275,6.0,44.0
2026-04-03 05:15:00,Barcelona-Passeig de Gràcia,6.705882352941177,6.0,34.0
2026-04-03 05:30:00,Barcelona-Passeig de Gràcia,10.26388888888889,6.0,72.0
2026-04-03 05:45:00,Barcelona-Passeig de Gràcia,11.194029850746269,6.0,67.0
2026-04-03 06:00:00,Barcelona-Passeig de Gràcia,9.73076923076923,4.5,52.0
2026-04-03 06:15:00,Barcelona-Passeig de Gràcia,13.537037037037036,8.0,54.0
2026-04-03 06:30:00,Barcelona-Passeig de Gràcia,15.048780487804878,12.0,82.0
2026-04-03 06:45:00,Barcelona-Passeig de Gràcia,11.394366197183098,8.0,71.0
2026-04-03 07:00:00,Barcelona-Passeig de Gràcia,16.928571428571427,9.0,98.0
2026-04-03 07:15:00,Barcelona-Passeig de Gràcia,15.847222222222221,9.0,72.0
2026-04-03 07:30:00,Barcelona-Passeig de Gràcia,16.11627906976744,8.0,86.0
2026-04-03 07:45:00,Barcelona-Passeig de Gràcia,19.051948051948052,12.0,77.0
2026-04-03 08:00:00,Barcelona-Passeig de Gràcia,21.982456140350877,13.0,114.0
2026-04-03 08:15:00,Barcelona-Passeig de Gràcia,19.50485436893204,12.0,103.0
2026-04-03 08:30:00,Barcelona-Passeig de Gràcia,17.592105263157894,12.0,76.0
2026-04-03 08:45:00,Barcelona-Passeig de Gràcia,20.640776699029125,12.0,103.0
2026-04-03 09:00:00,Barcelona-Passeig de Gràcia,19.155555555555555,12.0,90.0
2026-04-03 09:15:00,Barcelona-Passeig de Gràcia,21.705882352941178,20.0,85.0
2026-04-03 09:30:00,Barcelona-Passeig de Gràcia,19.3375,14.0,80.0
2026-04-03 09:45:00,Barcelona-Passeig de Gràcia,15.072727272727272,9.5,110.0
2026-04-03 10:00:00,Barcelona-Passeig de Gràcia,18.55072463768116,14.0,69.0
2026-04-03 10:15:00,Barcelona-Passeig de Gràcia,19.203125,9.0,64.0
2026-04-03 10:30:00,Barcelona-Passeig de Gràcia,21.950819672131146,10.0,61.0
2026-04-03 10:45:00,Barcelona-Passeig de Gràcia,22.835616438356166,12.0,73.0
2026-04-03 11:00:00,Barcelona-Passeig de Gràcia,24.0,20.0,68.0
2026-04-03 11:15:00,Barcelona-Passeig de Gràcia,17.875,10.0,64.0
2026-04-03 11:30:00,Barcelona-Passeig de Gràcia,19.614285714285714,11.0,70.0
2026-04-03 11:45:00,Barcelona-Passeig de Gràcia,18.71818181818182,12.0,110.0
2026-04-03 12:00:00,Barcelona-Passeig de Gràcia,16.171875,15.0,64.0
2026-04-03 12:15:00,Barcelona-Passeig de Gràcia,22.283783783783782,18.0,74.0
2026-04-03 12:30:00,Barcelona-Passeig de Gràcia,24.56,18.0,50.0
2026-04-03 12:45:00,Barcelona-Passeig de Gràcia,19.320987654320987,15.0,81.0
2026-04-03 13:00:00,Barcelona-Passeig de Gràcia,18.93846153846154,15.0,65.0
2026-04-03 13:15:00,Barcelona-Passeig de Gràcia,15.950819672131148,10.0,61.0
2026-04-03 13:30:00,Barcelona-Passeig de Gràcia,21.604938271604937,13.0,81.0
2026-04-03 13:45:00,Barcelona-Passeig de Gràcia,23.35483870967742,21.0,62.0
2026-04-03 14:00:00,Barcelona-Passeig de Gràcia,28.0,30.0,102.0
2026-04-03 14:15:00,Barcelona-Passeig de Gràcia,29.20408163265306,27.0,49.0
2026-04-03 14:30:00,Barcelona-Passeig de Gràcia,22.453703703703702,14.0,108.0
2026-04-03 14:45:00,Barcelona-Passeig de Gràcia,25.71951219512195,24.0,82.0
2026-04-03 15:00:00,Barcelona-Passeig de Gràcia,24.65753424657534,17.0,73.0
2026-04-03 15:15:00,Barcelona-Passeig de Gràcia,25.067961165048544,26.0,103.0
2026-04-03 15:30:00,Barcelona-Passeig de Gràcia,20.65979381443299,12.0,97.0
2026-04-03 15:45:00,Barcelona-Passeig de Gràcia,22.666666666666668,24.0,51.0
2026-04-03 16:00:00,Barcelona-Passeig de Gràcia,18.205882352941178,13.0,68.0
2026-04-03 16:15:00,Barcelona-Passeig de Gràcia,21.759615384615383,24.0,104.0
2026-04-03 16:30:00,Barcelona-Passeig de Gràcia,21.553571428571427,24.0,56.0
2026-04-03 16:45:00,Barcelona-Passeig de Gràcia,20.476190476190474,21.5,84.0
2026-04-03 17:00:00,Barcelona-Passeig de Gràcia,21.696,20.0,125.0
2026-04-03 17:15:00,Barcelona-Passeig de Gràcia,21.357142857142858,20.0,56.0
2026-04-03 17:30:00,Barcelona-Passeig de Gràcia,23.746987951807228,16.0,83.0
2026-04-03 17:45:00,Barcelona-Passeig de Gràcia,12.764705882352942,9.0,51.0
2026-04-03 18:00:00,Barcelona-Passeig de Gràcia,23.477272727272727,13.0,44.0
2026-04-03 18:15:00,Barcelona-Passeig de Gràcia,26.017241379310345,23.0,58.0
2026-04-03 18:30:00,Barcelona-Passeig de Gràcia,34.936708860759495,30.0,79.0
2026-04-03 18:45:00,Barcelona-Passeig de Gràcia,29.169811320754718,24.0,53.0
2026-04-03 19:00:00,Barcelona-Passeig de Gràcia,31.06451612903226,26.5,62.0
2026-04-03 19:15:00,Barcelona-Passeig de Gràcia,28.339622641509433,24.0,53.0
2026-04-03 19:30:00,Barcelona-Passeig de Gràcia,24.02061855670103,16.0,97.0
2026-04-03 19:45:00,Barcelona-Passeig de Gràcia,18.375,13.0,72.0
2026-04-03 20:00:00,Barcelona-Passeig de Gràcia,16.16346153846154,10.5,104.0
2026-04-03 20:15:00,Barcelona-Passeig de Gràcia,21.949152542372882,22.0,59.0
2026-04-03 20:30:00,Barcelona-Passeig de Gràcia,9.208333333333334,6.0,48.0
2026-04-03 20:45:00,Barcelona-Passeig de Gràcia,12.428571428571429,6.0,42.0
2026-04-03 21:00:00,Barcelona-Passeig de Gràcia,14.704545454545455,8.0,44.0
2026-04-03 21:15:00,Barcelona-Passeig de Gràcia,17.015151515151516,7.0,66.0
2026-04-03 21:30:00,Barcelona-Passeig de Gràcia,19.796610169491526,8.0,59.0
2026-04-03 21:45:00,Barcelona-Passeig de Gràcia,30.625,12.0,32.0
2026-04-03 22:00:00,Barcelona-Passeig de Gràcia,31.272727272727273,28.0,44.0
2026-04-03 22:15:00,Barcelona-Passeig de Gràcia,33.266666666666666,43.0,30.0
2026-04-03 22:30:00,Barcelona-Passeig de Gràcia,28.885714285714286,15.0,35.0
2026-04-03 22:45:00,Barcelona-Passeig de Gràcia,24.085714285714285,9.0,35.0
2026-04-03 23:00:00,Barcelona-Passeig de Gràcia,23.73076923076923,9.0,26.0
2026-04-03 23:15:00,Barcelona-Passeig de Gràcia,22.23076923076923,5.0,13.0
2026-04-03 23:30:00,Barcelona-Passeig de Gràcia,20.4,6.0,10.0
2026-04-03 23:45:00,Barcelona-Passeig de Gràcia,6.0,6.0,4.0
2026-04-04 00:00:00,Barcelona-Passeig de Gràcia,,,
2026-04-04 00:15:00,Barcelona-Passeig de Gràcia,,,
2026-04-04 00:30:00,Barcelona-Passeig de Gràcia,,,
2026-04-04 00:45:00,Barcelona-Passeig de Gràcia,,,
2026-04-04 01:00:00,Barcelona-Passeig de Gràcia,,,
2026-04-04 01:15:00,Barcelona-Passeig de Gràcia,,,
2026-04-04 01:30:00,Barcelona-Passeig de Gràcia,,,
2026-04-04 01:45:00,Barcelona-Passeig de Gràcia,,,
2026-04-04 02:00:00,Barcelona-Passeig de Gràcia,,,
2026-04-04 02:15:00,Barcelona-Passeig de Gràcia,,,
2026-04-04 02:30:00,Barcelona-Passeig de Gràcia,,,
2026-04-04 02:45:00,Barcelona-Passeig de Gràcia,,,
2026-04-04 03:00:00,Barcelona-Passeig de Gràcia,11.0,11.0,2.0
2026-04-04 03:15:00,Barcelona-Passeig de Gràcia,9.0,9.0,1.0
2026-04-04 03:30:00,Barcelona-Passeig de Gràcia,6.25,6.5,4.0
2026-04-04 03:45:00,Barcelona-Passeig de Gràcia,,,
2026-04-04 04:00:00,Barcelona-Passeig de Gràcia,11.0,11.0,1.0
2026-04-04 04:15:00,Barcelona-Passeig de Gràcia,23.2,23.0,5.0
2026-04-04 04:30:00,Barcelona-Passeig de Gràcia,10.05,3.5,20.0
2026-04-04 04:45:00,Barcelona-Passeig de Gràcia,10.80952380952381,11.0,21.0
2026-04-04 05:00:00,Barcelona-Passeig de Gràcia,5.884615384615385,2.0,26.0
2026-04-04 05:15:00,Barcelona-Passeig de Gràcia,9.5,9.0,34.0
2026-04-04 05:30:00,Barcelona-Passeig de Gràcia,8.019607843137255,9.0,51.0
2026-04-04 05:45:00,Barcelona-Passeig de Gràcia,11.457627118644067,9.0,59.0
2026-04-04 06:00:00,Barcelona-Passeig de Gràcia,12.774193548387096,9.0,62.0
2026-04-04 06:15:00,Barcelona-Passeig de Gràcia,13.690909090909091,7.0,110.0
2026-04-04 06:30:00,Barcelona-Passeig de Gràcia,14.166666666666666,11.0,54.0
2026-04-04 06:45:00,Barcelona-Passeig de Gràcia,16.346666666666668,13.0,75.0
2026-04-04 07:00:00,Barcelona-Passeig de Gràcia,15.181818181818182,13.0,55.0
2026-04-04 07:15:00,Barcelona-Passeig de Gràcia,16.333333333333332,15.0,69.0
2026-04-04 07:30:00,Barcelona-Passeig de Gràcia,15.738636363636363,12.0,88.0
2026-04-04 07:45:00,Barcelona-Passeig de Gràcia,15.9,12.0,70.0
2026-04-04 08:00:00,Barcelona-Passeig de Gràcia,19.406976744186046,13.0,86.0
2026-04-04 08:15:00,Barcelona-Passeig de Gràcia,18.0,12.0,95.0
2026-04-04 08:30:00,Barcelona-Passeig de Gràcia,16.095652173913045,12.0,115.0
2026-04-04 08:45:00,Barcelona-Passeig de Gràcia,20.95945945945946,14.0,74.0
2026-04-04 09:00:00,Barcelona-Passeig de Gràcia,18.564356435643564,14.0,101.0
2026-04-04 09:15:00,Barcelona-Passeig de Gràcia,16.275,12.0,80.0
2026-04-04 09:30:00,Barcelona-Passeig de Gràcia,20.41176470588235,12.0,102.0
2026-04-04 09:45:00,Barcelona-Passeig de Gràcia,15.584158415841584,10.0,101.0
2026-04-04 10:00:00,Barcelona-Passeig de Gràcia,22.07843137254902,12.0,102.0
2026-04-04 10:15:00,Barcelona-Passeig de Gràcia,29.762376237623762,17.0,101.0
2026-04-04 10:30:00,Barcelona-Passeig de Gràcia,21.41304347826087,10.0,92.0
2026-04-04 10:45:00,Barcelona-Passeig de Gràcia,28.62264150943396,10.5,106.0
2026-04-04 11:00:00,Barcelona-Passeig de Gràcia,19.53448275862069,10.0,58.0
2026-04-04 11:15:00,Barcelona-Passeig de Gràcia,31.61467889908257,12.0,109.0
2026-04-04 11:30:00,Barcelona-Passeig de Gràcia,37.27173913043478,13.0,92.0
2026-04-04 11:45:00,Barcelona-Passeig de Gràcia,36.067567567567565,12.0,74.0
2026-04-04 12:00:00,Barcelona-Passeig de Gràcia,33.426829268292686,12.0,82.0
2026-04-04 12:15:00,Barcelona-Passeig de Gràcia,33.38793103448276,9.0,116.0
2026-04-04 12:30:00,Barcelona-Passeig de Gràcia,38.10227272727273,39.0,88.0
2026-04-04 12:45:00,Barcelona-Passeig de Gràcia,38.833333333333336,39.0,102.0
2026-04-04 13:00:00,Barcelona-Passeig de Gràcia,25.93617021276596,8.0,47.0
2026-04-04 13:15:00,Barcelona-Passeig de Gràcia,46.75,48.0,92.0
2026-04-04 13:30:00,Barcelona-Passeig de Gràcia,41.26086956521739,40.0,92.0
2026-04-04 13:45:00,Barcelona-Passeig de Gràcia,35.596638655462186,17.0,119.0
2026-04-04 14:00:00,Barcelona-Passeig de Gràcia,45.411764705882355,40.0,51.0
2026-04-04 14:15:00,Barcelona-Passeig de Gràcia,38.527272727272724,31.0,55.0
2026-04-04 14:30:00,Barcelona-Passeig de Gràcia,29.92105263157895,8.0,76.0
2026-04-04 14:45:00,Barcelona-Passeig de Gràcia,27.66,8.0,50.0
2026-04-04 15:00:00,Barcelona-Passeig de Gràcia,23.661538461538463,8.0,65.0
2026-04-04 15:15:00,Barcelona-Passeig de Gràcia,31.823529411764707,37.0,68.0
2026-04-04 15:30:00,Barcelona-Passeig de Gràcia,28.721649484536083,16.0,97.0
2026-04-04 15:45:00,Barcelona-Passeig de Gràcia,28.3,19.0,90.0
2026-04-04 16:00:00,Barcelona-Passeig de Gràcia,31.38235294117647,40.0,68.0
2026-04-04 16:15:00,Barcelona-Passeig de Gràcia,27.529411764705884,19.0,85.0
2026-04-04 16:30:00,Barcelona-Passeig de Gràcia,19.763636363636362,9.0,55.0
2026-04-04 16:45:00,Barcelona-Passeig de Gràcia,20.149253731343283,11.0,67.0
2026-04-04 17:00:00,Barcelona-Passeig de Gràcia,19.584269662921347,11.0,89.0
2026-04-04 17:15:00,Barcelona-Passeig de Gràcia,29.0,34.0,61.0
2026-04-04 17:30:00,Barcelona-Passeig de Gràcia,29.136363636363637,28.0,66.0
2026-04-04 17:45:00,Barcelona-Passeig de Gràcia,24.0,11.0,63.0
2026-04-04 18:00:00,Barcelona-Passeig de Gràcia,25.425925925925927,12.5,54.0
2026-04-04 18:15:00,Barcelona-Passeig de Gràcia,24.729166666666668,11.5,48.0
2026-04-04 18:30:00,Barcelona-Passeig de Gràcia,29.92361111111111,19.0,144.0
2026-04-04 18:45:00,Barcelona-Passeig de Gràcia,24.46153846153846,13.0,78.0
2026-04-04 19:00:00,Barcelona-Passeig de Gràcia,29.39240506329114,24.0,79.0
2026-04-04 19:15:00,Barcelona-Passeig de Gràcia,27.954545454545453,19.0,66.0
2026-04-04 19:30:00,Barcelona-Passeig de Gràcia,25.33644859813084,17.0,107.0
2026-04-04 19:45:00,Barcelona-Passeig de Gràcia,29.17910447761194,19.0,67.0
2026-04-04 20:00:00,Barcelona-Passeig de Gràcia,28.6231884057971,19.0,69.0
2026-04-04 20:15:00,Barcelona-Passeig de Gràcia,29.058823529411764,19.0,85.0
2026-04-04 20:30:00,Barcelona-Passeig de Gràcia,29.03030303030303,17.0,66.0
2026-04-04 20:45:00,Barcelona-Passeig de Gràcia,26.63157894736842,17.0,57.0
2026-04-04 21:00:00,Barcelona-Passeig de Gràcia,20.79310344827586,14.0,58.0
2026-04-04 21:15:00,Barcelona-Passeig de Gràcia,20.016666666666666,11.0,60.0
2026-04-04 21:30:00,Barcelona-Passeig de Gràcia,16.08888888888889,10.0,45.0
2026-04-04 21:45:00,Barcelona-Passeig de Gràcia,19.0,8.0,32.0
2026-04-04 22:00:00,Barcelona-Passeig de Gràcia,18.06,7.0,50.0
2026-04-04 22:15:00,Barcelona-Passeig de Gràcia,17.795454545454547,7.0,44.0
2026-04-04 22:30:00,Barcelona-Passeig de Gràcia,19.366666666666667,11.0,30.0
2026-04-04 22:45:00,Barcelona-Passeig de Gràcia,21.857142857142858,11.0,35.0
2026-04-04 23:00:00,Barcelona-Passeig de Gràcia,28.428571428571427,40.0,21.0
2026-04-04 23:15:00,Barcelona-Passeig de Gràcia,28.166666666666668,25.5,12.0
2026-04-04 23:30:00,Barcelona-Passeig de Gràcia,10.625,9.0,8.0
2026-04-04 23:45:00,Barcelona-Passeig de Gràcia,0.42857142857142855,-1.0,7.0
2026-04-05 00:00:00,Barcelona-Passeig de Gràcia,,,
2026-04-05 00:15:00,Barcelona-Passeig de Gràcia,,,
2026-04-05 00:30:00,Barcelona-Passeig de Gràcia,,,
2026-04-05 00:45:00,Barcelona-Passeig de Gràcia,,,
2026-04-05 01:00:00,Barcelona-Passeig de Gràcia,,,
2026-04-05 01:15:00,Barcelona-Passeig de Gràcia,,,
2026-04-05 01:30:00,Barcelona-Passeig de Gràcia,,,
2026-04-05 01:45:00,Barcelona-Passeig de Gràcia,,,
2026-04-05 02:00:00,Barcelona-Passeig de Gràcia,,,
2026-04-05 02:15:00,Barcelona-Passeig de Gràcia,,,
2026-04-05 02:30:00,Barcelona-Passeig de Gràcia,,,
2026-04-05 02:45:00,Barcelona-Passeig de Gràcia,,,
2026-04-05 03:00:00,Barcelona-Passeig de Gràcia,15.25,12.5,8.0
2026-04-05 03:15:00,Barcelona-Passeig de Gràcia,16.0,17.5,6.0
2026-04-05 03:30:00,Barcelona-Passeig de Gràcia,11.714285714285714,7.5,14.0
2026-04-05 03:45:00,Barcelona-Passeig de Gràcia,5.878787878787879,2.0,33.0
2026-04-05 04:00:00,Barcelona-Passeig de Gràcia,5.107142857142857,2.0,28.0
2026-04-05 04:15:00,Barcelona-Passeig de Gràcia,6.875,5.0,72.0
2026-04-05 04:30:00,Barcelona-Passeig de Gràcia,7.024590163934426,6.0,122.0
2026-04-05 04:45:00,Barcelona-Passeig de Gràcia,-3.075,3.0,40.0
2026-04-05 05:00:00,Barcelona-Passeig de Gràcia,8.32,5.0,150.0
2026-04-05 05:15:00,Barcelona-Passeig de Gràcia,6.978260869565218,5.0,138.0
2026-04-05 05:30:00,Barcelona-Passeig de Gràcia,6.235632183908046,6.0,174.0
2026-04-05 05:45:00,Barcelona-Passeig de Gràcia,9.414285714285715,8.0,140.0
2026-04-05 06:00:00,Barcelona-Passeig de Gràcia,7.773381294964029,8.0,278.0
2026-04-05 06:15:00,Barcelona-Passeig de Gràcia,10.551155115511552,10.0,303.0
2026-04-05 06:30:00,Barcelona-Passeig de Gràcia,12.0,15.5,148.0
2026-04-05 06:45:00,Barcelona-Passeig de Gràcia,12.636363636363637,9.5,242.0
2026-04-05 07:00:00,Barcelona-Passeig de Gràcia,10.004761904761905,8.0,210.0
2026-04-05 07:15:00,Barcelona-Passeig de Gràcia,12.166666666666666,13.0,168.0
2026-04-05 07:30:00,Barcelona-Passeig de Gràcia,10.406844106463879,9.0,263.0
2026-04-05 07:45:00,Barcelona-Passeig de Gràcia,10.40926640926641,10.0,259.0
2026-04-05 08:00:00,Barcelona-Passeig de Gràcia,12.5990990990991,12.0,222.0
2026-04-05 08:15:00,Barcelona-Passeig de Gràcia,14.629139072847682,12.0,151.0
2026-04-05 08:30:00,Barcelona-Passeig de Gràcia,13.672489082969433,11.0,229.0
2026-04-05 08:45:00,Barcelona-Passeig de Gràcia,11.717579250720462,9.0,347.0
2026-04-05 09:00:00,Barcelona-Passeig de Gràcia,12.187134502923977,9.0,171.0
2026-04-05 09:15:00,Barcelona-Passeig de Gràcia,13.733576642335766,11.0,274.0
2026-04-05 09:30:00,Barcelona-Passeig de Gràcia,13.095057034220533,11.0,263.0
2026-04-05 09:45:00,Barcelona-Passeig de Gràcia,15.38647342995169,14.0,207.0
2026-04-05 10:00:00,Barcelona-Passeig de Gràcia,14.8659793814433,12.0,194.0
2026-04-05 10:15:00,Barcelona-Passeig de Gràcia,16.585798816568047,14.0,169.0
2026-04-05 10:30:00,Barcelona-Passeig de Gràcia,16.558641975308642,14.0,324.0
2026-04-05 10:45:00,Barcelona-Passeig de Gràcia,14.86861313868613,11.0,274.0
2026-04-05 11:00:00,Barcelona-Passeig de Gràcia,21.389830508474578,23.0,177.0
2026-04-05 11:15:00,Barcelona-Passeig de Gràcia,18.57551020408163,14.0,245.0
2026-04-05 11:30:00,Barcelona-Passeig de Gràcia,18.20701754385965,15.0,285.0
2026-04-05 11:45:00,Barcelona-Passeig de Gràcia,16.431192660550458,13.0,218.0
2026-04-05 12:00:00,Barcelona-Passeig de Gràcia,15.66839378238342,13.0,193.0
2026-04-05 12:15:00,Barcelona-Passeig de Gràcia,16.84393063583815,14.0,173.0
2026-04-05 12:30:00,Barcelona-Passeig de Gràcia,12.354330708661417,7.0,127.0
2026-04-05 12:45:00,Barcelona-Passeig de Gràcia,10.24087591240876,5.0,137.0
2026-04-05 13:00:00,Barcelona-Passeig de Gràcia,17.39072847682119,13.0,151.0
2026-04-05 13:15:00,Barcelona-Passeig de Gràcia,15.7125,10.0,160.0
2026-04-05 13:30:00,Barcelona-Passeig de Gràcia,17.43016759776536,10.0,179.0
2026-04-05 13:45:00,Barcelona-Passeig de Gràcia,16.38235294117647,10.0,170.0
2026-04-05 14:00:00,Barcelona-Passeig de Gràcia,19.0168776371308,13.0,237.0
2026-04-05 14:15:00,Barcelona-Passeig de Gràcia,18.319277108433734,13.0,166.0
2026-04-05 14:30:00,Barcelona-Passeig de Gràcia,17.37037037037037,10.0,216.0
2026-04-05 14:45:00,Barcelona-Passeig de Gràcia,22.347014925373134,16.0,268.0
2026-04-05 15:00:00,Barcelona-Passeig de Gràcia,20.413978494623656,13.0,186.0
2026-04-05 15:15:00,Barcelona-Passeig de Gràcia,22.22695035460993,16.0,141.0
2026-04-05 15:30:00,Barcelona-Passeig de Gràcia,19.04022988505747,13.0,174.0
2026-04-05 15:45:00,Barcelona-Passeig de Gràcia,20.905349794238685,15.0,243.0
2026-04-05 16:00:00,Barcelona-Passeig de Gràcia,22.932926829268293,16.5,164.0
2026-04-05 16:15:00,Barcelona-Passeig de Gràcia,27.38235294117647,19.0,136.0
2026-04-05 16:30:00,Barcelona-Passeig de Gràcia,28.662251655629138,21.0,151.0
2026-04-05 16:45:00,Barcelona-Passeig de Gràcia,25.85632183908046,19.0,174.0
2026-04-05 17:00:00,Barcelona-Passeig de Gràcia,21.444816053511705,14.0,299.0
2026-04-05 17:15:00,Barcelona-Passeig de Gràcia,21.243523316062177,14.0,193.0
2026-04-05 17:30:00,Barcelona-Passeig de Gràcia,16.677966101694917,12.0,177.0
2026-04-05 17:45:00,Barcelona-Passeig de Gràcia,16.271428571428572,12.0,140.0
2026-04-05 18:00:00,Barcelona-Passeig de Gràcia,16.728395061728396,11.0,162.0
2026-04-05 18:15:00,Barcelona-Passeig de Gràcia,22.15686274509804,16.0,153.0
2026-04-05 18:30:00,Barcelona-Passeig de Gràcia,22.98723404255319,14.0,235.0
2026-04-05 18:45:00,Barcelona-Passeig de Gràcia,25.305194805194805,19.0,154.0
2026-04-05 19:00:00,Barcelona-Passeig de Gràcia,22.84375,14.0,192.0
2026-04-05 19:15:00,Barcelona-Passeig de Gràcia,22.39669421487603,14.0,242.0
2026-04-05 19:30:00,Barcelona-Passeig de Gràcia,26.024539877300615,14.0,163.0
2026-04-05 19:45:00,Barcelona-Passeig de Gràcia,25.40119760479042,16.0,167.0
2026-04-05 20:00:00,Barcelona-Passeig de Gràcia,23.729411764705883,14.0,170.0
2026-04-05 20:15:00,Barcelona-Passeig de Gràcia,22.943589743589744,13.0,195.0
2026-04-05 20:30:00,Barcelona-Passeig de Gràcia,23.72316384180791,16.0,177.0
2026-04-05 20:45:00,Barcelona-Passeig de Gràcia,19.554347826086957,15.0,184.0
2026-04-05 21:00:00,Barcelona-Passeig de Gràcia,21.791304347826088,16.0,115.0
2026-04-05 21:15:00,Barcelona-Passeig de Gràcia,18.033898305084747,15.0,177.0
2026-04-05 21:30:00,Barcelona-Passeig de Gràcia,15.82183908045977,9.0,174.0
2026-04-05 21:45:00,Barcelona-Passeig de Gràcia,16.048780487804876,6.0,123.0
2026-04-05 22:00:00,Barcelona-Passeig de Gràcia,21.31764705882353,19.0,85.0
2026-04-05 22:15:00,Barcelona-Passeig de Gràcia,16.94074074074074,6.0,135.0
2026-04-05 22:30:00,Barcelona-Passeig de Gràcia,24.0,32.0,69.0
2026-04-05 22:45:00,Barcelona-Passeig de Gràcia,17.571428571428573,6.0,56.0
2026-04-05 23:00:00,Barcelona-Passeig de Gràcia,21.54,9.0,50.0
2026-04-05 23:15:00,Barcelona-Passeig de Gràcia,15.439024390243903,4.0,41.0
2026-04-05 23:30:00,Barcelona-Passeig de Gràcia,20.0,4.5,10.0
2026-04-05 23:45:00,Barcelona-Passeig de Gràcia,1.6666666666666667,0.0,3.0
2026-04-06 00:00:00,Barcelona-Passeig de Gràcia,,,
2026-04-06 00:15:00,Barcelona-Passeig de Gràcia,,,
2026-04-06 00:30:00,Barcelona-Passeig de Gràcia,,,
2026-04-06 00:45:00,Barcelona-Passeig de Gràcia,,,
2026-04-06 01:00:00,Barcelona-Passeig de Gràcia,,,
2026-04-06 01:15:00,Barcelona-Passeig de Gràcia,,,
2026-04-06 01:30:00,Barcelona-Passeig de Gràcia,,,
2026-04-06 01:45:00,Barcelona-Passeig de Gràcia,,,
2026-04-06 02:00:00,Barcelona-Passeig de Gràcia,,,
2026-04-06 02:15:00,Barcelona-Passeig de Gràcia,,,
2026-04-06 02:30:00,Barcelona-Passeig de Gràcia,,,
2026-04-06 02:45:00,Barcelona-Passeig de Gràcia,,,
2026-04-06 03:00:00,Barcelona-Passeig de Gràcia,,,
2026-04-06 03:15:00,Barcelona-Passeig de Gràcia,,,
2026-04-06 03:30:00,Barcelona-Passeig de Gràcia,,,
2026-04-06 03:45:00,Barcelona-Passeig de Gràcia,7.1,4.0,10.0
2026-04-06 04:00:00,Barcelona-Passeig de Gràcia,5.2,5.0,10.0
2026-04-06 04:15:00,Barcelona-Passeig de Gràcia,7.0,3.0,23.0
2026-04-06 04:30:00,Barcelona-Passeig de Gràcia,4.020833333333333,5.0,48.0
2026-04-06 04:45:00,Barcelona-Passeig de Gràcia,-3.076923076923077,4.0,52.0
2026-04-06 05:00:00,Barcelona-Passeig de Gràcia,4.930232558139535,5.0,43.0
2026-04-06 05:15:00,Barcelona-Passeig de Gràcia,7.226190476190476,5.0,84.0
2026-04-06 05:30:00,Barcelona-Passeig de Gràcia,6.25,3.0,84.0
2026-04-06 05:45:00,Barcelona-Passeig de Gràcia,8.186666666666667,8.0,75.0
2026-04-06 06:00:00,Barcelona-Passeig de Gràcia,7.30327868852459,7.5,122.0
2026-04-06 06:15:00,Barcelona-Passeig de Gràcia,8.169230769230769,7.0,130.0
2026-04-06 06:30:00,Barcelona-Passeig de Gràcia,8.393258426966293,10.0,89.0
2026-04-06 06:45:00,Barcelona-Passeig de Gràcia,12.175257731958762,12.0,97.0
2026-04-06 07:00:00,Barcelona-Passeig de Gràcia,9.979591836734693,8.0,98.0
2026-04-06 07:15:00,Barcelona-Passeig de Gràcia,12.068376068376068,12.0,117.0
2026-04-06 07:30:00,Barcelona-Passeig de Gràcia,11.543624161073826,8.0,149.0
2026-04-06 07:45:00,Barcelona-Passeig de Gràcia,10.823529411764707,9.5,136.0
2026-04-06 08:00:00,Barcelona-Passeig de Gràcia,11.567307692307692,10.0,104.0
2026-04-06 08:15:00,Barcelona-Passeig de Gràcia,13.930693069306932,12.0,101.0
2026-04-06 08:30:00,Barcelona-Passeig de Gràcia,10.30939226519337,9.0,181.0
2026-04-06 08:45:00,Barcelona-Passeig de Gràcia,9.62295081967213,4.0,122.0
2026-04-06 09:00:00,Barcelona-Passeig de Gràcia,11.897727272727273,8.0,88.0
2026-04-06 09:15:00,Barcelona-Passeig de Gràcia,12.927631578947368,10.5,152.0
2026-04-06 09:30:00,Barcelona-Passeig de Gràcia,11.505747126436782,9.0,87.0
2026-04-06 09:45:00,Barcelona-Passeig de Gràcia,11.324324324324325,10.0,111.0
2026-04-06 10:00:00,Barcelona-Passeig de Gràcia,14.702898550724637,12.0,138.0
2026-04-06 10:15:00,Barcelona-Passeig de Gràcia,15.5625,14.0,96.0
2026-04-06 10:30:00,Barcelona-Passeig de Gràcia,10.64864864864865,7.0,111.0
2026-04-06 10:45:00,Barcelona-Passeig de Gràcia,16.088709677419356,12.5,124.0
2026-04-06 11:00:00,Barcelona-Passeig de Gràcia,20.543478260869566,21.5,92.0
2026-04-06 11:15:00,Barcelona-Passeig de Gràcia,18.2,15.0,95.0
2026-04-06 11:30:00,Barcelona-Passeig de Gràcia,15.590909090909092,11.0,88.0
2026-04-06 11:45:00,Barcelona-Passeig de Gràcia,13.528985507246377,10.0,138.0
2026-04-06 12:00:00,Barcelona-Passeig de Gràcia,16.774647887323944,14.0,71.0
2026-04-06 12:15:00,Barcelona-Passeig de Gràcia,14.402597402597403,7.0,77.0
2026-04-06 12:30:00,Barcelona-Passeig de Gràcia,16.973214285714285,13.0,112.0
2026-04-06 12:45:00,Barcelona-Passeig de Gràcia,10.617647058823529,7.0,102.0
2026-04-06 13:00:00,Barcelona-Passeig de Gràcia,11.7,6.0,150.0
2026-04-06 13:15:00,Barcelona-Passeig de Gràcia,12.109375,7.0,128.0
2026-04-06 13:30:00,Barcelona-Passeig de Gràcia,14.128787878787879,9.0,132.0
2026-04-06 13:45:00,Barcelona-Passeig de Gràcia,12.505154639175258,8.0,97.0
2026-04-06 14:00:00,Barcelona-Passeig de Gràcia,19.72222222222222,14.0,90.0
2026-04-06 14:15:00,Barcelona-Passeig de Gràcia,19.50561797752809,14.0,89.0
2026-04-06 14:30:00,Barcelona-Passeig de Gràcia,17.492537313432837,9.0,67.0
2026-04-06 14:45:00,Barcelona-Passeig de Gràcia,15.672727272727272,8.0,110.0
2026-04-06 15:00:00,Barcelona-Passeig de Gràcia,15.270833333333334,8.0,96.0
2026-04-06 15:15:00,Barcelona-Passeig de Gràcia,19.7,13.0,70.0
2026-04-06 15:30:00,Barcelona-Passeig de Gràcia,16.42063492063492,11.0,126.0
2026-04-06 15:45:00,Barcelona-Passeig de Gràcia,17.623655913978496,15.0,93.0
2026-04-06 16:00:00,Barcelona-Passeig de Gràcia,18.53543307086614,16.0,127.0
2026-04-06 16:15:00,Barcelona-Passeig de Gràcia,16.06153846153846,10.5,130.0
2026-04-06 16:30:00,Barcelona-Passeig de Gràcia,16.69078947368421,11.5,152.0
2026-04-06 16:45:00,Barcelona-Passeig de Gràcia,16.0,11.0,118.0
2026-04-06 17:00:00,Barcelona-Passeig de Gràcia,18.82,12.5,100.0
2026-04-06 17:15:00,Barcelona-Passeig de Gràcia,21.408602150537636,14.0,93.0
2026-04-06 17:30:00,Barcelona-Passeig de Gràcia,17.907692307692308,13.0,130.0
2026-04-06 17:45:00,Barcelona-Passeig de Gràcia,16.225563909774436,12.0,133.0
2026-04-06 18:00:00,Barcelona-Passeig de Gràcia,16.897196261682243,13.0,107.0
2026-04-06 18:15:00,Barcelona-Passeig de Gràcia,21.173333333333332,16.0,75.0
2026-04-06 18:30:00,Barcelona-Passeig de Gràcia,14.209677419354838,12.0,124.0
2026-04-06 18:45:00,Barcelona-Passeig de Gràcia,17.695652173913043,12.0,92.0
2026-04-06 19:00:00,Barcelona-Passeig de Gràcia,19.14569536423841,12.0,151.0
2026-04-06 19:15:00,Barcelona-Passeig de Gràcia,20.69672131147541,14.0,122.0
2026-04-06 19:30:00,Barcelona-Passeig de Gràcia,19.846153846153847,9.0,65.0
2026-04-06 19:45:00,Barcelona-Passeig de Gràcia,22.790123456790123,10.0,81.0
2026-04-06 20:00:00,Barcelona-Passeig de Gràcia,23.25974025974026,13.0,77.0
2026-04-06 20:15:00,Barcelona-Passeig de Gràcia,19.663366336633665,13.0,101.0
2026-04-06 20:30:00,Barcelona-Passeig de Gràcia,27.0,28.0,49.0
2026-04-06 20:45:00,Barcelona-Passeig de Gràcia,22.818181818181817,15.0,99.0
2026-04-06 21:00:00,Barcelona-Passeig de Gràcia,26.867469879518072,29.0,83.0
2026-04-06 21:15:00,Barcelona-Passeig de Gràcia,23.84285714285714,27.0,70.0
2026-04-06 21:30:00,Barcelona-Passeig de Gràcia,21.428571428571427,18.5,56.0
2026-04-06 21:45:00,Barcelona-Passeig de Gràcia,17.03488372093023,15.0,86.0
2026-04-06 22:00:00,Barcelona-Passeig de Gràcia,16.420289855072465,16.0,69.0
2026-04-06 22:15:00,Barcelona-Passeig de Gràcia,18.88235294117647,18.0,51.0
2026-04-06 22:30:00,Barcelona-Passeig de Gràcia,17.58823529411765,15.0,51.0
2026-04-06 22:45:00,Barcelona-Passeig de Gràcia,15.026315789473685,9.0,38.0
2026-04-06 23:00:00,Barcelona-Passeig de Gràcia,13.782608695652174,4.0,23.0
2026-04-06 23:15:00,Barcelona-Passeig de Gràcia,12.545454545454545,1.0,22.0
2026-04-06 23:30:00,Barcelona-Passeig de Gràcia,16.5,2.5,6.0
2026-04-06 23:45:00,Barcelona-Passeig de Gràcia,4.8,0.0,10.0
2026-04-07 00:00:00,Barcelona-Passeig de Gràcia,,,
2026-04-07 00:15:00,Barcelona-Passeig de Gràcia,,,
2026-04-07 00:30:00,Barcelona-Passeig de Gràcia,,,
2026-04-07 00:45:00,Barcelona-Passeig de Gràcia,,,
2026-04-07 01:00:00,Barcelona-Passeig de Gràcia,,,
2026-04-07 01:15:00,Barcelona-Passeig de Gràcia,,,
2026-04-07 01:30:00,Barcelona-Passeig de Gràcia,,,
2026-04-07 01:45:00,Barcelona-Passeig de Gràcia,,,
2026-04-07 02:00:00,Barcelona-Passeig de Gràcia,,,
2026-04-07 02:15:00,Barcelona-Passeig de Gràcia,,,
2026-04-07 02:30:00,Barcelona-Passeig de Gràcia,,,
2026-04-07 02:45:00,Barcelona-Passeig de Gràcia,26.0,26.0,1.0
2026-04-07 03:00:00,Barcelona-Passeig de Gràcia,,,
2026-04-07 03:15:00,Barcelona-Passeig de Gràcia,9.5,9.5,2.0
2026-04-07 03:30:00,Barcelona-Passeig de Gràcia,22.666666666666668,24.0,6.0
2026-04-07 03:45:00,Barcelona-Passeig de Gràcia,17.647058823529413,20.0,17.0
2026-04-07 04:00:00,Barcelona-Passeig de Gràcia,14.875,17.0,16.0
2026-04-07 04:15:00,Barcelona-Passeig de Gràcia,12.3125,12.0,16.0
2026-04-07 04:30:00,Barcelona-Passeig de Gràcia,12.62962962962963,15.0,27.0
2026-04-07 04:45:00,Barcelona-Passeig de Gràcia,11.352941176470589,10.0,68.0
2026-04-07 05:00:00,Barcelona-Passeig de Gràcia,12.166666666666666,12.5,48.0
2026-04-07 05:15:00,Barcelona-Passeig de Gràcia,14.950495049504951,18.0,101.0
2026-04-07 05:30:00,Barcelona-Passeig de Gràcia,14.106382978723405,16.0,141.0
2026-04-07 05:45:00,Barcelona-Passeig de Gràcia,13.563218390804598,16.0,87.0
2026-04-07 06:00:00,Barcelona-Passeig de Gràcia,10.793388429752065,10.0,121.0
2026-04-07 06:15:00,Barcelona-Passeig de Gràcia,11.615942028985508,10.0,138.0
2026-04-07 06:30:00,Barcelona-Passeig de Gràcia,12.05,11.0,120.0
2026-04-07 06:45:00,Barcelona-Passeig de Gràcia,10.68840579710145,8.0,138.0
2026-04-07 07:00:00,Barcelona-Passeig de Gràcia,14.70945945945946,12.0,148.0
2026-04-07 07:15:00,Barcelona-Passeig de Gràcia,15.20138888888889,13.0,144.0
2026-04-07 07:30:00,Barcelona-Passeig de Gràcia,17.536231884057973,15.5,138.0
2026-04-07 07:45:00,Barcelona-Passeig de Gràcia,15.58682634730539,13.0,167.0
2026-04-07 08:00:00,Barcelona-Passeig de Gràcia,15.847682119205299,11.0,151.0
2026-04-07 08:15:00,Barcelona-Passeig de Gràcia,17.2317880794702,11.0,151.0
2026-04-07 08:30:00,Barcelona-Passeig de Gràcia,20.264,18.0,125.0
2026-04-07 08:45:00,Barcelona-Passeig de Gràcia,16.271844660194176,12.0,103.0
2026-04-07 09:00:00,Barcelona-Passeig de Gràcia,17.725274725274726,14.5,182.0
2026-04-07 09:15:00,Barcelona-Passeig de Gràcia,20.197674418604652,17.0,86.0
2026-04-07 09:30:00,Barcelona-Passeig de Gràcia,18.813186813186814,14.0,91.0
2026-04-07 09:45:00,Barcelona-Passeig de Gràcia,21.21917808219178,15.0,73.0
2026-04-07 10:00:00,Barcelona-Passeig de Gràcia,18.895652173913042,14.0,115.0
2026-04-07 10:15:00,Barcelona-Passeig de Gràcia,17.235849056603772,14.0,106.0
2026-04-07 10:30:00,Barcelona-Passeig de Gràcia,19.19298245614035,17.0,114.0
2026-04-07 10:45:00,Barcelona-Passeig de Gràcia,16.879310344827587,11.0,116.0
2026-04-07 11:00:00,Barcelona-Passeig de Gràcia,18.104347826086958,11.0,115.0
2026-04-07 11:15:00,Barcelona-Passeig de Gràcia,15.646017699115044,10.0,113.0
2026-04-07 11:30:00,Barcelona-Passeig de Gràcia,17.294117647058822,12.5,68.0
2026-04-07 11:45:00,Barcelona-Passeig de Gràcia,13.053333333333333,7.0,75.0
2026-04-07 12:00:00,Barcelona-Passeig de Gràcia,14.68235294117647,10.0,85.0
2026-04-07 12:15:00,Barcelona-Passeig de Gràcia,13.934782608695652,10.0,46.0
2026-04-07 12:30:00,Barcelona-Passeig de Gràcia,10.842857142857143,8.0,140.0
2026-04-07 12:45:00,Barcelona-Passeig de Gràcia,9.882352941176471,6.0,102.0
2026-04-07 13:00:00,Barcelona-Passeig de Gràcia,8.899159663865547,8.0,119.0
2026-04-07 13:15:00,Barcelona-Passeig de Gràcia,9.083333333333334,8.0,96.0
2026-04-07 13:30:00,Barcelona-Passeig de Gràcia,8.974025974025974,8.0,77.0
2026-04-07 13:45:00,Barcelona-Passeig de Gràcia,9.1,8.0,130.0
2026-04-07 14:00:00,Barcelona-Passeig de Gràcia,10.46078431372549,10.0,102.0
2026-04-07 14:15:00,Barcelona-Passeig de Gràcia,10.17910447761194,9.0,134.0
2026-04-07 14:30:00,Barcelona-Passeig de Gràcia,8.62,6.0,100.0
2026-04-07 14:45:00,Barcelona-Passeig de Gràcia,11.926605504587156,9.0,109.0
2026-04-07 15:00:00,Barcelona-Passeig de Gràcia,12.837837837837839,10.0,111.0
2026-04-07 15:15:00,Barcelona-Passeig de Gràcia,15.020689655172413,11.0,145.0
2026-04-07 15:30:00,Barcelona-Passeig de Gràcia,15.254098360655737,15.0,122.0
2026-04-07 15:45:00,Barcelona-Passeig de Gràcia,14.555555555555555,15.0,81.0
2026-04-07 16:00:00,Barcelona-Passeig de Gràcia,16.33112582781457,15.0,151.0
2026-04-07 16:15:00,Barcelona-Passeig de Gràcia,13.98019801980198,12.0,101.0
2026-04-07 16:30:00,Barcelona-Passeig de Gràcia,15.764705882352942,11.0,119.0
2026-04-07 16:45:00,Barcelona-Passeig de Gràcia,15.605263157894736,11.0,152.0
2026-04-07 17:00:00,Barcelona-Passeig de Gràcia,20.62264150943396,21.0,53.0
2026-04-07 17:15:00,Barcelona-Passeig de Gràcia,19.028169014084508,15.0,142.0
2026-04-07 17:30:00,Barcelona-Passeig de Gràcia,17.758064516129032,14.5,62.0
2026-04-07 17:45:00,Barcelona-Passeig de Gràcia,19.171597633136095,15.0,169.0
2026-04-07 18:00:00,Barcelona-Passeig de Gràcia,19.882716049382715,15.5,162.0
2026-04-07 18:15:00,Barcelona-Passeig de Gràcia,18.9875,14.0,160.0
2026-04-07 18:30:00,Barcelona-Passeig de Gràcia,23.084033613445378,24.0,119.0
2026-04-07 18:45:00,Barcelona-Passeig de Gràcia,21.962025316455698,21.0,79.0
2026-04-07 19:00:00,Barcelona-Passeig de Gràcia,18.477941176470587,15.5,136.0
2026-04-07 19:15:00,Barcelona-Passeig de Gràcia,20.863636363636363,18.0,132.0
2026-04-07 19:30:00,Barcelona-Passeig de Gràcia,20.168067226890756,19.0,119.0
2026-04-07 19:45:00,Barcelona-Passeig de Gràcia,21.01219512195122,18.0,82.0
2026-04-07 20:00:00,Barcelona-Passeig de Gràcia,20.91891891891892,18.0,111.0
2026-04-07 20:15:00,Barcelona-Passeig de Gràcia,21.54368932038835,20.0,103.0
2026-04-07 20:30:00,Barcelona-Passeig de Gràcia,19.701612903225808,15.5,124.0
2026-04-07 20:45:00,Barcelona-Passeig de Gràcia,21.6984126984127,19.0,63.0
2026-04-07 21:00:00,Barcelona-Passeig de Gràcia,23.423423423423422,19.0,111.0
2026-04-07 21:15:00,Barcelona-Passeig de Gràcia,21.8125,18.0,128.0
2026-04-07 21:30:00,Barcelona-Passeig de Gràcia,20.010416666666668,17.0,96.0
2026-04-07 21:45:00,Barcelona-Passeig de Gràcia,21.393939393939394,18.0,66.0
2026-04-07 22:00:00,Barcelona-Passeig de Gràcia,19.975,16.0,40.0
2026-04-07 22:15:00,Barcelona-Passeig de Gràcia,21.423728813559322,14.0,59.0
2026-04-07 22:30:00,Barcelona-Passeig de Gràcia,24.225806451612904,15.0,31.0
2026-04-07 22:45:00,Barcelona-Passeig de Gràcia,22.0,11.5,32.0
2026-04-07 23:00:00,Barcelona-Passeig de Gràcia,21.933333333333334,9.0,15.0
2026-04-07 23:15:00,Barcelona-Passeig de Gràcia,32.94444444444444,32.0,18.0
2026-04-07 23:30:00,Barcelona-Passeig de Gràcia,31.88235294117647,32.0,17.0
2026-04-07 23:45:00,Barcelona-Passeig de Gràcia,35.833333333333336,39.0,12.0
2026-04-08 00:00:00,Barcelona-Passeig de Gràcia,,,
2026-04-08 00:15:00,Barcelona-Passeig de Gràcia,,,
2026-04-08 00:30:00,Barcelona-Passeig de Gràcia,,,
2026-04-08 00:45:00,Barcelona-Passeig de Gràcia,,,
2026-04-08 01:00:00,Barcelona-Passeig de Gràcia,,,
2026-04-08 01:15:00,Barcelona-Passeig de Gràcia,,,
2026-04-08 01:30:00,Barcelona-Passeig de Gràcia,,,
2026-04-08 01:45:00,Barcelona-Passeig de Gràcia,,,
2026-04-08 02:00:00,Barcelona-Passeig de Gràcia,,,
2026-04-08 02:15:00,Barcelona-Passeig de Gràcia,,,
2026-04-08 02:30:00,Barcelona-Passeig de Gràcia,,,
2026-04-08 02:45:00,Barcelona-Passeig de Gràcia,,,
2026-04-08 03:00:00,Barcelona-Passeig de Gràcia,11.0,11.0,2.0
2026-04-08 03:15:00,Barcelona-Passeig de Gràcia,7.2272727272727275,7.5,22.0
2026-04-08 03:30:00,Barcelona-Passeig de Gràcia,7.0,9.0,22.0
2026-04-08 03:45:00,Barcelona-Passeig de Gràcia,7.75,7.0,12.0
2026-04-08 04:00:00,Barcelona-Passeig de Gràcia,8.620689655172415,7.5,58.0
2026-04-08 04:15:00,Barcelona-Passeig de Gràcia,8.096153846153847,7.0,104.0
2026-04-08 04:30:00,Barcelona-Passeig de Gràcia,8.818181818181818,8.5,66.0
2026-04-08 04:45:00,Barcelona-Passeig de Gràcia,7.992307692307692,7.0,130.0
2026-04-08 05:00:00,Barcelona-Passeig de Gràcia,10.82857142857143,8.0,140.0
2026-04-08 05:15:00,Barcelona-Passeig de Gràcia,9.97196261682243,8.0,214.0
2026-04-08 05:30:00,Barcelona-Passeig de Gràcia,9.752100840336135,8.0,238.0
2026-04-08 05:45:00,Barcelona-Passeig de Gràcia,9.093333333333334,8.0,150.0
2026-04-08 06:00:00,Barcelona-Passeig de Gràcia,10.44921875,9.0,256.0
2026-04-08 06:15:00,Barcelona-Passeig de Gràcia,10.09009009009009,8.0,222.0
2026-04-08 06:30:00,Barcelona-Passeig de Gràcia,11.607142857142858,10.0,224.0
2026-04-08 06:45:00,Barcelona-Passeig de Gràcia,11.996,10.0,250.0
2026-04-08 07:00:00,Barcelona-Passeig de Gràcia,13.334394904458598,10.0,314.0
2026-04-08 07:15:00,Barcelona-Passeig de Gràcia,13.533678756476684,10.0,386.0
2026-04-08 07:30:00,Barcelona-Passeig de Gràcia,13.366666666666667,10.0,270.0
2026-04-08 07:45:00,Barcelona-Passeig de Gràcia,14.149606299212598,11.0,254.0
2026-04-08 08:00:00,Barcelona-Passeig de Gràcia,14.313793103448276,13.0,290.0
2026-04-08 08:15:00,Barcelona-Passeig de Gràcia,12.285714285714286,10.0,182.0
2026-04-08 08:30:00,Barcelona-Passeig de Gràcia,13.861904761904762,10.0,210.0
2026-04-08 08:45:00,Barcelona-Passeig de Gràcia,12.555555555555555,10.0,234.0
2026-04-08 09:00:00,Barcelona-Passeig de Gràcia,12.511764705882353,10.0,170.0
2026-04-08 09:15:00,Barcelona-Passeig de Gràcia,15.917721518987342,13.5,158.0
2026-04-08 09:30:00,Barcelona-Passeig de Gràcia,15.685897435897436,12.0,156.0
2026-04-08 09:45:00,Barcelona-Passeig de Gràcia,17.2183908045977,12.0,174.0
2026-04-08 10:00:00,Barcelona-Passeig de Gràcia,14.736,10.5,250.0
2026-04-08 10:15:00,Barcelona-Passeig de Gràcia,14.216216216216216,12.0,222.0
2026-04-08 10:30:00,Barcelona-Passeig de Gràcia,12.744318181818182,11.0,176.0
2026-04-08 10:45:00,Barcelona-Passeig de Gràcia,9.884297520661157,8.0,242.0
2026-04-08 11:00:00,Barcelona-Passeig de Gràcia,9.97340425531915,9.0,188.0
2026-04-08 11:15:00,Barcelona-Passeig de Gràcia,9.229166666666666,7.0,96.0
2026-04-08 11:30:00,Barcelona-Passeig de Gràcia,10.347107438016529,9.0,242.0
2026-04-08 11:45:00,Barcelona-Passeig de Gràcia,9.783333333333333,9.0,180.0
2026-04-08 12:00:00,Barcelona-Passeig de Gràcia,9.653846153846153,6.5,312.0
2026-04-08 12:15:00,Barcelona-Passeig de Gràcia,9.227272727272727,7.0,154.0
2026-04-08 12:30:00,Barcelona-Passeig de Gràcia,9.811643835616438,8.0,292.0
2026-04-08 12:45:00,Barcelona-Passeig de Gràcia,10.638392857142858,9.0,224.0
2026-04-08 13:00:00,Barcelona-Passeig de Gràcia,10.108910891089108,8.0,202.0
2026-04-08 13:15:00,Barcelona-Passeig de Gràcia,9.85,9.0,180.0
2026-04-08 13:30:00,Barcelona-Passeig de Gràcia,11.609375,9.0,192.0
2026-04-08 13:45:00,Barcelona-Passeig de Gràcia,10.930693069306932,9.0,202.0
2026-04-08 14:00:00,Barcelona-Passeig de Gràcia,10.780575539568344,8.0,278.0
2026-04-08 14:15:00,Barcelona-Passeig de Gràcia,12.281512605042018,11.0,238.0
2026-04-08 14:30:00,Barcelona-Passeig de Gràcia,13.210843373493976,11.0,166.0
2026-04-08 14:45:00,Barcelona-Passeig de Gràcia,13.848484848484848,12.0,330.0
2026-04-08 15:00:00,Barcelona-Passeig de Gràcia,11.790476190476191,11.0,210.0
2026-04-08 15:15:00,Barcelona-Passeig de Gràcia,12.27927927927928,10.0,222.0
2026-04-08 15:30:00,Barcelona-Passeig de Gràcia,13.85,11.0,160.0
2026-04-08 15:45:00,Barcelona-Passeig de Gràcia,14.92156862745098,13.0,204.0
2026-04-08 16:00:00,Barcelona-Passeig de Gràcia,15.022222222222222,13.0,270.0
2026-04-08 16:15:00,Barcelona-Passeig de Gràcia,14.31578947368421,13.0,190.0
2026-04-08 16:30:00,Barcelona-Passeig de Gràcia,16.01851851851852,13.0,162.0
2026-04-08 16:45:00,Barcelona-Passeig de Gràcia,17.285714285714285,14.5,196.0
2026-04-08 17:00:00,Barcelona-Passeig de Gràcia,17.386138613861387,15.0,202.0
2026-04-08 17:15:00,Barcelona-Passeig de Gràcia,20.0,15.0,306.0
2026-04-08 17:30:00,Barcelona-Passeig de Gràcia,19.84,16.5,150.0
2026-04-08 17:45:00,Barcelona-Passeig de Gràcia,23.18125,23.0,160.0
2026-04-08 18:00:00,Barcelona-Passeig de Gràcia,22.731012658227847,23.0,316.0
2026-04-08 18:15:00,Barcelona-Passeig de Gràcia,21.862244897959183,19.0,196.0
2026-04-08 18:30:00,Barcelona-Passeig de Gràcia,26.690721649484537,24.0,194.0
2026-04-08 18:45:00,Barcelona-Passeig de Gràcia,24.801136363636363,24.0,176.0
2026-04-08 19:00:00,Barcelona-Passeig de Gràcia,23.153061224489797,22.5,196.0
2026-04-08 19:15:00,Barcelona-Passeig de Gràcia,23.736625514403293,21.0,243.0
2026-04-08 19:30:00,Barcelona-Passeig de Gràcia,24.661538461538463,24.0,260.0
2026-04-08 19:45:00,Barcelona-Passeig de Gràcia,20.096385542168676,17.0,166.0
2026-04-08 20:00:00,Barcelona-Passeig de Gràcia,22.065217391304348,19.0,230.0
2026-04-08 20:15:00,Barcelona-Passeig de Gràcia,21.0,18.0,143.0
2026-04-08 20:30:00,Barcelona-Passeig de Gràcia,22.02173913043478,21.0,230.0
2026-04-08 20:45:00,Barcelona-Passeig de Gràcia,19.25,17.0,196.0
2026-04-08 21:00:00,Barcelona-Passeig de Gràcia,19.195348837209302,17.0,215.0
2026-04-08 21:15:00,Barcelona-Passeig de Gràcia,19.642335766423358,17.0,137.0
2026-04-08 21:30:00,Barcelona-Passeig de Gràcia,20.12751677852349,17.0,149.0
2026-04-08 21:45:00,Barcelona-Passeig de Gràcia,19.651685393258425,17.0,178.0
2026-04-08 22:00:00,Barcelona-Passeig de Gràcia,19.0,20.0,101.0
2026-04-08 22:15:00,Barcelona-Passeig de Gràcia,16.616161616161616,13.0,99.0
2026-04-08 22:30:00,Barcelona-Passeig de Gràcia,17.547169811320753,15.5,106.0
2026-04-08 22:45:00,Barcelona-Passeig de Gràcia,15.470588235294118,14.0,68.0
2026-04-08 23:00:00,Barcelona-Passeig de Gràcia,16.70689655172414,14.0,58.0
2026-04-08 23:15:00,Barcelona-Passeig de Gràcia,18.27659574468085,16.0,47.0
2026-04-08 23:30:00,Barcelona-Passeig de Gràcia,18.736842105263158,16.0,38.0
2026-04-08 23:45:00,Barcelona-Passeig de Gràcia,13.65,14.0,20.0
2026-04-09 00:00:00,Barcelona-Passeig de Gràcia,,,
2026-04-09 00:15:00,Barcelona-Passeig de Gràcia,,,
2026-04-09 00:30:00,Barcelona-Passeig de Gràcia,,,
2026-04-09 00:45:00,Barcelona-Passeig de Gràcia,,,
2026-04-09 01:00:00,Barcelona-Passeig de Gràcia,,,
2026-04-09 01:15:00,Barcelona-Passeig de Gràcia,,,
2026-04-09 01:30:00,Barcelona-Passeig de Gràcia,,,
2026-04-09 01:45:00,Barcelona-Passeig de Gràcia,,,
2026-04-09 02:00:00,Barcelona-Passeig de Gràcia,,,
2026-04-09 02:15:00,Barcelona-Passeig de Gràcia,,,
2026-04-09 02:30:00,Barcelona-Passeig de Gràcia,,,
2026-04-09 02:45:00,Barcelona-Passeig de Gràcia,,,
2026-04-09 03:00:00,Barcelona-Passeig de Gràcia,15.0,15.0,1.0
2026-04-09 03:15:00,Barcelona-Passeig de Gràcia,,,
2026-04-09 03:30:00,Barcelona-Passeig de Gràcia,8.5,9.0,4.0
2026-04-09 03:45:00,Barcelona-Passeig de Gràcia,12.75,14.5,8.0
2026-04-09 04:00:00,Barcelona-Passeig de Gràcia,11.125,11.5,24.0
2026-04-09 04:15:00,Barcelona-Passeig de Gràcia,12.529411764705882,15.0,17.0
2026-04-09 04:30:00,Barcelona-Passeig de Gràcia,9.96,10.0,25.0
2026-04-09 04:45:00,Barcelona-Passeig de Gràcia,11.68918918918919,10.5,74.0
2026-04-09 05:00:00,Barcelona-Passeig de Gràcia,11.869565217391305,10.0,46.0
2026-04-09 05:15:00,Barcelona-Passeig de Gràcia,12.692307692307692,12.0,65.0
2026-04-09 05:30:00,Barcelona-Passeig de Gràcia,12.68867924528302,12.0,106.0
2026-04-09 05:45:00,Barcelona-Passeig de Gràcia,11.591397849462366,10.0,93.0
2026-04-09 06:00:00,Barcelona-Passeig de Gràcia,14.256410256410257,15.0,78.0
2026-04-09 06:15:00,Barcelona-Passeig de Gràcia,14.516129032258064,15.0,124.0
2026-04-09 06:30:00,Barcelona-Passeig de Gràcia,14.54601226993865,11.0,163.0
2026-04-09 06:45:00,Barcelona-Passeig de Gràcia,13.495652173913044,10.0,115.0
2026-04-09 07:00:00,Barcelona-Passeig de Gràcia,15.553846153846154,14.0,130.0
2026-04-09 07:15:00,Barcelona-Passeig de Gràcia,15.596491228070175,15.0,114.0
2026-04-09 07:30:00,Barcelona-Passeig de Gràcia,15.956521739130435,12.5,92.0
2026-04-09 07:45:00,Barcelona-Passeig de Gràcia,18.916666666666668,16.0,72.0
2026-04-09 08:00:00,Barcelona-Passeig de Gràcia,16.714285714285715,15.0,112.0
2026-04-09 08:15:00,Barcelona-Passeig de Gràcia,17.192307692307693,15.0,156.0
2026-04-09 08:30:00,Barcelona-Passeig de Gràcia,16.56923076923077,14.0,130.0
2026-04-09 08:45:00,Barcelona-Passeig de Gràcia,16.25,16.0,140.0
2026-04-09 09:00:00,Barcelona-Passeig de Gràcia,18.472049689440993,18.0,161.0
2026-04-09 09:15:00,Barcelona-Passeig de Gràcia,17.783783783783782,18.5,74.0
2026-04-09 09:30:00,Barcelona-Passeig de Gràcia,18.60576923076923,16.0,104.0
2026-04-09 09:45:00,Barcelona-Passeig de Gràcia,23.829268292682926,22.0,41.0
2026-04-09 10:00:00,Barcelona-Passeig de Gràcia,20.692307692307693,17.0,117.0
2026-04-09 10:15:00,Barcelona-Passeig de Gràcia,18.00729927007299,16.0,137.0
2026-04-09 10:30:00,Barcelona-Passeig de Gràcia,17.227642276422763,16.0,123.0
2026-04-09 10:45:00,Barcelona-Passeig de Gràcia,16.864197530864196,16.0,81.0
2026-04-09 11:00:00,Barcelona-Passeig de Gràcia,15.159574468085106,14.0,94.0
2026-04-09 11:15:00,Barcelona-Passeig de Gràcia,12.766666666666667,9.5,60.0
2026-04-09 11:30:00,Barcelona-Passeig de Gràcia,15.528301886792454,16.0,53.0
2026-04-09 11:45:00,Barcelona-Passeig de Gràcia,14.85981308411215,14.0,107.0
2026-04-09 12:00:00,Barcelona-Passeig de Gràcia,14.32183908045977,12.0,87.0
2026-04-09 12:15:00,Barcelona-Passeig de Gràcia,14.880597014925373,14.0,67.0
2026-04-09 12:30:00,Barcelona-Passeig de Gràcia,12.902654867256636,12.0,113.0
2026-04-09 12:45:00,Barcelona-Passeig de Gràcia,14.164835164835164,13.0,91.0
2026-04-09 13:00:00,Barcelona-Passeig de Gràcia,14.837837837837839,12.5,74.0
2026-04-09 13:15:00,Barcelona-Passeig de Gràcia,12.450704225352112,10.0,71.0
2026-04-09 13:30:00,Barcelona-Passeig de Gràcia,17.20253164556962,14.0,79.0
2026-04-09 13:45:00,Barcelona-Passeig de Gràcia,14.092436974789916,11.0,119.0
2026-04-09 14:00:00,Barcelona-Passeig de Gràcia,14.268817204301076,13.0,93.0
2026-04-09 14:15:00,Barcelona-Passeig de Gràcia,15.12280701754386,13.0,114.0
2026-04-09 14:30:00,Barcelona-Passeig de Gràcia,17.022727272727273,17.5,88.0
2026-04-09 14:45:00,Barcelona-Passeig de Gràcia,17.74774774774775,18.0,111.0
2026-04-09 15:00:00,Barcelona-Passeig de Gràcia,15.154639175257731,13.0,97.0
2026-04-09 15:15:00,Barcelona-Passeig de Gràcia,14.382716049382717,11.0,81.0
2026-04-09 15:30:00,Barcelona-Passeig de Gràcia,18.60655737704918,19.0,61.0
2026-04-09 15:45:00,Barcelona-Passeig de Gràcia,15.773333333333333,14.0,75.0
2026-04-09 16:00:00,Barcelona-Passeig de Gràcia,19.953271028037385,18.0,107.0
2026-04-09 16:15:00,Barcelona-Passeig de Gràcia,17.68,14.0,75.0
2026-04-09 16:30:00,Barcelona-Passeig de Gràcia,16.2734375,15.0,128.0
2026-04-09 16:45:00,Barcelona-Passeig de Gràcia,13.654545454545454,13.0,110.0
2026-04-09 17:00:00,Barcelona-Passeig de Gràcia,16.0,15.0,69.0
2026-04-09 17:15:00,Barcelona-Passeig de Gràcia,19.202898550724637,16.0,69.0
2026-04-09 17:30:00,Barcelona-Passeig de Gràcia,17.781512605042018,16.0,119.0
2026-04-09 17:45:00,Barcelona-Passeig de Gràcia,18.49,16.0,100.0
2026-04-09 18:00:00,Barcelona-Passeig de Gràcia,18.31972789115646,16.0,147.0
2026-04-09 18:15:00,Barcelona-Passeig de Gràcia,19.825396825396826,14.0,63.0
2026-04-09 18:30:00,Barcelona-Passeig de Gràcia,21.115384615384617,16.0,104.0
2026-04-09 18:45:00,Barcelona-Passeig de Gràcia,19.663366336633665,14.0,101.0
2026-04-09 19:00:00,Barcelona-Passeig de Gràcia,14.746268656716419,14.0,67.0
2026-04-09 19:15:00,Barcelona-Passeig de Gràcia,20.536585365853657,17.0,123.0
2026-04-09 19:30:00,Barcelona-Passeig de Gràcia,21.666666666666668,18.0,114.0
2026-04-09 19:45:00,Barcelona-Passeig de Gràcia,23.00943396226415,20.0,106.0
2026-04-09 20:00:00,Barcelona-Passeig de Gràcia,24.146551724137932,21.5,116.0
2026-04-09 20:15:00,Barcelona-Passeig de Gràcia,20.490909090909092,18.0,110.0
2026-04-09 20:30:00,Barcelona-Passeig de Gràcia,21.4,18.0,115.0
2026-04-09 20:45:00,Barcelona-Passeig de Gràcia,22.075,21.0,120.0
2026-04-09 21:00:00,Barcelona-Passeig de Gràcia,22.246153846153845,20.0,130.0
2026-04-09 21:15:00,Barcelona-Passeig de Gràcia,18.63,17.0,100.0
2026-04-09 21:30:00,Barcelona-Passeig de Gràcia,18.754716981132077,17.0,53.0
2026-04-09 21:45:00,Barcelona-Passeig de Gràcia,19.12857142857143,20.0,70.0
2026-04-09 22:00:00,Barcelona-Passeig de Gràcia,15.338028169014084,16.0,71.0
2026-04-09 22:15:00,Barcelona-Passeig de Gràcia,13.0,14.0,41.0
2026-04-09 22:30:00,Barcelona-Passeig de Gràcia,12.048780487804878,10.0,41.0
2026-04-09 22:45:00,Barcelona-Passeig de Gràcia,13.720930232558139,14.0,43.0
2026-04-09 23:00:00,Barcelona-Passeig de Gràcia,14.956521739130435,16.0,23.0
2026-04-09 23:15:00,Barcelona-Passeig de Gràcia,15.88888888888889,16.0,18.0
2026-04-09 23:30:00,Barcelona-Passeig de Gràcia,10.076923076923077,10.0,13.0
2026-04-09 23:45:00,Barcelona-Passeig de Gràcia,10.333333333333334,14.0,6.0
2026-03-15 14:00:00,Barcelona-Sants,20.75,20.5,12.0
2026-03-15 14:15:00,Barcelona-Sants,14.729166666666666,11.0,96.0
2026-03-15 14:30:00,Barcelona-Sants,14.956043956043956,11.0,91.0
2026-03-15 14:45:00,Barcelona-Sants,14.458333333333334,10.0,72.0
2026-03-15 15:00:00,Barcelona-Sants,17.19736842105263,15.0,76.0
2026-03-15 15:15:00,Barcelona-Sants,14.538461538461538,12.0,91.0
2026-03-15 15:30:00,Barcelona-Sants,14.9375,14.0,96.0
2026-03-15 15:45:00,Barcelona-Sants,12.876923076923077,12.0,65.0
2026-03-15 16:00:00,Barcelona-Sants,10.981818181818182,12.0,55.0
2026-03-15 16:15:00,Barcelona-Sants,10.54320987654321,10.0,81.0
2026-03-15 16:30:00,Barcelona-Sants,7.701492537313433,7.0,67.0
2026-03-15 16:45:00,Barcelona-Sants,8.116666666666667,7.0,120.0
2026-03-15 17:00:00,Barcelona-Sants,10.238636363636363,8.0,88.0
2026-03-15 17:15:00,Barcelona-Sants,8.508474576271187,7.0,59.0
2026-03-15 17:30:00,Barcelona-Sants,11.818181818181818,8.0,77.0
2026-03-15 17:45:00,Barcelona-Sants,15.983333333333333,14.0,60.0
2026-03-15 18:00:00,Barcelona-Sants,14.340909090909092,14.0,88.0
2026-03-15 18:15:00,Barcelona-Sants,19.049382716049383,13.0,81.0
2026-03-15 18:30:00,Barcelona-Sants,13.805970149253731,13.0,67.0
2026-03-15 18:45:00,Barcelona-Sants,27.0625,13.0,80.0
2026-03-15 19:00:00,Barcelona-Sants,22.453125,10.0,64.0
2026-03-15 19:15:00,Barcelona-Sants,30.360655737704917,10.0,61.0
2026-03-15 19:30:00,Barcelona-Sants,10.257142857142858,8.0,70.0
2026-03-15 19:45:00,Barcelona-Sants,12.339285714285714,12.0,56.0
2026-03-15 20:00:00,Barcelona-Sants,13.50943396226415,11.0,53.0
2026-03-15 20:15:00,Barcelona-Sants,11.708333333333334,9.0,72.0
2026-03-15 20:30:00,Barcelona-Sants,11.301369863013699,9.0,73.0
2026-03-15 20:45:00,Barcelona-Sants,12.461538461538462,9.0,65.0
2026-03-15 21:00:00,Barcelona-Sants,16.276923076923076,11.0,65.0
2026-03-15 21:15:00,Barcelona-Sants,14.1,11.0,70.0
2026-03-15 21:30:00,Barcelona-Sants,20.487179487179485,13.0,39.0
2026-03-15 21:45:00,Barcelona-Sants,18.641509433962263,18.0,53.0
2026-03-15 22:00:00,Barcelona-Sants,17.78,18.0,50.0
2026-03-15 22:15:00,Barcelona-Sants,17.181818181818183,18.0,33.0
2026-03-15 22:30:00,Barcelona-Sants,16.926829268292682,18.0,41.0
2026-03-15 22:45:00,Barcelona-Sants,16.5,18.0,28.0
2026-03-15 23:00:00,Barcelona-Sants,4.916666666666667,5.0,12.0
2026-03-15 23:15:00,Barcelona-Sants,7.538461538461538,5.0,13.0
2026-03-15 23:30:00,Barcelona-Sants,8.0,5.0,6.0
2026-03-15 23:45:00,Barcelona-Sants,2.0,2.0,2.0
2026-03-16 00:00:00,Barcelona-Sants,,,
2026-03-16 00:15:00,Barcelona-Sants,,,
2026-03-16 00:30:00,Barcelona-Sants,,,
2026-03-16 00:45:00,Barcelona-Sants,,,
2026-03-16 01:00:00,Barcelona-Sants,,,
2026-03-16 01:15:00,Barcelona-Sants,,,
2026-03-16 01:30:00,Barcelona-Sants,,,
2026-03-16 01:45:00,Barcelona-Sants,,,
2026-03-16 02:00:00,Barcelona-Sants,,,
2026-03-16 02:15:00,Barcelona-Sants,,,
2026-03-16 02:30:00,Barcelona-Sants,,,
2026-03-16 02:45:00,Barcelona-Sants,,,
2026-03-16 03:00:00,Barcelona-Sants,45.666666666666664,55.0,3.0
2026-03-16 03:15:00,Barcelona-Sants,58.0,58.0,2.0
2026-03-16 03:30:00,Barcelona-Sants,44.5,44.5,2.0
2026-03-16 03:45:00,Barcelona-Sants,36.666666666666664,30.0,9.0
2026-03-16 04:00:00,Barcelona-Sants,31.6,21.0,10.0
2026-03-16 04:15:00,Barcelona-Sants,36.791666666666664,41.0,24.0
2026-03-16 04:30:00,Barcelona-Sants,35.53333333333333,41.0,45.0
2026-03-16 04:45:00,Barcelona-Sants,35.25925925925926,38.0,54.0
2026-03-16 05:00:00,Barcelona-Sants,29.58139534883721,28.0,43.0
2026-03-16 05:15:00,Barcelona-Sants,42.02173913043478,42.0,46.0
2026-03-16 05:30:00,Barcelona-Sants,31.651515151515152,30.0,66.0
2026-03-16 05:45:00,Barcelona-Sants,25.289719626168225,23.0,107.0
2026-03-16 06:00:00,Barcelona-Sants,31.35185185185185,30.0,54.0
2026-03-16 06:15:00,Barcelona-Sants,30.265060240963855,30.0,83.0
2026-03-16 06:30:00,Barcelona-Sants,26.37748344370861,26.0,151.0
2026-03-16 06:45:00,Barcelona-Sants,32.4040404040404,30.0,99.0
2026-03-16 07:00:00,Barcelona-Sants,36.125,35.5,144.0
2026-03-16 07:15:00,Barcelona-Sants,31.294964028776977,26.0,139.0
2026-03-16 07:30:00,Barcelona-Sants,27.423529411764704,23.0,85.0
2026-03-16 07:45:00,Barcelona-Sants,32.25735294117647,24.0,136.0
2026-03-16 08:00:00,Barcelona-Sants,34.640449438202246,42.0,89.0
2026-03-16 08:15:00,Barcelona-Sants,25.135416666666668,20.0,96.0
2026-03-16 08:30:00,Barcelona-Sants,28.058823529411764,26.0,68.0
2026-03-16 08:45:00,Barcelona-Sants,34.68627450980392,30.0,153.0
2026-03-16 09:00:00,Barcelona-Sants,34.51968503937008,26.0,127.0
2026-03-16 09:15:00,Barcelona-Sants,41.70422535211268,30.0,71.0
2026-03-16 09:30:00,Barcelona-Sants,35.72941176470588,21.0,85.0
2026-03-16 09:45:00,Barcelona-Sants,33.96875,22.0,32.0
2026-03-16 10:00:00,Barcelona-Sants,33.52857142857143,22.0,70.0
2026-03-16 10:15:00,Barcelona-Sants,31.766666666666666,21.0,60.0
2026-03-16 10:30:00,Barcelona-Sants,38.2463768115942,26.0,69.0
2026-03-16 10:45:00,Barcelona-Sants,32.95454545454545,23.0,88.0
2026-03-16 11:00:00,Barcelona-Sants,26.753246753246753,21.0,77.0
2026-03-16 11:15:00,Barcelona-Sants,28.647058823529413,21.0,68.0
2026-03-16 11:30:00,Barcelona-Sants,35.25,33.0,80.0
2026-03-16 11:45:00,Barcelona-Sants,30.983050847457626,24.0,59.0
2026-03-16 12:00:00,Barcelona-Sants,26.75,17.0,52.0
2026-03-16 12:15:00,Barcelona-Sants,23.857142857142858,16.0,42.0
2026-03-16 12:30:00,Barcelona-Sants,38.280701754385966,49.0,57.0
2026-03-16 12:45:00,Barcelona-Sants,26.153846153846153,17.0,78.0
2026-03-16 13:00:00,Barcelona-Sants,27.83823529411765,21.5,68.0
2026-03-16 13:15:00,Barcelona-Sants,32.26,36.0,50.0
2026-03-16 13:30:00,Barcelona-Sants,33.55555555555556,34.0,54.0
2026-03-16 13:45:00,Barcelona-Sants,35.022222222222226,33.0,45.0
2026-03-16 14:00:00,Barcelona-Sants,30.28846153846154,21.0,52.0
2026-03-16 14:15:00,Barcelona-Sants,26.825,21.0,40.0
2026-03-16 14:30:00,Barcelona-Sants,33.98245614035088,24.0,57.0
2026-03-16 14:45:00,Barcelona-Sants,42.96470588235294,36.0,85.0
2026-03-16 15:00:00,Barcelona-Sants,37.705882352941174,33.0,34.0
2026-03-16 15:15:00,Barcelona-Sants,44.271186440677965,36.0,59.0
2026-03-16 15:30:00,Barcelona-Sants,32.28947368421053,18.0,38.0
2026-03-16 15:45:00,Barcelona-Sants,37.74444444444445,29.0,90.0
2026-03-16 16:00:00,Barcelona-Sants,45.333333333333336,43.0,63.0
2026-03-16 16:15:00,Barcelona-Sants,41.35443037974684,32.0,79.0
2026-03-16 16:30:00,Barcelona-Sants,38.743589743589745,32.0,78.0
2026-03-16 16:45:00,Barcelona-Sants,37.67816091954023,32.0,87.0
2026-03-16 17:00:00,Barcelona-Sants,42.88235294117647,34.5,68.0
2026-03-16 17:15:00,Barcelona-Sants,43.43103448275862,31.0,116.0
2026-03-16 17:30:00,Barcelona-Sants,45.476190476190474,32.0,84.0
2026-03-16 17:45:00,Barcelona-Sants,45.57446808510638,31.0,47.0
2026-03-16 18:00:00,Barcelona-Sants,40.92727272727273,31.0,110.0
2026-03-16 18:15:00,Barcelona-Sants,37.63855421686747,29.0,166.0
2026-03-16 18:30:00,Barcelona-Sants,47.13533834586466,45.0,133.0
2026-03-16 18:45:00,Barcelona-Sants,43.0,33.0,105.0
2026-03-16 19:00:00,Barcelona-Sants,41.87162162162162,33.0,148.0
2026-03-16 19:15:00,Barcelona-Sants,42.78888888888889,37.0,180.0
2026-03-16 19:30:00,Barcelona-Sants,48.0859375,45.5,128.0
2026-03-16 19:45:00,Barcelona-Sants,38.30813953488372,34.0,172.0
2026-03-16 20:00:00,Barcelona-Sants,39.83259911894273,34.0,227.0
2026-03-16 20:15:00,Barcelona-Sants,37.348214285714285,34.0,112.0
2026-03-16 20:30:00,Barcelona-Sants,50.8768115942029,54.0,138.0
2026-03-16 20:45:00,Barcelona-Sants,42.83783783783784,40.5,148.0
2026-03-16 21:00:00,Barcelona-Sants,47.13978494623656,42.0,93.0
2026-03-16 21:15:00,Barcelona-Sants,39.19230769230769,41.0,78.0
2026-03-16 21:30:00,Barcelona-Sants,38.7906976744186,40.0,129.0
2026-03-16 21:45:00,Barcelona-Sants,33.8051948051948,36.0,77.0
2026-03-16 22:00:00,Barcelona-Sants,31.402439024390244,27.0,82.0
2026-03-16 22:15:00,Barcelona-Sants,36.53125,25.0,64.0
2026-03-16 22:30:00,Barcelona-Sants,37.47826086956522,36.0,46.0
2026-03-16 22:45:00,Barcelona-Sants,49.5,50.0,70.0
2026-03-16 23:00:00,Barcelona-Sants,49.75,48.0,40.0
2026-03-16 23:15:00,Barcelona-Sants,54.892857142857146,59.0,28.0
2026-03-16 23:30:00,Barcelona-Sants,57.6,46.0,20.0
2026-03-16 23:45:00,Barcelona-Sants,40.75,35.0,20.0
2026-03-17 00:00:00,Barcelona-Sants,,,
2026-03-17 00:15:00,Barcelona-Sants,,,
2026-03-17 00:30:00,Barcelona-Sants,,,
2026-03-17 00:45:00,Barcelona-Sants,,,
2026-03-17 01:00:00,Barcelona-Sants,,,
2026-03-17 01:15:00,Barcelona-Sants,,,
2026-03-17 01:30:00,Barcelona-Sants,,,
2026-03-17 01:45:00,Barcelona-Sants,,,
2026-03-17 02:00:00,Barcelona-Sants,,,
2026-03-17 02:15:00,Barcelona-Sants,,,
2026-03-17 02:30:00,Barcelona-Sants,,,
2026-03-17 02:45:00,Barcelona-Sants,,,
2026-03-17 03:00:00,Barcelona-Sants,,,
2026-03-17 03:15:00,Barcelona-Sants,,,
2026-03-17 03:30:00,Barcelona-Sants,,,
2026-03-17 03:45:00,Barcelona-Sants,,,
2026-03-17 04:00:00,Barcelona-Sants,,,
2026-03-17 04:15:00,Barcelona-Sants,,,
2026-03-17 04:30:00,Barcelona-Sants,,,
2026-03-17 04:45:00,Barcelona-Sants,,,
2026-03-17 05:00:00,Barcelona-Sants,,,
2026-03-17 05:15:00,Barcelona-Sants,,,
2026-03-17 05:30:00,Barcelona-Sants,,,
2026-03-17 05:45:00,Barcelona-Sants,,,
2026-03-17 06:00:00,Barcelona-Sants,,,
2026-03-17 06:15:00,Barcelona-Sants,,,
2026-03-17 06:30:00,Barcelona-Sants,,,
2026-03-17 06:45:00,Barcelona-Sants,,,
2026-03-17 07:00:00,Barcelona-Sants,,,
2026-03-17 07:15:00,Barcelona-Sants,,,
2026-03-17 07:30:00,Barcelona-Sants,,,
2026-03-17 07:45:00,Barcelona-Sants,,,
2026-03-17 08:00:00,Barcelona-Sants,,,
2026-03-17 08:15:00,Barcelona-Sants,,,
2026-03-17 08:30:00,Barcelona-Sants,,,
2026-03-17 08:45:00,Barcelona-Sants,,,
2026-03-17 09:00:00,Barcelona-Sants,,,
2026-03-17 09:15:00,Barcelona-Sants,,,
2026-03-17 09:30:00,Barcelona-Sants,,,
2026-03-17 09:45:00,Barcelona-Sants,,,
2026-03-17 10:00:00,Barcelona-Sants,,,
2026-03-17 10:15:00,Barcelona-Sants,,,
2026-03-17 10:30:00,Barcelona-Sants,,,
2026-03-17 10:45:00,Barcelona-Sants,,,
2026-03-17 11:00:00,Barcelona-Sants,,,
2026-03-17 11:15:00,Barcelona-Sants,,,
2026-03-17 11:30:00,Barcelona-Sants,,,
2026-03-17 11:45:00,Barcelona-Sants,,,
2026-03-17 12:00:00,Barcelona-Sants,,,
2026-03-17 12:15:00,Barcelona-Sants,,,
2026-03-17 12:30:00,Barcelona-Sants,,,
2026-03-17 12:45:00,Barcelona-Sants,,,
2026-03-17 13:00:00,Barcelona-Sants,,,
2026-03-17 13:15:00,Barcelona-Sants,,,
2026-03-17 13:30:00,Barcelona-Sants,,,
2026-03-17 13:45:00,Barcelona-Sants,,,
2026-03-17 14:00:00,Barcelona-Sants,,,
2026-03-17 14:15:00,Barcelona-Sants,,,
2026-03-17 14:30:00,Barcelona-Sants,,,
2026-03-17 14:45:00,Barcelona-Sants,,,
2026-03-17 15:00:00,Barcelona-Sants,,,
2026-03-17 15:15:00,Barcelona-Sants,,,
2026-03-17 15:30:00,Barcelona-Sants,,,
2026-03-17 15:45:00,Barcelona-Sants,,,
2026-03-17 16:00:00,Barcelona-Sants,,,
2026-03-17 16:15:00,Barcelona-Sants,,,
2026-03-17 16:30:00,Barcelona-Sants,,,
2026-03-17 16:45:00,Barcelona-Sants,,,
2026-03-17 17:00:00,Barcelona-Sants,,,
2026-03-17 17:15:00,Barcelona-Sants,,,
2026-03-17 17:30:00,Barcelona-Sants,,,
2026-03-17 17:45:00,Barcelona-Sants,,,
2026-03-17 18:00:00,Barcelona-Sants,,,
2026-03-17 18:15:00,Barcelona-Sants,,,
2026-03-17 18:30:00,Barcelona-Sants,,,
2026-03-17 18:45:00,Barcelona-Sants,,,
2026-03-17 19:00:00,Barcelona-Sants,,,
2026-03-17 19:15:00,Barcelona-Sants,50.23076923076923,44.0,39.0
2026-03-17 19:30:00,Barcelona-Sants,54.08536585365854,47.0,82.0
2026-03-17 19:45:00,Barcelona-Sants,40.95,29.0,60.0
2026-03-17 20:00:00,Barcelona-Sants,45.148148148148145,33.0,81.0
2026-03-17 20:15:00,Barcelona-Sants,43.68292682926829,27.0,41.0
2026-03-17 20:30:00,Barcelona-Sants,48.354838709677416,35.0,62.0
2026-03-17 20:45:00,Barcelona-Sants,52.770270270270274,54.5,74.0
2026-03-17 21:00:00,Barcelona-Sants,51.009803921568626,52.0,102.0
2026-03-17 21:15:00,Barcelona-Sants,48.74285714285714,54.0,70.0
2026-03-17 21:30:00,Barcelona-Sants,56.45652173913044,57.0,46.0
2026-03-17 21:45:00,Barcelona-Sants,51.056603773584904,47.0,53.0
2026-03-17 22:00:00,Barcelona-Sants,43.422222222222224,47.0,45.0
2026-03-17 22:15:00,Barcelona-Sants,33.75,37.0,24.0
2026-03-17 22:30:00,Barcelona-Sants,57.94444444444444,59.0,18.0
2026-03-17 22:45:00,Barcelona-Sants,62.925925925925924,68.0,27.0
2026-03-17 23:00:00,Barcelona-Sants,62.8974358974359,59.0,39.0
2026-03-17 23:15:00,Barcelona-Sants,69.57692307692308,68.5,26.0
2026-03-17 23:30:00,Barcelona-Sants,69.70588235294117,78.0,34.0
2026-03-17 23:45:00,Barcelona-Sants,63.92,78.0,25.0
2026-03-18 00:00:00,Barcelona-Sants,,,
2026-03-18 00:15:00,Barcelona-Sants,,,
2026-03-18 00:30:00,Barcelona-Sants,,,
2026-03-18 00:45:00,Barcelona-Sants,,,
2026-03-18 01:00:00,Barcelona-Sants,,,
2026-03-18 01:15:00,Barcelona-Sants,,,
2026-03-18 01:30:00,Barcelona-Sants,,,
2026-03-18 01:45:00,Barcelona-Sants,,,
2026-03-18 02:00:00,Barcelona-Sants,,,
2026-03-18 02:15:00,Barcelona-Sants,,,
2026-03-18 02:30:00,Barcelona-Sants,,,
2026-03-18 02:45:00,Barcelona-Sants,,,
2026-03-18 03:00:00,Barcelona-Sants,,,
2026-03-18 03:15:00,Barcelona-Sants,,,
2026-03-18 03:30:00,Barcelona-Sants,21.0,21.0,1.0
2026-03-18 03:45:00,Barcelona-Sants,,,
2026-03-18 04:00:00,Barcelona-Sants,,,
2026-03-18 04:15:00,Barcelona-Sants,11.875,12.5,8.0
2026-03-18 04:30:00,Barcelona-Sants,3.1,11.0,10.0
2026-03-18 04:45:00,Barcelona-Sants,54.064516129032256,21.0,31.0
2026-03-18 05:00:00,Barcelona-Sants,,,
2026-03-18 05:15:00,Barcelona-Sants,18.01851851851852,17.5,54.0
2026-03-18 05:30:00,Barcelona-Sants,18.394736842105264,20.5,114.0
2026-03-18 05:45:00,Barcelona-Sants,30.928571428571427,14.0,84.0
2026-03-18 06:00:00,Barcelona-Sants,33.91596638655462,19.0,119.0
2026-03-18 06:15:00,Barcelona-Sants,20.25925925925926,14.0,27.0
2026-03-18 06:30:00,Barcelona-Sants,,,
2026-03-18 06:45:00,Barcelona-Sants,18.556521739130435,14.0,115.0
2026-03-18 07:00:00,Barcelona-Sants,23.115384615384617,18.0,104.0
2026-03-18 07:15:00,Barcelona-Sants,21.75,15.0,96.0
2026-03-18 07:30:00,Barcelona-Sants,24.70253164556962,23.0,158.0
2026-03-18 07:45:00,Barcelona-Sants,25.3,23.0,50.0
2026-03-18 08:00:00,Barcelona-Sants,25.819277108433734,23.0,83.0
2026-03-18 08:15:00,Barcelona-Sants,26.369230769230768,23.5,130.0
2026-03-18 08:30:00,Barcelona-Sants,25.511627906976745,20.0,129.0
2026-03-18 08:45:00,Barcelona-Sants,28.62162162162162,23.0,111.0
2026-03-18 09:00:00,Barcelona-Sants,21.08450704225352,14.0,71.0
2026-03-18 09:15:00,Barcelona-Sants,24.69,20.0,100.0
2026-03-18 09:30:00,Barcelona-Sants,32.40860215053763,31.0,93.0
2026-03-18 09:45:00,Barcelona-Sants,26.12962962962963,21.0,108.0
2026-03-18 10:00:00,Barcelona-Sants,25.73228346456693,21.0,127.0
2026-03-18 10:15:00,Barcelona-Sants,28.105263157894736,23.5,76.0
2026-03-18 10:30:00,Barcelona-Sants,27.142857142857142,24.0,49.0
2026-03-18 10:45:00,Barcelona-Sants,18.54237288135593,17.0,59.0
2026-03-18 11:00:00,Barcelona-Sants,19.475609756097562,17.0,82.0
2026-03-18 11:15:00,Barcelona-Sants,20.175,16.0,80.0
2026-03-18 11:30:00,Barcelona-Sants,20.296296296296298,14.5,54.0
2026-03-18 11:45:00,Barcelona-Sants,28.29113924050633,23.0,79.0
2026-03-18 12:00:00,Barcelona-Sants,29.561643835616437,24.0,73.0
2026-03-18 12:15:00,Barcelona-Sants,30.422535211267604,23.0,71.0
2026-03-18 12:30:00,Barcelona-Sants,25.876712328767123,17.0,73.0
2026-03-18 12:45:00,Barcelona-Sants,26.533333333333335,24.0,75.0
2026-03-18 13:00:00,Barcelona-Sants,31.928571428571427,31.5,42.0
2026-03-18 13:15:00,Barcelona-Sants,25.542857142857144,17.0,105.0
2026-03-18 13:30:00,Barcelona-Sants,29.24705882352941,24.0,85.0
2026-03-18 13:45:00,Barcelona-Sants,28.68421052631579,28.0,57.0
2026-03-18 14:00:00,Barcelona-Sants,26.349056603773583,25.0,106.0
2026-03-18 14:15:00,Barcelona-Sants,24.681818181818183,14.0,66.0
2026-03-18 14:30:00,Barcelona-Sants,25.615384615384617,20.0,65.0
2026-03-18 14:45:00,Barcelona-Sants,31.078125,36.0,64.0
2026-03-18 15:00:00,Barcelona-Sants,29.35,33.0,80.0
2026-03-18 15:15:00,Barcelona-Sants,26.11842105263158,21.5,76.0
2026-03-18 15:30:00,Barcelona-Sants,34.5625,39.5,48.0
2026-03-18 15:45:00,Barcelona-Sants,36.833333333333336,41.0,66.0
2026-03-18 16:00:00,Barcelona-Sants,30.3943661971831,32.0,71.0
2026-03-18 16:15:00,Barcelona-Sants,31.2987012987013,32.0,77.0
2026-03-18 16:30:00,Barcelona-Sants,30.855072463768117,39.0,69.0
2026-03-18 16:45:00,Barcelona-Sants,31.885714285714286,39.0,70.0
2026-03-18 17:00:00,Barcelona-Sants,32.00970873786408,39.0,103.0
2026-03-18 17:15:00,Barcelona-Sants,24.833333333333332,21.0,96.0
2026-03-18 17:30:00,Barcelona-Sants,30.625,33.0,40.0
2026-03-18 17:45:00,Barcelona-Sants,30.625,36.0,64.0
2026-03-18 18:00:00,Barcelona-Sants,26.91891891891892,33.0,37.0
2026-03-18 18:15:00,Barcelona-Sants,27.43661971830986,28.0,71.0
2026-03-18 18:30:00,Barcelona-Sants,36.8421052631579,33.0,38.0
2026-03-18 18:45:00,Barcelona-Sants,40.044117647058826,42.0,68.0
2026-03-18 19:00:00,Barcelona-Sants,37.990196078431374,41.0,102.0
2026-03-18 19:15:00,Barcelona-Sants,44.45454545454545,44.0,55.0
2026-03-18 19:30:00,Barcelona-Sants,41.57831325301205,43.0,83.0
2026-03-18 19:45:00,Barcelona-Sants,40.815384615384616,38.0,65.0
2026-03-18 20:00:00,Barcelona-Sants,36.25,38.0,64.0
2026-03-18 20:15:00,Barcelona-Sants,32.58536585365854,29.0,41.0
2026-03-18 20:30:00,Barcelona-Sants,42.42372881355932,40.0,59.0
2026-03-18 20:45:00,Barcelona-Sants,35.98275862068966,38.0,58.0
2026-03-18 21:00:00,Barcelona-Sants,41.65432098765432,40.0,81.0
2026-03-18 21:15:00,Barcelona-Sants,32.972972972972975,40.0,37.0
2026-03-18 21:30:00,Barcelona-Sants,36.36538461538461,40.0,52.0
2026-03-18 21:45:00,Barcelona-Sants,37.82857142857143,38.0,35.0
2026-03-18 22:00:00,Barcelona-Sants,43.101694915254235,44.0,59.0
2026-03-18 22:15:00,Barcelona-Sants,35.75,33.5,44.0
2026-03-18 22:30:00,Barcelona-Sants,42.851851851851855,40.0,27.0
2026-03-18 22:45:00,Barcelona-Sants,40.44444444444444,38.0,27.0
2026-03-18 23:00:00,Barcelona-Sants,33.23809523809524,38.0,21.0
2026-03-18 23:15:00,Barcelona-Sants,25.125,20.0,16.0
2026-03-18 23:30:00,Barcelona-Sants,28.88888888888889,20.0,9.0
2026-03-18 23:45:00,Barcelona-Sants,13.833333333333334,1.0,6.0
2026-03-19 00:00:00,Barcelona-Sants,,,
2026-03-19 00:15:00,Barcelona-Sants,,,
2026-03-19 00:30:00,Barcelona-Sants,,,
2026-03-19 00:45:00,Barcelona-Sants,,,
2026-03-19 01:00:00,Barcelona-Sants,,,
2026-03-19 01:15:00,Barcelona-Sants,,,
2026-03-19 01:30:00,Barcelona-Sants,,,
2026-03-19 01:45:00,Barcelona-Sants,,,
2026-03-19 02:00:00,Barcelona-Sants,,,
2026-03-19 02:15:00,Barcelona-Sants,,,
2026-03-19 02:30:00,Barcelona-Sants,,,
2026-03-19 02:45:00,Barcelona-Sants,,,
2026-03-19 03:00:00,Barcelona-Sants,1.0,1.0,1.0
2026-03-19 03:15:00,Barcelona-Sants,24.0,24.0,2.0
2026-03-19 03:30:00,Barcelona-Sants,8.666666666666666,10.0,9.0
2026-03-19 03:45:00,Barcelona-Sants,11.0,8.0,7.0
2026-03-19 04:00:00,Barcelona-Sants,13.666666666666666,6.0,3.0
2026-03-19 04:15:00,Barcelona-Sants,9.44,6.0,25.0
2026-03-19 04:30:00,Barcelona-Sants,13.6875,8.0,32.0
2026-03-19 04:45:00,Barcelona-Sants,14.109756097560975,13.0,82.0
2026-03-19 05:00:00,Barcelona-Sants,10.170731707317072,10.0,41.0
2026-03-19 05:15:00,Barcelona-Sants,18.063157894736843,14.0,95.0
2026-03-19 05:30:00,Barcelona-Sants,16.35,13.5,60.0
2026-03-19 05:45:00,Barcelona-Sants,17.51937984496124,14.0,129.0
2026-03-19 06:00:00,Barcelona-Sants,14.783783783783784,12.0,111.0
2026-03-19 06:15:00,Barcelona-Sants,16.852941176470587,12.0,102.0
2026-03-19 06:30:00,Barcelona-Sants,18.597826086956523,13.5,92.0
2026-03-19 06:45:00,Barcelona-Sants,21.23076923076923,12.5,78.0
2026-03-19 07:00:00,Barcelona-Sants,22.56179775280899,22.0,89.0
2026-03-19 07:15:00,Barcelona-Sants,23.90277777777778,22.0,72.0
2026-03-19 07:30:00,Barcelona-Sants,27.920353982300885,22.0,113.0
2026-03-19 07:45:00,Barcelona-Sants,25.85820895522388,22.0,134.0
2026-03-19 08:00:00,Barcelona-Sants,27.61904761904762,22.0,105.0
2026-03-19 08:15:00,Barcelona-Sants,26.952830188679247,22.5,106.0
2026-03-19 08:30:00,Barcelona-Sants,24.387931034482758,21.0,116.0
2026-03-19 08:45:00,Barcelona-Sants,27.88095238095238,24.0,84.0
2026-03-19 09:00:00,Barcelona-Sants,28.203883495145632,25.0,103.0
2026-03-19 09:15:00,Barcelona-Sants,25.22093023255814,16.5,86.0
2026-03-19 09:30:00,Barcelona-Sants,30.5,21.0,78.0
2026-03-19 09:45:00,Barcelona-Sants,29.072727272727274,12.0,55.0
2026-03-19 10:00:00,Barcelona-Sants,30.865671641791046,19.0,67.0
2026-03-19 10:15:00,Barcelona-Sants,32.08403361344538,31.0,119.0
2026-03-19 10:30:00,Barcelona-Sants,24.746835443037973,17.0,79.0
2026-03-19 10:45:00,Barcelona-Sants,22.169811320754718,11.0,53.0
2026-03-19 11:00:00,Barcelona-Sants,19.353846153846153,11.0,65.0
2026-03-19 11:15:00,Barcelona-Sants,23.705882352941178,17.0,68.0
2026-03-19 11:30:00,Barcelona-Sants,22.75,13.5,52.0
2026-03-19 11:45:00,Barcelona-Sants,23.180555555555557,19.0,72.0
2026-03-19 12:00:00,Barcelona-Sants,20.393939393939394,18.0,66.0
2026-03-19 12:15:00,Barcelona-Sants,20.271428571428572,18.5,70.0
2026-03-19 12:30:00,Barcelona-Sants,23.5,19.0,68.0
2026-03-19 12:45:00,Barcelona-Sants,21.54237288135593,19.0,59.0
2026-03-19 13:00:00,Barcelona-Sants,19.675,15.0,40.0
2026-03-19 13:15:00,Barcelona-Sants,15.675,13.0,40.0
2026-03-19 13:30:00,Barcelona-Sants,20.42622950819672,15.0,61.0
2026-03-19 13:45:00,Barcelona-Sants,20.975,16.0,40.0
2026-03-19 14:00:00,Barcelona-Sants,20.676470588235293,16.0,68.0
2026-03-19 14:15:00,Barcelona-Sants,19.45205479452055,13.0,73.0
2026-03-19 14:30:00,Barcelona-Sants,17.04,13.0,50.0
2026-03-19 14:45:00,Barcelona-Sants,15.134328358208956,13.0,67.0
2026-03-19 15:00:00,Barcelona-Sants,15.555555555555555,13.0,54.0
2026-03-19 15:15:00,Barcelona-Sants,16.10810810810811,8.0,37.0
2026-03-19 15:30:00,Barcelona-Sants,18.487179487179485,11.5,78.0
2026-03-19 15:45:00,Barcelona-Sants,15.46875,8.0,32.0
2026-03-19 16:00:00,Barcelona-Sants,16.905405405405407,12.0,74.0
2026-03-19 16:15:00,Barcelona-Sants,21.40909090909091,20.0,88.0
2026-03-19 16:30:00,Barcelona-Sants,26.180851063829788,27.5,94.0
2026-03-19 16:45:00,Barcelona-Sants,24.4625,25.0,80.0
2026-03-19 17:00:00,Barcelona-Sants,21.26984126984127,22.0,63.0
2026-03-19 17:15:00,Barcelona-Sants,20.830188679245282,22.0,53.0
2026-03-19 17:30:00,Barcelona-Sants,22.818181818181817,23.5,66.0
2026-03-19 17:45:00,Barcelona-Sants,17.358974358974358,9.5,78.0
2026-03-19 18:00:00,Barcelona-Sants,22.91358024691358,20.0,81.0
2026-03-19 18:15:00,Barcelona-Sants,19.57777777777778,19.5,90.0
2026-03-19 18:30:00,Barcelona-Sants,18.06,18.0,50.0
2026-03-19 18:45:00,Barcelona-Sants,19.794520547945204,18.0,73.0
2026-03-19 19:00:00,Barcelona-Sants,19.238095238095237,18.0,42.0
2026-03-19 19:15:00,Barcelona-Sants,14.569444444444445,7.0,72.0
2026-03-19 19:30:00,Barcelona-Sants,15.596153846153847,7.5,52.0
2026-03-19 19:45:00,Barcelona-Sants,20.53731343283582,17.0,67.0
2026-03-19 20:00:00,Barcelona-Sants,23.054794520547944,23.0,73.0
2026-03-19 20:15:00,Barcelona-Sants,25.0,27.0,81.0
2026-03-19 20:30:00,Barcelona-Sants,24.145454545454545,25.0,55.0
2026-03-19 20:45:00,Barcelona-Sants,19.289156626506024,14.0,83.0
2026-03-19 21:00:00,Barcelona-Sants,20.392857142857142,18.0,84.0
2026-03-19 21:15:00,Barcelona-Sants,18.629032258064516,14.0,62.0
2026-03-19 21:30:00,Barcelona-Sants,24.58490566037736,25.0,53.0
2026-03-19 21:45:00,Barcelona-Sants,26.94736842105263,25.0,57.0
2026-03-19 22:00:00,Barcelona-Sants,23.114285714285714,25.0,35.0
2026-03-19 22:15:00,Barcelona-Sants,21.305555555555557,26.0,36.0
2026-03-19 22:30:00,Barcelona-Sants,19.19047619047619,25.0,21.0
2026-03-19 22:45:00,Barcelona-Sants,16.625,24.5,24.0
2026-03-19 23:00:00,Barcelona-Sants,20.0,26.0,12.0
2026-03-19 23:15:00,Barcelona-Sants,15.222222222222221,26.0,9.0
2026-03-19 23:30:00,Barcelona-Sants,9.3,9.0,10.0
2026-03-19 23:45:00,Barcelona-Sants,2.2,-2.0,5.0
2026-03-20 00:00:00,Barcelona-Sants,,,
2026-03-20 00:15:00,Barcelona-Sants,,,
2026-03-20 00:30:00,Barcelona-Sants,,,
2026-03-20 00:45:00,Barcelona-Sants,,,
2026-03-20 01:00:00,Barcelona-Sants,,,
2026-03-20 01:15:00,Barcelona-Sants,,,
2026-03-20 01:30:00,Barcelona-Sants,,,
2026-03-20 01:45:00,Barcelona-Sants,,,
2026-03-20 02:00:00,Barcelona-Sants,,,
2026-03-20 02:15:00,Barcelona-Sants,,,
2026-03-20 02:30:00,Barcelona-Sants,,,
2026-03-20 02:45:00,Barcelona-Sants,,,
2026-03-20 03:00:00,Barcelona-Sants,,,
2026-03-20 03:15:00,Barcelona-Sants,10.0,10.0,1.0
2026-03-20 03:30:00,Barcelona-Sants,14.0,14.0,1.0
2026-03-20 03:45:00,Barcelona-Sants,16.285714285714285,12.0,7.0
2026-03-20 04:00:00,Barcelona-Sants,4.294117647058823,2.0,17.0
2026-03-20 04:15:00,Barcelona-Sants,1.4545454545454546,10.0,22.0
2026-03-20 04:30:00,Barcelona-Sants,0.5789473684210527,10.5,38.0
2026-03-20 04:45:00,Barcelona-Sants,14.647058823529411,14.0,17.0
2026-03-20 05:00:00,Barcelona-Sants,13.671875,10.0,64.0
2026-03-20 05:15:00,Barcelona-Sants,4.2745098039215685,10.0,51.0
2026-03-20 05:30:00,Barcelona-Sants,13.173913043478262,12.0,69.0
2026-03-20 05:45:00,Barcelona-Sants,8.316455696202532,6.0,79.0
2026-03-20 06:00:00,Barcelona-Sants,15.069230769230769,10.5,130.0
2026-03-20 06:15:00,Barcelona-Sants,10.492424242424242,9.0,132.0
2026-03-20 06:30:00,Barcelona-Sants,15.851485148514852,12.0,101.0
2026-03-20 06:45:00,Barcelona-Sants,16.32857142857143,17.5,140.0
2026-03-20 07:00:00,Barcelona-Sants,22.870967741935484,18.0,62.0
2026-03-20 07:15:00,Barcelona-Sants,18.23076923076923,15.0,182.0
2026-03-20 07:30:00,Barcelona-Sants,19.77570093457944,16.0,107.0
2026-03-20 07:45:00,Barcelona-Sants,17.416,15.0,125.0
2026-03-20 08:00:00,Barcelona-Sants,19.51937984496124,17.0,129.0
2026-03-20 08:15:00,Barcelona-Sants,22.140350877192983,20.5,114.0
2026-03-20 08:30:00,Barcelona-Sants,23.88888888888889,21.0,63.0
2026-03-20 08:45:00,Barcelona-Sants,,,
2026-03-20 09:00:00,Barcelona-Sants,31.375,28.0,64.0
2026-03-20 09:15:00,Barcelona-Sants,26.908045977011493,26.0,87.0
2026-03-20 09:30:00,Barcelona-Sants,20.911392405063292,15.0,79.0
2026-03-20 09:45:00,Barcelona-Sants,19.264150943396228,19.0,53.0
2026-03-20 10:00:00,Barcelona-Sants,17.818181818181817,11.0,11.0
2026-03-20 10:15:00,Barcelona-Sants,19.46969696969697,11.0,66.0
2026-03-20 10:30:00,Barcelona-Sants,21.71,19.0,100.0
2026-03-20 10:45:00,Barcelona-Sants,22.820224719101123,12.0,89.0
2026-03-20 11:00:00,Barcelona-Sants,20.523255813953487,10.5,86.0
2026-03-20 11:15:00,Barcelona-Sants,27.846153846153847,28.0,39.0
2026-03-20 11:30:00,Barcelona-Sants,,,
2026-03-20 11:45:00,Barcelona-Sants,24.263157894736842,26.0,38.0
2026-03-20 12:00:00,Barcelona-Sants,24.104166666666668,17.0,48.0
2026-03-20 12:15:00,Barcelona-Sants,22.055555555555557,18.5,72.0
2026-03-20 12:30:00,Barcelona-Sants,19.05,10.0,40.0
2026-03-20 12:45:00,Barcelona-Sants,23.053571428571427,17.0,56.0
2026-03-20 13:00:00,Barcelona-Sants,,,
2026-03-20 13:15:00,Barcelona-Sants,19.0,11.5,12.0
2026-03-20 13:30:00,Barcelona-Sants,14.8125,11.5,48.0
2026-03-20 13:45:00,Barcelona-Sants,19.857142857142858,12.0,35.0
2026-03-20 14:00:00,Barcelona-Sants,21.08955223880597,12.0,67.0
2026-03-20 14:15:00,Barcelona-Sants,22.94871794871795,11.5,78.0
2026-03-20 14:30:00,Barcelona-Sants,18.916666666666668,13.0,24.0
2026-03-20 14:45:00,Barcelona-Sants,,,
2026-03-20 15:00:00,Barcelona-Sants,24.77777777777778,16.0,9.0
2026-03-20 15:15:00,Barcelona-Sants,19.373333333333335,14.0,75.0
2026-03-20 15:30:00,Barcelona-Sants,21.64,16.0,75.0
2026-03-20 15:45:00,Barcelona-Sants,17.74390243902439,14.0,82.0
2026-03-20 16:00:00,Barcelona-Sants,16.105882352941176,14.0,85.0
2026-03-20 16:15:00,Barcelona-Sants,,,
2026-03-20 16:30:00,Barcelona-Sants,12.942857142857143,11.0,35.0
2026-03-20 16:45:00,Barcelona-Sants,14.324324324324325,10.5,74.0
2026-03-20 17:00:00,Barcelona-Sants,12.285714285714286,6.0,63.0
2026-03-20 17:15:00,Barcelona-Sants,16.761904761904763,11.0,63.0
2026-03-20 17:30:00,Barcelona-Sants,19.168316831683168,13.0,101.0
2026-03-20 17:45:00,Barcelona-Sants,,,
2026-03-20 18:00:00,Barcelona-Sants,18.423076923076923,16.0,26.0
2026-03-20 18:15:00,Barcelona-Sants,20.582417582417584,19.0,91.0
2026-03-20 18:30:00,Barcelona-Sants,21.0625,16.0,80.0
2026-03-20 18:45:00,Barcelona-Sants,16.22340425531915,11.0,94.0
2026-03-20 19:00:00,Barcelona-Sants,15.96,10.0,50.0
2026-03-20 19:15:00,Barcelona-Sants,25.82758620689655,23.0,87.0
2026-03-20 19:30:00,Barcelona-Sants,19.742424242424242,16.0,66.0
2026-03-20 19:45:00,Barcelona-Sants,16.897435897435898,10.0,39.0
2026-03-20 20:00:00,Barcelona-Sants,20.93243243243243,16.0,74.0
2026-03-20 20:15:00,Barcelona-Sants,15.692307692307692,15.0,39.0
2026-03-20 20:30:00,Barcelona-Sants,20.925,20.0,80.0
2026-03-20 20:45:00,Barcelona-Sants,13.634146341463415,12.0,41.0
2026-03-20 21:00:00,Barcelona-Sants,14.021739130434783,12.0,46.0
2026-03-20 21:15:00,Barcelona-Sants,18.9672131147541,20.0,61.0
2026-03-20 21:30:00,Barcelona-Sants,17.72093023255814,12.0,43.0
2026-03-20 21:45:00,Barcelona-Sants,15.444444444444445,10.0,45.0
2026-03-20 22:00:00,Barcelona-Sants,17.735294117647058,10.0,34.0
2026-03-20 22:15:00,Barcelona-Sants,21.391304347826086,10.0,46.0
2026-03-20 22:30:00,Barcelona-Sants,21.457142857142856,15.0,35.0
2026-03-20 22:45:00,Barcelona-Sants,21.523809523809526,10.0,21.0
2026-03-20 23:00:00,Barcelona-Sants,23.25,19.0,28.0
2026-03-20 23:15:00,Barcelona-Sants,19.384615384615383,10.0,13.0
2026-03-20 23:30:00,Barcelona-Sants,6.125,8.0,8.0
2026-03-20 23:45:00,Barcelona-Sants,1.8,-1.0,5.0
2026-03-21 00:00:00,Barcelona-Sants,,,
2026-03-21 00:15:00,Barcelona-Sants,,,
2026-03-21 00:30:00,Barcelona-Sants,,,
2026-03-21 00:45:00,Barcelona-Sants,,,
2026-03-21 01:00:00,Barcelona-Sants,,,
2026-03-21 01:15:00,Barcelona-Sants,,,
2026-03-21 01:30:00,Barcelona-Sants,,,
2026-03-21 01:45:00,Barcelona-Sants,,,
2026-03-21 02:00:00,Barcelona-Sants,,,
2026-03-21 02:15:00,Barcelona-Sants,,,
2026-03-21 02:30:00,Barcelona-Sants,,,
2026-03-21 02:45:00,Barcelona-Sants,,,
2026-03-21 03:00:00,Barcelona-Sants,,,
2026-03-21 03:15:00,Barcelona-Sants,,,
2026-03-21 03:30:00,Barcelona-Sants,1.8,1.0,5.0
2026-03-21 03:45:00,Barcelona-Sants,1.5,1.5,2.0
2026-03-21 04:00:00,Barcelona-Sants,6.2727272727272725,2.5,22.0
2026-03-21 04:15:00,Barcelona-Sants,3.1578947368421053,1.0,19.0
2026-03-21 04:30:00,Barcelona-Sants,14.38888888888889,17.0,18.0
2026-03-21 04:45:00,Barcelona-Sants,7.964285714285714,4.0,28.0
2026-03-21 05:00:00,Barcelona-Sants,7.833333333333333,4.0,48.0
2026-03-21 05:15:00,Barcelona-Sants,6.56,1.0,25.0
2026-03-21 05:30:00,Barcelona-Sants,7.487804878048781,4.0,41.0
2026-03-21 05:45:00,Barcelona-Sants,7.984848484848484,5.0,66.0
2026-03-21 06:00:00,Barcelona-Sants,10.204081632653061,7.0,49.0
2026-03-21 06:15:00,Barcelona-Sants,11.036144578313253,7.0,83.0
2026-03-21 06:30:00,Barcelona-Sants,12.689655172413794,7.0,58.0
2026-03-21 06:45:00,Barcelona-Sants,18.96078431372549,17.0,102.0
2026-03-21 07:00:00,Barcelona-Sants,21.951219512195124,17.0,41.0
2026-03-21 07:15:00,Barcelona-Sants,20.095890410958905,14.0,73.0
2026-03-21 07:30:00,Barcelona-Sants,20.91044776119403,21.0,67.0
2026-03-21 07:45:00,Barcelona-Sants,20.707865168539325,17.0,89.0
2026-03-21 08:00:00,Barcelona-Sants,20.0531914893617,17.0,94.0
2026-03-21 08:15:00,Barcelona-Sants,21.096774193548388,20.5,62.0
2026-03-21 08:30:00,Barcelona-Sants,21.115942028985508,21.0,138.0
2026-03-21 08:45:00,Barcelona-Sants,24.56756756756757,25.0,74.0
2026-03-21 09:00:00,Barcelona-Sants,27.234375,25.0,64.0
2026-03-21 09:15:00,Barcelona-Sants,23.407894736842106,23.5,76.0
2026-03-21 09:30:00,Barcelona-Sants,25.123893805309734,25.0,113.0
2026-03-21 09:45:00,Barcelona-Sants,19.1875,13.5,48.0
2026-03-21 10:00:00,Barcelona-Sants,21.81967213114754,15.0,61.0
2026-03-21 10:15:00,Barcelona-Sants,24.25,21.0,80.0
2026-03-21 10:30:00,Barcelona-Sants,21.982905982905983,14.0,117.0
2026-03-21 10:45:00,Barcelona-Sants,26.067961165048544,25.0,103.0
2026-03-21 11:00:00,Barcelona-Sants,23.960526315789473,18.5,76.0
2026-03-21 11:15:00,Barcelona-Sants,20.97196261682243,14.0,107.0
2026-03-21 11:30:00,Barcelona-Sants,25.87912087912088,25.0,91.0
2026-03-21 11:45:00,Barcelona-Sants,21.40506329113924,14.0,79.0
2026-03-21 12:00:00,Barcelona-Sants,22.594202898550726,14.0,69.0
2026-03-21 12:15:00,Barcelona-Sants,25.19607843137255,25.0,51.0
2026-03-21 12:30:00,Barcelona-Sants,19.60674157303371,11.0,89.0
2026-03-21 12:45:00,Barcelona-Sants,24.457142857142856,19.5,70.0
2026-03-21 13:00:00,Barcelona-Sants,27.15463917525773,23.0,97.0
2026-03-21 13:15:00,Barcelona-Sants,27.4625,28.5,80.0
2026-03-21 13:30:00,Barcelona-Sants,27.481927710843372,28.0,83.0
2026-03-21 13:45:00,Barcelona-Sants,30.833333333333332,33.0,78.0
2026-03-21 14:00:00,Barcelona-Sants,31.75438596491228,33.0,57.0
2026-03-21 14:15:00,Barcelona-Sants,37.05263157894737,36.0,95.0
2026-03-21 14:30:00,Barcelona-Sants,31.52517985611511,32.0,139.0
2026-03-21 14:45:00,Barcelona-Sants,31.125,32.0,128.0
2026-03-21 15:00:00,Barcelona-Sants,28.26851851851852,29.0,108.0
2026-03-21 15:15:00,Barcelona-Sants,30.150537634408604,30.0,93.0
2026-03-21 15:30:00,Barcelona-Sants,27.87,29.0,100.0
2026-03-21 15:45:00,Barcelona-Sants,24.91549295774648,29.0,71.0
2026-03-21 16:00:00,Barcelona-Sants,25.349397590361445,26.0,83.0
2026-03-21 16:15:00,Barcelona-Sants,21.666666666666668,14.0,84.0
2026-03-21 16:30:00,Barcelona-Sants,22.9,23.0,80.0
2026-03-21 16:45:00,Barcelona-Sants,23.28813559322034,23.0,59.0
2026-03-21 17:00:00,Barcelona-Sants,19.604395604395606,11.0,91.0
2026-03-21 17:15:00,Barcelona-Sants,20.870967741935484,11.0,62.0
2026-03-21 17:30:00,Barcelona-Sants,22.95294117647059,18.0,85.0
2026-03-21 17:45:00,Barcelona-Sants,18.45,9.0,60.0
2026-03-21 18:00:00,Barcelona-Sants,24.611940298507463,24.0,67.0
2026-03-21 18:15:00,Barcelona-Sants,26.43010752688172,23.0,93.0
2026-03-21 18:30:00,Barcelona-Sants,22.516129032258064,18.0,93.0
2026-03-21 18:45:00,Barcelona-Sants,19.3,14.0,70.0
2026-03-21 19:00:00,Barcelona-Sants,30.904761904761905,24.0,63.0
2026-03-21 19:15:00,Barcelona-Sants,28.753623188405797,24.0,69.0
2026-03-21 19:30:00,Barcelona-Sants,22.19148936170213,22.0,47.0
2026-03-21 19:45:00,Barcelona-Sants,20.81159420289855,19.0,69.0
2026-03-21 20:00:00,Barcelona-Sants,21.304347826086957,19.0,69.0
2026-03-21 20:15:00,Barcelona-Sants,27.96551724137931,32.0,58.0
2026-03-21 20:30:00,Barcelona-Sants,27.404255319148938,22.0,94.0
2026-03-21 20:45:00,Barcelona-Sants,18.90625,10.0,64.0
2026-03-21 21:00:00,Barcelona-Sants,18.28846153846154,8.5,52.0
2026-03-21 21:15:00,Barcelona-Sants,24.275,20.0,40.0
2026-03-21 21:30:00,Barcelona-Sants,21.927272727272726,8.0,55.0
2026-03-21 21:45:00,Barcelona-Sants,22.91111111111111,20.0,45.0
2026-03-21 22:00:00,Barcelona-Sants,16.558139534883722,7.0,43.0
2026-03-21 22:15:00,Barcelona-Sants,11.64516129032258,2.0,31.0
2026-03-21 22:30:00,Barcelona-Sants,14.428571428571429,12.0,28.0
2026-03-21 22:45:00,Barcelona-Sants,20.137931034482758,3.0,29.0
2026-03-21 23:00:00,Barcelona-Sants,14.9375,2.0,16.0
2026-03-21 23:15:00,Barcelona-Sants,17.941176470588236,2.0,17.0
2026-03-21 23:30:00,Barcelona-Sants,36.375,58.0,8.0
2026-03-21 23:45:00,Barcelona-Sants,-0.75,-1.0,4.0
2026-03-22 00:00:00,Barcelona-Sants,,,
2026-03-22 00:15:00,Barcelona-Sants,,,
2026-03-22 00:30:00,Barcelona-Sants,,,
2026-03-22 00:45:00,Barcelona-Sants,,,
2026-03-22 01:00:00,Barcelona-Sants,,,
2026-03-22 01:15:00,Barcelona-Sants,,,
2026-03-22 01:30:00,Barcelona-Sants,,,
2026-03-22 01:45:00,Barcelona-Sants,,,
2026-03-22 02:00:00,Barcelona-Sants,,,
2026-03-22 02:15:00,Barcelona-Sants,,,
2026-03-22 02:30:00,Barcelona-Sants,,,
2026-03-22 02:45:00,Barcelona-Sants,,,
2026-03-22 03:00:00,Barcelona-Sants,3.0,3.0,1.0
2026-03-22 03:15:00,Barcelona-Sants,,,
2026-03-22 03:30:00,Barcelona-Sants,3.0,3.0,3.0
2026-03-22 03:45:00,Barcelona-Sants,6.25,4.5,4.0
2026-03-22 04:00:00,Barcelona-Sants,12.73913043478261,5.0,23.0
2026-03-22 04:15:00,Barcelona-Sants,7.92,3.0,25.0
2026-03-22 04:30:00,Barcelona-Sants,8.8,3.0,15.0
2026-03-22 04:45:00,Barcelona-Sants,10.518518518518519,3.0,27.0
2026-03-22 05:00:00,Barcelona-Sants,6.481481481481482,3.0,27.0
2026-03-22 05:15:00,Barcelona-Sants,5.377777777777778,5.0,45.0
2026-03-22 05:30:00,Barcelona-Sants,10.53623188405797,6.0,69.0
2026-03-22 05:45:00,Barcelona-Sants,8.03921568627451,4.0,51.0
2026-03-22 06:00:00,Barcelona-Sants,8.157894736842104,4.0,57.0
2026-03-22 06:15:00,Barcelona-Sants,13.447368421052632,7.0,76.0
2026-03-22 06:30:00,Barcelona-Sants,17.105263157894736,15.0,57.0
2026-03-22 06:45:00,Barcelona-Sants,16.47142857142857,15.0,70.0
2026-03-22 07:00:00,Barcelona-Sants,15.168674698795181,15.0,83.0
2026-03-22 07:15:00,Barcelona-Sants,17.703703703703702,18.0,81.0
2026-03-22 07:30:00,Barcelona-Sants,17.07792207792208,18.0,77.0
2026-03-22 07:45:00,Barcelona-Sants,13.319444444444445,11.0,72.0
2026-03-22 08:00:00,Barcelona-Sants,18.734177215189874,22.0,79.0
2026-03-22 08:15:00,Barcelona-Sants,15.052631578947368,16.0,57.0
2026-03-22 08:30:00,Barcelona-Sants,19.70967741935484,23.0,62.0
2026-03-22 08:45:00,Barcelona-Sants,10.569230769230769,8.0,65.0
2026-03-22 09:00:00,Barcelona-Sants,14.258620689655173,9.0,58.0
2026-03-22 09:15:00,Barcelona-Sants,16.069444444444443,9.5,72.0
2026-03-22 09:30:00,Barcelona-Sants,18.967741935483872,19.0,93.0
2026-03-22 09:45:00,Barcelona-Sants,15.40625,13.5,64.0
2026-03-22 10:00:00,Barcelona-Sants,17.276315789473685,15.0,76.0
2026-03-22 10:15:00,Barcelona-Sants,18.96923076923077,20.0,65.0
2026-03-22 10:30:00,Barcelona-Sants,18.242105263157896,15.0,95.0
2026-03-22 10:45:00,Barcelona-Sants,12.577777777777778,6.0,45.0
2026-03-22 11:00:00,Barcelona-Sants,18.954545454545453,26.5,66.0
2026-03-22 11:15:00,Barcelona-Sants,23.797619047619047,27.0,84.0
2026-03-22 11:30:00,Barcelona-Sants,19.949152542372882,16.0,59.0
2026-03-22 11:45:00,Barcelona-Sants,22.235955056179776,20.0,89.0
2026-03-22 12:00:00,Barcelona-Sants,23.823529411764707,27.0,51.0
2026-03-22 12:15:00,Barcelona-Sants,23.08695652173913,14.0,69.0
2026-03-22 12:30:00,Barcelona-Sants,25.927272727272726,21.0,55.0
2026-03-22 12:45:00,Barcelona-Sants,24.66176470588235,26.0,68.0
2026-03-22 13:00:00,Barcelona-Sants,17.25,8.0,28.0
2026-03-22 13:15:00,Barcelona-Sants,21.010752688172044,14.0,93.0
2026-03-22 13:30:00,Barcelona-Sants,15.150684931506849,5.0,73.0
2026-03-22 13:45:00,Barcelona-Sants,21.98148148148148,13.0,54.0
2026-03-22 14:00:00,Barcelona-Sants,17.40983606557377,7.0,61.0
2026-03-22 14:15:00,Barcelona-Sants,25.055555555555557,18.0,36.0
2026-03-22 14:30:00,Barcelona-Sants,20.7,11.5,60.0
2026-03-22 14:45:00,Barcelona-Sants,21.953488372093023,6.0,43.0
2026-03-22 15:00:00,Barcelona-Sants,22.353846153846153,12.0,65.0
2026-03-22 15:15:00,Barcelona-Sants,28.379310344827587,29.0,58.0
2026-03-22 15:30:00,Barcelona-Sants,22.69090909090909,12.0,55.0
2026-03-22 15:45:00,Barcelona-Sants,18.166666666666668,10.0,60.0
2026-03-22 16:00:00,Barcelona-Sants,19.22641509433962,7.0,53.0
2026-03-22 16:15:00,Barcelona-Sants,31.696428571428573,31.0,56.0
2026-03-22 16:30:00,Barcelona-Sants,26.05128205128205,6.5,78.0
2026-03-22 16:45:00,Barcelona-Sants,30.114942528735632,16.0,87.0
2026-03-22 17:00:00,Barcelona-Sants,40.83783783783784,36.5,74.0
2026-03-22 17:15:00,Barcelona-Sants,38.45454545454545,33.0,55.0
2026-03-22 17:30:00,Barcelona-Sants,31.0,23.0,85.0
2026-03-22 17:45:00,Barcelona-Sants,34.96551724137931,29.0,58.0
2026-03-22 18:00:00,Barcelona-Sants,32.63559322033898,32.0,118.0
2026-03-22 18:15:00,Barcelona-Sants,20.666666666666668,9.0,39.0
2026-03-22 18:30:00,Barcelona-Sants,29.25,20.0,56.0
2026-03-22 18:45:00,Barcelona-Sants,31.14814814814815,27.0,81.0
2026-03-22 19:00:00,Barcelona-Sants,26.841269841269842,17.0,63.0
2026-03-22 19:15:00,Barcelona-Sants,30.06153846153846,26.0,65.0
2026-03-22 19:30:00,Barcelona-Sants,25.26865671641791,14.0,67.0
2026-03-22 19:45:00,Barcelona-Sants,26.1,21.0,80.0
2026-03-22 20:00:00,Barcelona-Sants,24.397260273972602,17.0,73.0
2026-03-22 20:15:00,Barcelona-Sants,18.30666666666667,13.0,75.0
2026-03-22 20:30:00,Barcelona-Sants,16.608695652173914,10.0,69.0
2026-03-22 20:45:00,Barcelona-Sants,20.191011235955056,16.0,89.0
2026-03-22 21:00:00,Barcelona-Sants,21.02777777777778,20.5,36.0
2026-03-22 21:15:00,Barcelona-Sants,21.5,25.0,36.0
2026-03-22 21:30:00,Barcelona-Sants,19.64406779661017,13.0,59.0
2026-03-22 21:45:00,Barcelona-Sants,22.933333333333334,16.5,30.0
2026-03-22 22:00:00,Barcelona-Sants,18.711111111111112,13.0,45.0
2026-03-22 22:15:00,Barcelona-Sants,17.533333333333335,13.0,30.0
2026-03-22 22:30:00,Barcelona-Sants,20.11764705882353,16.0,34.0
2026-03-22 22:45:00,Barcelona-Sants,22.344827586206897,17.0,29.0
2026-03-22 23:00:00,Barcelona-Sants,18.166666666666668,6.5,12.0
2026-03-22 23:15:00,Barcelona-Sants,18.416666666666668,10.0,12.0
2026-03-22 23:30:00,Barcelona-Sants,13.5,8.5,6.0
2026-03-22 23:45:00,Barcelona-Sants,5.0,6.5,4.0
2026-03-23 00:00:00,Barcelona-Sants,,,
2026-03-23 00:15:00,Barcelona-Sants,,,
2026-03-23 00:30:00,Barcelona-Sants,,,
2026-03-23 00:45:00,Barcelona-Sants,,,
2026-03-23 01:00:00,Barcelona-Sants,,,
2026-03-23 01:15:00,Barcelona-Sants,,,
2026-03-23 01:30:00,Barcelona-Sants,,,
2026-03-23 01:45:00,Barcelona-Sants,,,
2026-03-23 02:00:00,Barcelona-Sants,,,
2026-03-23 02:15:00,Barcelona-Sants,,,
2026-03-23 02:30:00,Barcelona-Sants,,,
2026-03-23 02:45:00,Barcelona-Sants,,,
2026-03-23 03:00:00,Barcelona-Sants,7.0,7.0,2.0
2026-03-23 03:15:00,Barcelona-Sants,10.0,10.0,1.0
2026-03-23 03:30:00,Barcelona-Sants,5.538461538461538,6.0,13.0
2026-03-23 03:45:00,Barcelona-Sants,3.0,1.0,8.0
2026-03-23 04:00:00,Barcelona-Sants,7.3,7.5,10.0
2026-03-23 04:15:00,Barcelona-Sants,8.8,6.0,15.0
2026-03-23 04:30:00,Barcelona-Sants,5.62,4.5,50.0
2026-03-23 04:45:00,Barcelona-Sants,4.757575757575758,4.0,33.0
2026-03-23 05:00:00,Barcelona-Sants,4.428571428571429,1.0,35.0
2026-03-23 05:15:00,Barcelona-Sants,7.081632653061225,6.0,49.0
2026-03-23 05:30:00,Barcelona-Sants,7.655172413793103,8.0,58.0
2026-03-23 05:45:00,Barcelona-Sants,7.264150943396227,6.0,53.0
2026-03-23 06:00:00,Barcelona-Sants,4.580952380952381,6.0,105.0
2026-03-23 06:15:00,Barcelona-Sants,6.350877192982456,6.0,114.0
2026-03-23 06:30:00,Barcelona-Sants,9.507352941176471,6.0,136.0
2026-03-23 06:45:00,Barcelona-Sants,11.38888888888889,7.0,90.0
2026-03-23 07:00:00,Barcelona-Sants,10.74436090225564,6.0,133.0
2026-03-23 07:15:00,Barcelona-Sants,10.420289855072463,6.0,69.0
2026-03-23 07:30:00,Barcelona-Sants,14.544554455445544,9.0,101.0
2026-03-23 07:45:00,Barcelona-Sants,14.525862068965518,9.5,116.0
2026-03-23 08:00:00,Barcelona-Sants,16.181102362204726,11.0,127.0
2026-03-23 08:15:00,Barcelona-Sants,14.061728395061728,8.0,81.0
2026-03-23 08:30:00,Barcelona-Sants,16.763636363636362,11.0,110.0
2026-03-23 08:45:00,Barcelona-Sants,16.526315789473685,11.0,76.0
2026-03-23 09:00:00,Barcelona-Sants,21.055555555555557,15.0,72.0
2026-03-23 09:15:00,Barcelona-Sants,28.859649122807017,20.0,114.0
2026-03-23 09:30:00,Barcelona-Sants,22.757894736842104,19.0,95.0
2026-03-23 09:45:00,Barcelona-Sants,22.791044776119403,19.0,67.0
2026-03-23 10:00:00,Barcelona-Sants,19.545454545454547,15.0,99.0
2026-03-23 10:15:00,Barcelona-Sants,16.10909090909091,12.0,110.0
2026-03-23 10:30:00,Barcelona-Sants,12.6,9.0,85.0
2026-03-23 10:45:00,Barcelona-Sants,19.17391304347826,11.0,46.0
2026-03-23 11:00:00,Barcelona-Sants,31.976190476190474,24.0,42.0
2026-03-23 11:15:00,Barcelona-Sants,24.40983606557377,12.0,61.0
2026-03-23 11:30:00,Barcelona-Sants,27.84,15.0,50.0
2026-03-23 11:45:00,Barcelona-Sants,24.973684210526315,21.0,76.0
2026-03-23 12:00:00,Barcelona-Sants,28.428571428571427,15.0,35.0
2026-03-23 12:15:00,Barcelona-Sants,27.97222222222222,21.0,72.0
2026-03-23 12:30:00,Barcelona-Sants,21.0188679245283,11.0,53.0
2026-03-23 12:45:00,Barcelona-Sants,25.594594594594593,25.0,37.0
2026-03-23 13:00:00,Barcelona-Sants,28.6,28.0,70.0
2026-03-23 13:15:00,Barcelona-Sants,19.346666666666668,12.0,75.0
2026-03-23 13:30:00,Barcelona-Sants,23.05263157894737,23.0,38.0
2026-03-23 13:45:00,Barcelona-Sants,21.423728813559322,15.0,59.0
2026-03-23 14:00:00,Barcelona-Sants,23.483870967741936,23.0,62.0
2026-03-23 14:15:00,Barcelona-Sants,20.65,14.0,40.0
2026-03-23 14:30:00,Barcelona-Sants,17.793650793650794,12.0,63.0
2026-03-23 14:45:00,Barcelona-Sants,16.158730158730158,11.0,63.0
2026-03-23 15:00:00,Barcelona-Sants,18.727272727272727,5.5,22.0
2026-03-23 15:15:00,Barcelona-Sants,17.38235294117647,13.0,68.0
2026-03-23 15:30:00,Barcelona-Sants,18.85185185185185,14.5,54.0
2026-03-23 15:45:00,Barcelona-Sants,18.682539682539684,14.0,63.0
2026-03-23 16:00:00,Barcelona-Sants,19.555555555555557,18.0,72.0
2026-03-23 16:15:00,Barcelona-Sants,21.1864406779661,22.0,59.0
2026-03-23 16:30:00,Barcelona-Sants,17.594594594594593,16.0,74.0
2026-03-23 16:45:00,Barcelona-Sants,14.069444444444445,13.0,72.0
2026-03-23 17:00:00,Barcelona-Sants,16.247311827956988,17.0,93.0
2026-03-23 17:15:00,Barcelona-Sants,10.623376623376624,7.0,77.0
2026-03-23 17:30:00,Barcelona-Sants,12.571428571428571,12.0,42.0
2026-03-23 17:45:00,Barcelona-Sants,10.0,6.0,39.0
2026-03-23 18:00:00,Barcelona-Sants,12.5,11.0,60.0
2026-03-23 18:15:00,Barcelona-Sants,10.285714285714286,7.5,56.0
2026-03-23 18:30:00,Barcelona-Sants,9.231884057971014,7.0,69.0
2026-03-23 18:45:00,Barcelona-Sants,11.206896551724139,8.0,58.0
2026-03-23 19:00:00,Barcelona-Sants,11.902777777777779,6.5,72.0
2026-03-23 19:15:00,Barcelona-Sants,8.514285714285714,5.0,70.0
2026-03-23 19:30:00,Barcelona-Sants,10.789473684210526,7.0,57.0
2026-03-23 19:45:00,Barcelona-Sants,11.075757575757576,8.0,66.0
2026-03-23 20:00:00,Barcelona-Sants,13.04,10.0,50.0
2026-03-23 20:15:00,Barcelona-Sants,12.305555555555555,10.0,72.0
2026-03-23 20:30:00,Barcelona-Sants,14.657142857142857,14.0,35.0
2026-03-23 20:45:00,Barcelona-Sants,13.0,10.0,78.0
2026-03-23 21:00:00,Barcelona-Sants,13.898550724637682,10.0,69.0
2026-03-23 21:15:00,Barcelona-Sants,13.426229508196721,8.0,61.0
2026-03-23 21:30:00,Barcelona-Sants,16.1864406779661,8.0,59.0
2026-03-23 21:45:00,Barcelona-Sants,14.4375,11.5,64.0
2026-03-23 22:00:00,Barcelona-Sants,13.245283018867925,6.0,53.0
2026-03-23 22:15:00,Barcelona-Sants,18.394736842105264,19.5,38.0
2026-03-23 22:30:00,Barcelona-Sants,19.05263157894737,19.0,38.0
2026-03-23 22:45:00,Barcelona-Sants,16.666666666666668,13.0,24.0
2026-03-23 23:00:00,Barcelona-Sants,17.466666666666665,20.0,15.0
2026-03-23 23:15:00,Barcelona-Sants,17.066666666666666,6.0,15.0
2026-03-23 23:30:00,Barcelona-Sants,-0.5,-0.5,2.0
2026-03-23 23:45:00,Barcelona-Sants,1.8,-3.0,5.0
2026-03-24 00:00:00,Barcelona-Sants,,,
2026-03-24 00:15:00,Barcelona-Sants,,,
2026-03-24 00:30:00,Barcelona-Sants,,,
2026-03-24 00:45:00,Barcelona-Sants,,,
2026-03-24 01:00:00,Barcelona-Sants,,,
2026-03-24 01:15:00,Barcelona-Sants,,,
2026-03-24 01:30:00,Barcelona-Sants,,,
2026-03-24 01:45:00,Barcelona-Sants,,,
2026-03-24 02:00:00,Barcelona-Sants,,,
2026-03-24 02:15:00,Barcelona-Sants,,,
2026-03-24 02:30:00,Barcelona-Sants,,,
2026-03-24 02:45:00,Barcelona-Sants,,,
2026-03-24 03:00:00,Barcelona-Sants,0.5,0.5,2.0
2026-03-24 03:15:00,Barcelona-Sants,,,
2026-03-24 03:30:00,Barcelona-Sants,10.125,7.0,16.0
2026-03-24 03:45:00,Barcelona-Sants,2.75,1.5,8.0
2026-03-24 04:00:00,Barcelona-Sants,3.0833333333333335,1.0,12.0
2026-03-24 04:15:00,Barcelona-Sants,13.907407407407407,13.0,54.0
2026-03-24 04:30:00,Barcelona-Sants,9.7,6.0,70.0
2026-03-24 04:45:00,Barcelona-Sants,9.363636363636363,6.5,44.0
2026-03-24 05:00:00,Barcelona-Sants,11.017699115044248,8.0,226.0
2026-03-24 05:15:00,Barcelona-Sants,10.372549019607844,8.0,102.0
2026-03-24 05:30:00,Barcelona-Sants,8.49056603773585,5.0,106.0
2026-03-24 05:45:00,Barcelona-Sants,9.675324675324676,8.0,154.0
2026-03-24 06:00:00,Barcelona-Sants,10.9625,8.0,160.0
2026-03-24 06:15:00,Barcelona-Sants,10.113333333333333,4.5,150.0
2026-03-24 06:30:00,Barcelona-Sants,11.676136363636363,7.5,176.0
2026-03-24 06:45:00,Barcelona-Sants,11.981481481481481,9.0,162.0
2026-03-24 07:00:00,Barcelona-Sants,13.813829787234043,13.0,188.0
2026-03-24 07:15:00,Barcelona-Sants,16.085,15.0,200.0
2026-03-24 07:30:00,Barcelona-Sants,15.597122302158274,13.0,278.0
2026-03-24 07:45:00,Barcelona-Sants,16.803370786516854,15.0,178.0
2026-03-24 08:00:00,Barcelona-Sants,15.48076923076923,13.0,208.0
2026-03-24 08:15:00,Barcelona-Sants,17.973684210526315,20.5,190.0
2026-03-24 08:30:00,Barcelona-Sants,15.71830985915493,15.5,142.0
2026-03-24 08:45:00,Barcelona-Sants,15.752380952380953,12.0,210.0
2026-03-24 09:00:00,Barcelona-Sants,19.828767123287673,15.0,146.0
2026-03-24 09:15:00,Barcelona-Sants,20.384615384615383,16.0,156.0
2026-03-24 09:30:00,Barcelona-Sants,17.361607142857142,14.0,224.0
2026-03-24 09:45:00,Barcelona-Sants,17.912280701754387,13.0,114.0
2026-03-24 10:00:00,Barcelona-Sants,16.90714285714286,13.0,140.0
2026-03-24 10:15:00,Barcelona-Sants,17.154411764705884,13.0,136.0
2026-03-24 10:30:00,Barcelona-Sants,17.52906976744186,13.5,172.0
2026-03-24 10:45:00,Barcelona-Sants,17.46511627906977,13.0,86.0
2026-03-24 11:00:00,Barcelona-Sants,12.192307692307692,8.0,78.0
2026-03-24 11:15:00,Barcelona-Sants,11.758620689655173,8.0,116.0
2026-03-24 11:30:00,Barcelona-Sants,13.018867924528301,8.0,106.0
2026-03-24 11:45:00,Barcelona-Sants,11.731707317073171,8.0,82.0
2026-03-24 12:00:00,Barcelona-Sants,14.861538461538462,10.0,130.0
2026-03-24 12:15:00,Barcelona-Sants,14.176923076923076,10.0,130.0
2026-03-24 12:30:00,Barcelona-Sants,19.321428571428573,14.0,112.0
2026-03-24 12:45:00,Barcelona-Sants,19.46923076923077,15.0,130.0
2026-03-24 13:00:00,Barcelona-Sants,14.915254237288135,11.0,118.0
2026-03-24 13:15:00,Barcelona-Sants,22.255102040816325,23.0,98.0
2026-03-24 13:30:00,Barcelona-Sants,18.483333333333334,15.0,180.0
2026-03-24 13:45:00,Barcelona-Sants,18.08823529411765,12.5,34.0
2026-03-24 14:00:00,Barcelona-Sants,15.153846153846153,11.0,104.0
2026-03-24 14:15:00,Barcelona-Sants,18.37878787878788,16.5,66.0
2026-03-24 14:30:00,Barcelona-Sants,16.57894736842105,11.0,114.0
2026-03-24 14:45:00,Barcelona-Sants,14.767857142857142,11.0,56.0
2026-03-24 15:00:00,Barcelona-Sants,16.74590163934426,13.0,122.0
2026-03-24 15:15:00,Barcelona-Sants,19.205882352941178,18.0,68.0
2026-03-24 15:30:00,Barcelona-Sants,23.82608695652174,22.0,92.0
2026-03-24 15:45:00,Barcelona-Sants,22.825581395348838,22.0,86.0
2026-03-24 16:00:00,Barcelona-Sants,22.261363636363637,18.0,88.0
2026-03-24 16:15:00,Barcelona-Sants,23.238636363636363,18.0,88.0
2026-03-24 16:30:00,Barcelona-Sants,21.743243243243242,15.0,74.0
2026-03-24 16:45:00,Barcelona-Sants,21.346153846153847,20.0,130.0
2026-03-24 17:00:00,Barcelona-Sants,17.015625,14.0,64.0
2026-03-24 17:15:00,Barcelona-Sants,16.09,13.0,100.0
2026-03-24 17:30:00,Barcelona-Sants,19.666666666666668,21.0,102.0
2026-03-24 17:45:00,Barcelona-Sants,14.370967741935484,14.0,124.0
2026-03-24 18:00:00,Barcelona-Sants,14.512195121951219,12.5,82.0
2026-03-24 18:15:00,Barcelona-Sants,15.151162790697674,12.0,86.0
2026-03-24 18:30:00,Barcelona-Sants,17.559701492537314,12.0,134.0
2026-03-24 18:45:00,Barcelona-Sants,16.137254901960784,11.0,102.0
2026-03-24 19:00:00,Barcelona-Sants,17.92,9.0,100.0
2026-03-24 19:15:00,Barcelona-Sants,24.69,23.5,100.0
2026-03-24 19:30:00,Barcelona-Sants,25.44871794871795,23.5,78.0
2026-03-24 19:45:00,Barcelona-Sants,22.91780821917808,17.0,146.0
2026-03-24 20:00:00,Barcelona-Sants,25.72222222222222,25.0,108.0
2026-03-24 20:15:00,Barcelona-Sants,23.925,15.5,80.0
2026-03-24 20:30:00,Barcelona-Sants,25.844444444444445,22.5,90.0
2026-03-24 20:45:00,Barcelona-Sants,24.483870967741936,20.0,62.0
2026-03-24 21:00:00,Barcelona-Sants,21.897058823529413,16.0,68.0
2026-03-24 21:15:00,Barcelona-Sants,25.0,17.0,74.0
2026-03-24 21:30:00,Barcelona-Sants,20.58823529411765,15.0,68.0
2026-03-24 21:45:00,Barcelona-Sants,21.586206896551722,15.5,58.0
2026-03-24 22:00:00,Barcelona-Sants,18.855263157894736,14.0,76.0
2026-03-24 22:15:00,Barcelona-Sants,23.944444444444443,16.0,54.0
2026-03-24 22:30:00,Barcelona-Sants,23.428571428571427,16.0,42.0
2026-03-24 22:45:00,Barcelona-Sants,22.958333333333332,16.0,48.0
2026-03-24 23:00:00,Barcelona-Sants,24.07894736842105,20.0,38.0
2026-03-24 23:15:00,Barcelona-Sants,22.48,16.0,50.0
2026-03-24 23:30:00,Barcelona-Sants,29.666666666666668,40.0,24.0
2026-03-24 23:45:00,Barcelona-Sants,32.63636363636363,40.0,22.0
2026-03-25 00:00:00,Barcelona-Sants,,,
2026-03-25 00:15:00,Barcelona-Sants,,,
2026-03-25 00:30:00,Barcelona-Sants,,,
2026-03-25 00:45:00,Barcelona-Sants,,,
2026-03-25 01:00:00,Barcelona-Sants,,,
2026-03-25 01:15:00,Barcelona-Sants,,,
2026-03-25 01:30:00,Barcelona-Sants,,,
2026-03-25 01:45:00,Barcelona-Sants,,,
2026-03-25 02:00:00,Barcelona-Sants,,,
2026-03-25 02:15:00,Barcelona-Sants,,,
2026-03-25 02:30:00,Barcelona-Sants,,,
2026-03-25 02:45:00,Barcelona-Sants,,,
2026-03-25 03:00:00,Barcelona-Sants,14.0,14.0,3.0
2026-03-25 03:15:00,Barcelona-Sants,,,
2026-03-25 03:30:00,Barcelona-Sants,1.5,1.5,2.0
2026-03-25 03:45:00,Barcelona-Sants,,,
2026-03-25 04:00:00,Barcelona-Sants,4.428571428571429,2.0,7.0
2026-03-25 04:15:00,Barcelona-Sants,6.714285714285714,2.0,21.0
2026-03-25 04:30:00,Barcelona-Sants,4.166666666666667,5.5,12.0
2026-03-25 04:45:00,Barcelona-Sants,9.208333333333334,14.0,24.0
2026-03-25 05:00:00,Barcelona-Sants,8.23076923076923,3.0,26.0
2026-03-25 05:15:00,Barcelona-Sants,10.03896103896104,9.0,77.0
2026-03-25 05:30:00,Barcelona-Sants,9.305555555555555,5.0,72.0
2026-03-25 05:45:00,Barcelona-Sants,9.591549295774648,3.0,71.0
2026-03-25 06:00:00,Barcelona-Sants,11.040816326530612,6.0,98.0
2026-03-25 06:15:00,Barcelona-Sants,9.80722891566265,3.0,83.0
2026-03-25 06:30:00,Barcelona-Sants,8.77027027027027,3.0,74.0
2026-03-25 06:45:00,Barcelona-Sants,11.603174603174603,6.0,63.0
2026-03-25 07:00:00,Barcelona-Sants,14.202020202020202,15.0,99.0
2026-03-25 07:15:00,Barcelona-Sants,13.576923076923077,7.0,78.0
2026-03-25 07:30:00,Barcelona-Sants,17.112244897959183,18.0,98.0
2026-03-25 07:45:00,Barcelona-Sants,16.317073170731707,15.0,82.0
2026-03-25 08:00:00,Barcelona-Sants,17.24137931034483,23.0,58.0
2026-03-25 08:15:00,Barcelona-Sants,19.8,23.0,135.0
2026-03-25 08:30:00,Barcelona-Sants,20.20952380952381,23.0,105.0
2026-03-25 08:45:00,Barcelona-Sants,18.45,15.0,80.0
2026-03-25 09:00:00,Barcelona-Sants,18.46268656716418,15.0,67.0
2026-03-25 09:15:00,Barcelona-Sants,19.403508771929825,13.0,57.0
2026-03-25 09:30:00,Barcelona-Sants,18.140625,14.5,64.0
2026-03-25 09:45:00,Barcelona-Sants,18.78181818181818,12.0,55.0
2026-03-25 10:00:00,Barcelona-Sants,16.273972602739725,11.0,73.0
2026-03-25 10:15:00,Barcelona-Sants,16.342105263157894,13.0,38.0
2026-03-25 10:30:00,Barcelona-Sants,19.02173913043478,19.0,46.0
2026-03-25 10:45:00,Barcelona-Sants,9.0,5.0,45.0
2026-03-25 11:00:00,Barcelona-Sants,10.411764705882353,8.0,68.0
2026-03-25 11:15:00,Barcelona-Sants,11.24,5.0,50.0
2026-03-25 11:30:00,Barcelona-Sants,12.015625,9.0,64.0
2026-03-25 11:45:00,Barcelona-Sants,13.736842105263158,10.0,38.0
2026-03-25 12:00:00,Barcelona-Sants,16.596153846153847,16.0,52.0
2026-03-25 12:15:00,Barcelona-Sants,14.941176470588236,14.0,51.0
2026-03-25 12:30:00,Barcelona-Sants,15.972972972972974,14.0,37.0
2026-03-25 12:45:00,Barcelona-Sants,16.540983606557376,14.0,61.0
2026-03-25 13:00:00,Barcelona-Sants,16.06122448979592,15.0,49.0
2026-03-25 13:15:00,Barcelona-Sants,15.15,15.0,40.0
2026-03-25 13:30:00,Barcelona-Sants,17.36842105263158,15.0,76.0
2026-03-25 13:45:00,Barcelona-Sants,18.788732394366196,21.0,71.0
2026-03-25 14:00:00,Barcelona-Sants,16.27536231884058,14.0,69.0
2026-03-25 14:15:00,Barcelona-Sants,13.771428571428572,14.0,35.0
2026-03-25 14:30:00,Barcelona-Sants,16.635514018691588,15.0,107.0
2026-03-25 14:45:00,Barcelona-Sants,16.15277777777778,15.5,72.0
2026-03-25 15:00:00,Barcelona-Sants,20.22641509433962,22.0,53.0
2026-03-25 15:15:00,Barcelona-Sants,23.19607843137255,22.0,51.0
2026-03-25 15:30:00,Barcelona-Sants,19.2,18.0,45.0
2026-03-25 15:45:00,Barcelona-Sants,18.86842105263158,16.5,38.0
2026-03-25 16:00:00,Barcelona-Sants,22.46875,18.0,32.0
2026-03-25 16:15:00,Barcelona-Sants,27.58823529411765,28.0,34.0
2026-03-25 16:30:00,Barcelona-Sants,18.982456140350877,14.0,57.0
2026-03-25 16:45:00,Barcelona-Sants,20.116666666666667,15.0,60.0
2026-03-25 17:00:00,Barcelona-Sants,19.952380952380953,16.0,42.0
2026-03-25 17:15:00,Barcelona-Sants,20.07843137254902,17.0,51.0
2026-03-25 17:30:00,Barcelona-Sants,21.02127659574468,22.0,47.0
2026-03-25 17:45:00,Barcelona-Sants,16.125,15.0,48.0
2026-03-25 18:00:00,Barcelona-Sants,17.70886075949367,13.0,79.0
2026-03-25 18:15:00,Barcelona-Sants,20.808823529411764,22.0,68.0
2026-03-25 18:30:00,Barcelona-Sants,17.37037037037037,13.0,54.0
2026-03-25 18:45:00,Barcelona-Sants,13.266666666666667,7.0,15.0
2026-03-25 19:00:00,Barcelona-Sants,17.613636363636363,14.0,44.0
2026-03-25 19:15:00,Barcelona-Sants,16.055555555555557,13.0,54.0
2026-03-25 19:30:00,Barcelona-Sants,20.681818181818183,12.0,44.0
2026-03-25 19:45:00,Barcelona-Sants,21.5531914893617,22.0,47.0
2026-03-25 20:00:00,Barcelona-Sants,25.032258064516128,27.0,62.0
2026-03-25 20:15:00,Barcelona-Sants,22.196969696969695,21.0,66.0
2026-03-25 20:30:00,Barcelona-Sants,22.88888888888889,20.0,54.0
2026-03-25 20:45:00,Barcelona-Sants,18.859649122807017,17.0,57.0
2026-03-25 21:00:00,Barcelona-Sants,19.173076923076923,18.0,52.0
2026-03-25 21:15:00,Barcelona-Sants,16.685185185185187,14.5,54.0
2026-03-25 21:30:00,Barcelona-Sants,18.634146341463413,15.0,41.0
2026-03-25 21:45:00,Barcelona-Sants,19.90566037735849,15.0,53.0
2026-03-25 22:00:00,Barcelona-Sants,21.75609756097561,15.0,41.0
2026-03-25 22:15:00,Barcelona-Sants,19.20689655172414,14.0,29.0
2026-03-25 22:30:00,Barcelona-Sants,19.76,17.0,25.0
2026-03-25 22:45:00,Barcelona-Sants,16.87878787878788,14.0,33.0
2026-03-25 23:00:00,Barcelona-Sants,15.571428571428571,10.0,14.0
2026-03-25 23:15:00,Barcelona-Sants,16.0,8.0,6.0
2026-03-25 23:30:00,Barcelona-Sants,12.5,12.5,6.0
2026-03-25 23:45:00,Barcelona-Sants,4.333333333333333,2.0,3.0
2026-03-26 00:00:00,Barcelona-Sants,,,
2026-03-26 00:15:00,Barcelona-Sants,,,
2026-03-26 00:30:00,Barcelona-Sants,,,
2026-03-26 00:45:00,Barcelona-Sants,,,
2026-03-26 01:00:00,Barcelona-Sants,,,
2026-03-26 01:15:00,Barcelona-Sants,,,
2026-03-26 01:30:00,Barcelona-Sants,,,
2026-03-26 01:45:00,Barcelona-Sants,,,
2026-03-26 02:00:00,Barcelona-Sants,,,
2026-03-26 02:15:00,Barcelona-Sants,,,
2026-03-26 02:30:00,Barcelona-Sants,,,
2026-03-26 02:45:00,Barcelona-Sants,19.0,19.0,2.0
2026-03-26 03:00:00,Barcelona-Sants,,,
2026-03-26 03:15:00,Barcelona-Sants,,,
2026-03-26 03:30:00,Barcelona-Sants,11.833333333333334,6.5,12.0
2026-03-26 03:45:00,Barcelona-Sants,8.25,10.5,4.0
2026-03-26 04:00:00,Barcelona-Sants,22.916666666666668,24.0,12.0
2026-03-26 04:15:00,Barcelona-Sants,15.1875,10.5,16.0
2026-03-26 04:30:00,Barcelona-Sants,11.066666666666666,7.0,30.0
2026-03-26 04:45:00,Barcelona-Sants,12.363636363636363,11.5,66.0
2026-03-26 05:00:00,Barcelona-Sants,11.078947368421053,7.5,76.0
2026-03-26 05:15:00,Barcelona-Sants,14.607142857142858,11.0,112.0
2026-03-26 05:30:00,Barcelona-Sants,15.594936708860759,12.0,158.0
2026-03-26 05:45:00,Barcelona-Sants,13.094827586206897,11.0,116.0
2026-03-26 06:00:00,Barcelona-Sants,17.893617021276597,17.0,188.0
2026-03-26 06:15:00,Barcelona-Sants,13.273584905660377,8.0,106.0
2026-03-26 06:30:00,Barcelona-Sants,17.10126582278481,17.0,158.0
2026-03-26 06:45:00,Barcelona-Sants,19.853932584269664,22.0,178.0
2026-03-26 07:00:00,Barcelona-Sants,20.668539325842698,24.0,178.0
2026-03-26 07:15:00,Barcelona-Sants,20.52482269503546,22.0,282.0
2026-03-26 07:30:00,Barcelona-Sants,20.482608695652175,22.0,230.0
2026-03-26 07:45:00,Barcelona-Sants,22.874015748031496,24.0,254.0
2026-03-26 08:00:00,Barcelona-Sants,22.5,24.0,148.0
2026-03-26 08:15:00,Barcelona-Sants,22.298387096774192,21.0,124.0
2026-03-26 08:30:00,Barcelona-Sants,24.571428571428573,24.0,182.0
2026-03-26 08:45:00,Barcelona-Sants,25.66417910447761,27.0,134.0
2026-03-26 09:00:00,Barcelona-Sants,22.698863636363637,21.0,176.0
2026-03-26 09:15:00,Barcelona-Sants,20.075757575757574,16.5,132.0
2026-03-26 09:30:00,Barcelona-Sants,18.616071428571427,14.0,112.0
2026-03-26 09:45:00,Barcelona-Sants,22.480392156862745,16.0,102.0
2026-03-26 10:00:00,Barcelona-Sants,19.414634146341463,16.0,82.0
2026-03-26 10:15:00,Barcelona-Sants,20.607142857142858,19.5,112.0
2026-03-26 10:30:00,Barcelona-Sants,24.692307692307693,25.0,78.0
2026-03-26 10:45:00,Barcelona-Sants,23.358695652173914,21.5,92.0
2026-03-26 11:00:00,Barcelona-Sants,21.07777777777778,19.5,90.0
2026-03-26 11:15:00,Barcelona-Sants,24.48913043478261,22.5,92.0
2026-03-26 11:30:00,Barcelona-Sants,28.733333333333334,27.0,120.0
2026-03-26 11:45:00,Barcelona-Sants,21.3125,19.0,80.0
2026-03-26 12:00:00,Barcelona-Sants,19.51923076923077,14.5,156.0
2026-03-26 12:15:00,Barcelona-Sants,20.107142857142858,14.0,140.0
2026-03-26 12:30:00,Barcelona-Sants,19.91111111111111,13.0,90.0
2026-03-26 12:45:00,Barcelona-Sants,22.653061224489797,20.5,98.0
2026-03-26 13:00:00,Barcelona-Sants,20.71794871794872,15.0,78.0
2026-03-26 13:15:00,Barcelona-Sants,18.558823529411764,12.5,102.0
2026-03-26 13:30:00,Barcelona-Sants,21.29268292682927,15.0,164.0
2026-03-26 13:45:00,Barcelona-Sants,21.727272727272727,19.0,110.0
2026-03-26 14:00:00,Barcelona-Sants,19.0,13.0,72.0
2026-03-26 14:15:00,Barcelona-Sants,22.363636363636363,21.0,88.0
2026-03-26 14:30:00,Barcelona-Sants,23.075757575757574,21.5,132.0
2026-03-26 14:45:00,Barcelona-Sants,21.821428571428573,20.0,112.0
2026-03-26 15:00:00,Barcelona-Sants,21.462962962962962,15.0,108.0
2026-03-26 15:15:00,Barcelona-Sants,20.605263157894736,15.0,76.0
2026-03-26 15:30:00,Barcelona-Sants,18.37272727272727,15.0,110.0
2026-03-26 15:45:00,Barcelona-Sants,19.96511627906977,17.0,86.0
2026-03-26 16:00:00,Barcelona-Sants,20.28301886792453,18.0,106.0
2026-03-26 16:15:00,Barcelona-Sants,21.56,18.0,100.0
2026-03-26 16:30:00,Barcelona-Sants,16.329113924050635,12.0,158.0
2026-03-26 16:45:00,Barcelona-Sants,16.966666666666665,15.0,150.0
2026-03-26 17:00:00,Barcelona-Sants,18.37,17.0,100.0
2026-03-26 17:15:00,Barcelona-Sants,17.543478260869566,13.0,92.0
2026-03-26 17:30:00,Barcelona-Sants,15.439024390243903,13.0,82.0
2026-03-26 17:45:00,Barcelona-Sants,17.982758620689655,13.0,174.0
2026-03-26 18:00:00,Barcelona-Sants,14.076923076923077,11.0,78.0
2026-03-26 18:15:00,Barcelona-Sants,25.347826086956523,18.0,138.0
2026-03-26 18:30:00,Barcelona-Sants,16.115384615384617,16.0,78.0
2026-03-26 18:45:00,Barcelona-Sants,22.055555555555557,13.0,126.0
2026-03-26 19:00:00,Barcelona-Sants,20.225,12.5,80.0
2026-03-26 19:15:00,Barcelona-Sants,21.52127659574468,13.0,94.0
2026-03-26 19:30:00,Barcelona-Sants,30.322033898305083,19.5,118.0
2026-03-26 19:45:00,Barcelona-Sants,29.594594594594593,17.0,74.0
2026-03-26 20:00:00,Barcelona-Sants,29.902985074626866,18.0,134.0
2026-03-26 20:15:00,Barcelona-Sants,31.46268656716418,19.0,134.0
2026-03-26 20:30:00,Barcelona-Sants,40.020833333333336,25.5,96.0
2026-03-26 20:45:00,Barcelona-Sants,35.88636363636363,23.0,88.0
2026-03-26 21:00:00,Barcelona-Sants,34.0,23.0,96.0
2026-03-26 21:15:00,Barcelona-Sants,29.833333333333332,24.0,78.0
2026-03-26 21:30:00,Barcelona-Sants,30.080645161290324,23.5,62.0
2026-03-26 21:45:00,Barcelona-Sants,19.078125,18.0,64.0
2026-03-26 22:00:00,Barcelona-Sants,22.242857142857144,16.5,70.0
2026-03-26 22:15:00,Barcelona-Sants,23.930555555555557,17.5,72.0
2026-03-26 22:30:00,Barcelona-Sants,16.214285714285715,16.0,98.0
2026-03-26 22:45:00,Barcelona-Sants,11.875,11.0,64.0
2026-03-26 23:00:00,Barcelona-Sants,3.7142857142857144,3.0,28.0
2026-03-26 23:15:00,Barcelona-Sants,14.916666666666666,17.5,24.0
2026-03-26 23:30:00,Barcelona-Sants,29.5,43.0,10.0
2026-03-26 23:45:00,Barcelona-Sants,17.27777777777778,16.0,18.0
2026-03-27 00:00:00,Barcelona-Sants,,,
2026-03-27 00:15:00,Barcelona-Sants,,,
2026-03-27 00:30:00,Barcelona-Sants,,,
2026-03-27 00:45:00,Barcelona-Sants,,,
2026-03-27 01:00:00,Barcelona-Sants,,,
2026-03-27 01:15:00,Barcelona-Sants,,,
2026-03-27 01:30:00,Barcelona-Sants,,,
2026-03-27 01:45:00,Barcelona-Sants,,,
2026-03-27 02:00:00,Barcelona-Sants,,,
2026-03-27 02:15:00,Barcelona-Sants,,,
2026-03-27 02:30:00,Barcelona-Sants,,,
2026-03-27 02:45:00,Barcelona-Sants,,,
2026-03-27 03:00:00,Barcelona-Sants,,,
2026-03-27 03:15:00,Barcelona-Sants,9.333333333333334,6.0,6.0
2026-03-27 03:30:00,Barcelona-Sants,17.666666666666668,21.0,6.0
2026-03-27 03:45:00,Barcelona-Sants,11.352941176470589,8.0,17.0
2026-03-27 04:00:00,Barcelona-Sants,11.307692307692308,8.0,26.0
2026-03-27 04:15:00,Barcelona-Sants,12.941176470588236,11.0,17.0
2026-03-27 04:30:00,Barcelona-Sants,13.272727272727273,9.5,22.0
2026-03-27 04:45:00,Barcelona-Sants,15.842105263157896,22.0,19.0
2026-03-27 05:00:00,Barcelona-Sants,11.45,8.0,80.0
2026-03-27 05:15:00,Barcelona-Sants,13.24074074074074,11.0,54.0
2026-03-27 05:30:00,Barcelona-Sants,13.588709677419354,11.0,124.0
2026-03-27 05:45:00,Barcelona-Sants,13.357142857142858,11.0,84.0
2026-03-27 06:00:00,Barcelona-Sants,13.156626506024097,11.0,83.0
2026-03-27 06:15:00,Barcelona-Sants,12.2,9.5,120.0
2026-03-27 06:30:00,Barcelona-Sants,14.106060606060606,8.0,132.0
2026-03-27 06:45:00,Barcelona-Sants,13.824175824175825,9.0,91.0
2026-03-27 07:00:00,Barcelona-Sants,15.68695652173913,16.0,115.0
2026-03-27 07:15:00,Barcelona-Sants,16.69158878504673,18.0,107.0
2026-03-27 07:30:00,Barcelona-Sants,18.70967741935484,22.0,124.0
2026-03-27 07:45:00,Barcelona-Sants,18.831521739130434,19.0,184.0
2026-03-27 08:00:00,Barcelona-Sants,19.38095238095238,17.0,126.0
2026-03-27 08:15:00,Barcelona-Sants,19.848484848484848,17.0,99.0
2026-03-27 08:30:00,Barcelona-Sants,19.0188679245283,17.0,159.0
2026-03-27 08:45:00,Barcelona-Sants,22.227272727272727,17.5,88.0
2026-03-27 09:00:00,Barcelona-Sants,26.448275862068964,23.0,116.0
2026-03-27 09:15:00,Barcelona-Sants,20.569620253164558,21.0,79.0
2026-03-27 09:30:00,Barcelona-Sants,20.686046511627907,14.5,86.0
2026-03-27 09:45:00,Barcelona-Sants,21.9010989010989,18.0,91.0
2026-03-27 10:00:00,Barcelona-Sants,24.142857142857142,22.5,70.0
2026-03-27 10:15:00,Barcelona-Sants,24.58974358974359,25.0,78.0
2026-03-27 10:30:00,Barcelona-Sants,25.97142857142857,23.0,70.0
2026-03-27 10:45:00,Barcelona-Sants,19.662650602409638,14.0,83.0
2026-03-27 11:00:00,Barcelona-Sants,24.061728395061728,15.0,81.0
2026-03-27 11:15:00,Barcelona-Sants,22.964285714285715,14.0,56.0
2026-03-27 11:30:00,Barcelona-Sants,29.96590909090909,32.5,88.0
2026-03-27 11:45:00,Barcelona-Sants,20.74576271186441,10.0,59.0
2026-03-27 12:00:00,Barcelona-Sants,33.38356164383562,37.0,73.0
2026-03-27 12:15:00,Barcelona-Sants,24.604166666666668,18.0,96.0
2026-03-27 12:30:00,Barcelona-Sants,21.96511627906977,15.0,86.0
2026-03-27 12:45:00,Barcelona-Sants,23.1010101010101,13.0,99.0
2026-03-27 13:00:00,Barcelona-Sants,28.11392405063291,21.0,79.0
2026-03-27 13:15:00,Barcelona-Sants,24.982456140350877,12.0,57.0
2026-03-27 13:30:00,Barcelona-Sants,28.744444444444444,18.5,90.0
2026-03-27 13:45:00,Barcelona-Sants,30.634146341463413,21.0,41.0
2026-03-27 14:00:00,Barcelona-Sants,25.15068493150685,18.0,73.0
2026-03-27 14:15:00,Barcelona-Sants,21.795454545454547,11.0,44.0
2026-03-27 14:30:00,Barcelona-Sants,22.08974358974359,12.0,78.0
2026-03-27 14:45:00,Barcelona-Sants,27.18032786885246,18.0,61.0
2026-03-27 15:00:00,Barcelona-Sants,19.56578947368421,12.0,76.0
2026-03-27 15:15:00,Barcelona-Sants,20.607843137254903,12.0,51.0
2026-03-27 15:30:00,Barcelona-Sants,25.307692307692307,20.0,52.0
2026-03-27 15:45:00,Barcelona-Sants,25.676470588235293,26.0,68.0
2026-03-27 16:00:00,Barcelona-Sants,20.952380952380953,18.0,105.0
2026-03-27 16:15:00,Barcelona-Sants,16.0,9.0,25.0
2026-03-27 16:30:00,Barcelona-Sants,16.528985507246375,11.5,138.0
2026-03-27 16:45:00,Barcelona-Sants,22.821428571428573,18.0,84.0
2026-03-27 17:00:00,Barcelona-Sants,16.15,12.0,40.0
2026-03-27 17:15:00,Barcelona-Sants,22.0,13.0,39.0
2026-03-27 17:30:00,Barcelona-Sants,16.752688172043012,11.0,93.0
2026-03-27 17:45:00,Barcelona-Sants,14.442307692307692,10.5,52.0
2026-03-27 18:00:00,Barcelona-Sants,28.466666666666665,11.0,60.0
2026-03-27 18:15:00,Barcelona-Sants,25.61038961038961,13.0,77.0
2026-03-27 18:30:00,Barcelona-Sants,30.454545454545453,13.0,88.0
2026-03-27 18:45:00,Barcelona-Sants,26.64516129032258,13.0,62.0
2026-03-27 19:00:00,Barcelona-Sants,19.6,13.0,60.0
2026-03-27 19:15:00,Barcelona-Sants,38.8974358974359,18.0,78.0
2026-03-27 19:30:00,Barcelona-Sants,36.204081632653065,15.0,49.0
2026-03-27 19:45:00,Barcelona-Sants,39.43564356435643,24.0,101.0
2026-03-27 20:00:00,Barcelona-Sants,46.44705882352941,31.0,85.0
2026-03-27 20:15:00,Barcelona-Sants,39.839080459770116,23.0,87.0
2026-03-27 20:30:00,Barcelona-Sants,51.56363636363636,26.0,55.0
2026-03-27 20:45:00,Barcelona-Sants,56.5625,35.0,48.0
2026-03-27 21:00:00,Barcelona-Sants,36.092592592592595,26.0,54.0
2026-03-27 21:15:00,Barcelona-Sants,27.224489795918366,25.0,49.0
2026-03-27 21:30:00,Barcelona-Sants,29.293333333333333,25.0,75.0
2026-03-27 21:45:00,Barcelona-Sants,31.64516129032258,31.0,31.0
2026-03-27 22:00:00,Barcelona-Sants,29.264705882352942,21.5,34.0
2026-03-27 22:15:00,Barcelona-Sants,40.82142857142857,42.5,28.0
2026-03-27 22:30:00,Barcelona-Sants,50.027027027027025,43.0,37.0
2026-03-27 22:45:00,Barcelona-Sants,36.0,42.0,38.0
2026-03-27 23:00:00,Barcelona-Sants,44.05555555555556,47.5,18.0
2026-03-27 23:15:00,Barcelona-Sants,41.76923076923077,43.0,13.0
2026-03-27 23:30:00,Barcelona-Sants,23.833333333333332,28.5,6.0
2026-03-27 23:45:00,Barcelona-Sants,1.3333333333333333,2.0,3.0
2026-03-28 00:00:00,Barcelona-Sants,,,
2026-03-28 00:15:00,Barcelona-Sants,,,
2026-03-28 00:30:00,Barcelona-Sants,,,
2026-03-28 00:45:00,Barcelona-Sants,,,
2026-03-28 01:00:00,Barcelona-Sants,,,
2026-03-28 01:15:00,Barcelona-Sants,,,
2026-03-28 01:30:00,Barcelona-Sants,,,
2026-03-28 01:45:00,Barcelona-Sants,,,
2026-03-28 02:00:00,Barcelona-Sants,,,
2026-03-28 02:15:00,Barcelona-Sants,,,
2026-03-28 02:30:00,Barcelona-Sants,,,
2026-03-28 02:45:00,Barcelona-Sants,,,
2026-03-28 03:00:00,Barcelona-Sants,5.5,5.5,2.0
2026-03-28 03:15:00,Barcelona-Sants,,,
2026-03-28 03:30:00,Barcelona-Sants,7.5,5.5,4.0
2026-03-28 03:45:00,Barcelona-Sants,5.666666666666667,5.0,6.0
2026-03-28 04:00:00,Barcelona-Sants,9.916666666666666,7.5,12.0
2026-03-28 04:15:00,Barcelona-Sants,5.5,5.5,2.0
2026-03-28 04:30:00,Barcelona-Sants,11.0,7.5,24.0
2026-03-28 04:45:00,Barcelona-Sants,10.84375,7.5,64.0
2026-03-28 05:00:00,Barcelona-Sants,8.833333333333334,5.0,60.0
2026-03-28 05:15:00,Barcelona-Sants,8.680555555555555,5.0,72.0
2026-03-28 05:30:00,Barcelona-Sants,5.862068965517241,5.0,58.0
2026-03-28 05:45:00,Barcelona-Sants,9.3875,7.0,80.0
2026-03-28 06:00:00,Barcelona-Sants,9.517241379310345,7.0,58.0
2026-03-28 06:15:00,Barcelona-Sants,10.333333333333334,8.0,54.0
2026-03-28 06:30:00,Barcelona-Sants,15.2,15.0,160.0
2026-03-28 06:45:00,Barcelona-Sants,16.42,15.0,150.0
2026-03-28 07:00:00,Barcelona-Sants,13.814285714285715,14.0,140.0
2026-03-28 07:15:00,Barcelona-Sants,16.109756097560975,15.0,164.0
2026-03-28 07:30:00,Barcelona-Sants,16.387096774193548,15.0,124.0
2026-03-28 07:45:00,Barcelona-Sants,14.714285714285714,12.0,98.0
2026-03-28 08:00:00,Barcelona-Sants,16.45054945054945,14.0,182.0
2026-03-28 08:15:00,Barcelona-Sants,17.48148148148148,14.0,162.0
2026-03-28 08:30:00,Barcelona-Sants,18.257575757575758,17.0,132.0
2026-03-28 08:45:00,Barcelona-Sants,19.132075471698112,19.0,106.0
2026-03-28 09:00:00,Barcelona-Sants,16.729166666666668,12.0,96.0
2026-03-28 09:15:00,Barcelona-Sants,18.34090909090909,14.5,132.0
2026-03-28 09:30:00,Barcelona-Sants,16.185185185185187,12.0,108.0
2026-03-28 09:45:00,Barcelona-Sants,23.402985074626866,20.5,134.0
2026-03-28 10:00:00,Barcelona-Sants,20.633333333333333,16.0,150.0
2026-03-28 10:15:00,Barcelona-Sants,22.850746268656717,23.5,134.0
2026-03-28 10:30:00,Barcelona-Sants,19.35593220338983,17.0,118.0
2026-03-28 10:45:00,Barcelona-Sants,19.91860465116279,16.0,86.0
2026-03-28 11:00:00,Barcelona-Sants,18.622340425531913,16.0,188.0
2026-03-28 11:15:00,Barcelona-Sants,18.663265306122447,12.0,98.0
2026-03-28 11:30:00,Barcelona-Sants,20.95945945945946,11.0,74.0
2026-03-28 11:45:00,Barcelona-Sants,15.619047619047619,9.5,126.0
2026-03-28 12:00:00,Barcelona-Sants,19.943181818181817,10.5,88.0
2026-03-28 12:15:00,Barcelona-Sants,15.196428571428571,8.5,56.0
2026-03-28 12:30:00,Barcelona-Sants,21.166666666666668,17.0,60.0
2026-03-28 12:45:00,Barcelona-Sants,17.643835616438356,10.5,146.0
2026-03-28 13:00:00,Barcelona-Sants,28.410714285714285,33.0,112.0
2026-03-28 13:15:00,Barcelona-Sants,20.86842105263158,14.0,76.0
2026-03-28 13:30:00,Barcelona-Sants,23.627118644067796,19.5,118.0
2026-03-28 13:45:00,Barcelona-Sants,19.2125,11.0,160.0
2026-03-28 14:00:00,Barcelona-Sants,21.982142857142858,14.0,112.0
2026-03-28 14:15:00,Barcelona-Sants,23.738636363636363,18.0,88.0
2026-03-28 14:30:00,Barcelona-Sants,23.26595744680851,15.0,94.0
2026-03-28 14:45:00,Barcelona-Sants,17.90972222222222,11.5,144.0
2026-03-28 15:00:00,Barcelona-Sants,22.425373134328357,18.0,134.0
2026-03-28 15:15:00,Barcelona-Sants,20.278846153846153,12.0,104.0
2026-03-28 15:30:00,Barcelona-Sants,21.23846153846154,18.0,130.0
2026-03-28 15:45:00,Barcelona-Sants,20.47872340425532,12.0,94.0
2026-03-28 16:00:00,Barcelona-Sants,20.641304347826086,12.0,92.0
2026-03-28 16:15:00,Barcelona-Sants,22.214285714285715,17.0,70.0
2026-03-28 16:30:00,Barcelona-Sants,20.805263157894736,17.0,190.0
2026-03-28 16:45:00,Barcelona-Sants,19.445205479452056,13.0,146.0
2026-03-28 17:00:00,Barcelona-Sants,23.051724137931036,17.0,116.0
2026-03-28 17:15:00,Barcelona-Sants,23.05263157894737,19.0,114.0
2026-03-28 17:30:00,Barcelona-Sants,19.089285714285715,16.0,168.0
2026-03-28 17:45:00,Barcelona-Sants,19.792134831460675,16.0,178.0
2026-03-28 18:00:00,Barcelona-Sants,19.885714285714286,16.0,140.0
2026-03-28 18:15:00,Barcelona-Sants,17.38235294117647,11.5,102.0
2026-03-28 18:30:00,Barcelona-Sants,19.38,16.0,100.0
2026-03-28 18:45:00,Barcelona-Sants,25.627659574468087,21.0,94.0
2026-03-28 19:00:00,Barcelona-Sants,22.92517006802721,19.0,147.0
2026-03-28 19:15:00,Barcelona-Sants,17.517241379310345,13.0,145.0
2026-03-28 19:30:00,Barcelona-Sants,20.01851851851852,14.0,108.0
2026-03-28 19:45:00,Barcelona-Sants,25.007462686567163,19.0,134.0
2026-03-28 20:00:00,Barcelona-Sants,21.753424657534246,15.0,73.0
2026-03-28 20:15:00,Barcelona-Sants,18.774509803921568,13.0,102.0
2026-03-28 20:30:00,Barcelona-Sants,16.759493670886076,11.0,79.0
2026-03-28 20:45:00,Barcelona-Sants,21.452173913043477,19.0,115.0
2026-03-28 21:00:00,Barcelona-Sants,18.458333333333332,13.0,72.0
2026-03-28 21:15:00,Barcelona-Sants,17.33695652173913,10.5,92.0
2026-03-28 21:30:00,Barcelona-Sants,17.041666666666668,11.0,72.0
2026-03-28 21:45:00,Barcelona-Sants,22.404255319148938,16.5,94.0
2026-03-28 22:00:00,Barcelona-Sants,13.583333333333334,9.0,48.0
2026-03-28 22:15:00,Barcelona-Sants,19.193548387096776,10.0,62.0
2026-03-28 22:30:00,Barcelona-Sants,26.15909090909091,15.0,44.0
2026-03-28 22:45:00,Barcelona-Sants,15.538461538461538,6.0,52.0
2026-03-28 23:00:00,Barcelona-Sants,18.805555555555557,6.0,36.0
2026-03-28 23:15:00,Barcelona-Sants,18.476190476190474,8.0,42.0
2026-03-28 23:30:00,Barcelona-Sants,21.555555555555557,10.5,18.0
2026-03-28 23:45:00,Barcelona-Sants,0.5,0.5,6.0
2026-03-29 00:00:00,Barcelona-Sants,,,
2026-03-29 00:15:00,Barcelona-Sants,,,
2026-03-29 00:30:00,Barcelona-Sants,,,
2026-03-29 00:45:00,Barcelona-Sants,,,
2026-03-29 01:00:00,Barcelona-Sants,,,
2026-03-29 01:15:00,Barcelona-Sants,,,
2026-03-29 01:30:00,Barcelona-Sants,,,
2026-03-29 01:45:00,Barcelona-Sants,,,
2026-03-29 02:00:00,Barcelona-Sants,,,
2026-03-29 02:15:00,Barcelona-Sants,,,
2026-03-29 02:30:00,Barcelona-Sants,,,
2026-03-29 02:45:00,Barcelona-Sants,,,
2026-03-29 03:00:00,Barcelona-Sants,,,
2026-03-29 03:15:00,Barcelona-Sants,,,
2026-03-29 03:30:00,Barcelona-Sants,,,
2026-03-29 03:45:00,Barcelona-Sants,,,
2026-03-29 04:00:00,Barcelona-Sants,5.375,1.0,8.0
2026-03-29 04:15:00,Barcelona-Sants,9.894736842105264,9.0,19.0
2026-03-29 04:30:00,Barcelona-Sants,6.35,4.0,20.0
2026-03-29 04:45:00,Barcelona-Sants,10.25,8.0,28.0
2026-03-29 05:00:00,Barcelona-Sants,5.485714285714286,4.0,35.0
2026-03-29 05:15:00,Barcelona-Sants,7.542857142857143,4.0,35.0
2026-03-29 05:30:00,Barcelona-Sants,8.694444444444445,6.0,36.0
2026-03-29 05:45:00,Barcelona-Sants,9.761194029850746,8.0,67.0
2026-03-29 06:00:00,Barcelona-Sants,14.25,11.0,60.0
2026-03-29 06:15:00,Barcelona-Sants,11.917808219178083,11.0,73.0
2026-03-29 06:30:00,Barcelona-Sants,11.492537313432836,8.0,67.0
2026-03-29 06:45:00,Barcelona-Sants,11.132530120481928,8.0,83.0
2026-03-29 07:00:00,Barcelona-Sants,12.070422535211268,8.0,71.0
2026-03-29 07:15:00,Barcelona-Sants,12.088235294117647,7.0,102.0
2026-03-29 07:30:00,Barcelona-Sants,13.288461538461538,9.0,52.0
2026-03-29 07:45:00,Barcelona-Sants,15.4375,13.0,64.0
2026-03-29 08:00:00,Barcelona-Sants,11.584269662921349,6.0,89.0
2026-03-29 08:15:00,Barcelona-Sants,14.36986301369863,6.0,73.0
2026-03-29 08:30:00,Barcelona-Sants,17.194805194805195,10.0,77.0
2026-03-29 08:45:00,Barcelona-Sants,20.60377358490566,16.0,106.0
2026-03-29 09:00:00,Barcelona-Sants,15.057142857142857,10.0,70.0
2026-03-29 09:15:00,Barcelona-Sants,13.53968253968254,8.0,63.0
2026-03-29 09:30:00,Barcelona-Sants,10.195402298850574,8.0,87.0
2026-03-29 09:45:00,Barcelona-Sants,13.027397260273972,10.0,73.0
2026-03-29 10:00:00,Barcelona-Sants,16.868852459016395,13.0,61.0
2026-03-29 10:15:00,Barcelona-Sants,17.01086956521739,11.0,92.0
2026-03-29 10:30:00,Barcelona-Sants,12.833333333333334,7.5,66.0
2026-03-29 10:45:00,Barcelona-Sants,12.973451327433628,7.0,113.0
2026-03-29 11:00:00,Barcelona-Sants,15.694444444444445,11.0,72.0
2026-03-29 11:15:00,Barcelona-Sants,14.166666666666666,10.0,48.0
2026-03-29 11:30:00,Barcelona-Sants,13.708860759493671,8.0,79.0
2026-03-29 11:45:00,Barcelona-Sants,14.601851851851851,9.5,108.0
2026-03-29 12:00:00,Barcelona-Sants,17.84,11.0,50.0
2026-03-29 12:15:00,Barcelona-Sants,19.930232558139537,12.5,86.0
2026-03-29 12:30:00,Barcelona-Sants,19.986301369863014,19.0,73.0
2026-03-29 12:45:00,Barcelona-Sants,19.041666666666668,18.5,120.0
2026-03-29 13:00:00,Barcelona-Sants,16.763157894736842,13.0,76.0
2026-03-29 13:15:00,Barcelona-Sants,15.96923076923077,13.0,65.0
2026-03-29 13:30:00,Barcelona-Sants,15.146341463414634,16.5,82.0
2026-03-29 13:45:00,Barcelona-Sants,13.869565217391305,12.0,69.0
2026-03-29 14:00:00,Barcelona-Sants,15.357142857142858,12.0,84.0
2026-03-29 14:15:00,Barcelona-Sants,14.213793103448277,12.0,145.0
2026-03-29 14:30:00,Barcelona-Sants,16.177419354838708,11.0,62.0
2026-03-29 14:45:00,Barcelona-Sants,18.794117647058822,17.0,102.0
2026-03-29 15:00:00,Barcelona-Sants,17.797101449275363,17.0,69.0
2026-03-29 15:15:00,Barcelona-Sants,17.475,17.0,80.0
2026-03-29 15:30:00,Barcelona-Sants,15.936842105263159,17.0,95.0
2026-03-29 15:45:00,Barcelona-Sants,11.780701754385966,8.0,114.0
2026-03-29 16:00:00,Barcelona-Sants,15.36111111111111,14.0,108.0
2026-03-29 16:15:00,Barcelona-Sants,13.553571428571429,11.5,56.0
2026-03-29 16:30:00,Barcelona-Sants,12.710280373831775,11.0,107.0
2026-03-29 16:45:00,Barcelona-Sants,11.0125,11.0,80.0
2026-03-29 17:00:00,Barcelona-Sants,12.380952380952381,10.0,63.0
2026-03-29 17:15:00,Barcelona-Sants,14.355263157894736,11.0,76.0
2026-03-29 17:30:00,Barcelona-Sants,12.80952380952381,10.0,63.0
2026-03-29 17:45:00,Barcelona-Sants,12.816901408450704,10.0,71.0
2026-03-29 18:00:00,Barcelona-Sants,17.28,19.0,75.0
2026-03-29 18:15:00,Barcelona-Sants,16.344827586206897,14.0,58.0
2026-03-29 18:30:00,Barcelona-Sants,14.258620689655173,11.0,58.0
2026-03-29 18:45:00,Barcelona-Sants,17.802816901408452,19.0,71.0
2026-03-29 19:00:00,Barcelona-Sants,13.962962962962964,11.0,54.0
2026-03-29 19:15:00,Barcelona-Sants,16.25862068965517,12.0,58.0
2026-03-29 19:30:00,Barcelona-Sants,18.46153846153846,19.0,52.0
2026-03-29 19:45:00,Barcelona-Sants,16.662650602409638,15.0,83.0
2026-03-29 20:00:00,Barcelona-Sants,18.98507462686567,19.0,67.0
2026-03-29 20:15:00,Barcelona-Sants,15.42,13.0,50.0
2026-03-29 20:30:00,Barcelona-Sants,17.0,15.0,43.0
2026-03-29 20:45:00,Barcelona-Sants,19.341463414634145,19.0,41.0
2026-03-29 21:00:00,Barcelona-Sants,18.46153846153846,18.0,52.0
2026-03-29 21:15:00,Barcelona-Sants,18.558139534883722,9.0,43.0
2026-03-29 21:30:00,Barcelona-Sants,15.2,9.0,45.0
2026-03-29 21:45:00,Barcelona-Sants,13.229166666666666,9.5,48.0
2026-03-29 22:00:00,Barcelona-Sants,18.75862068965517,18.0,29.0
2026-03-29 22:15:00,Barcelona-Sants,10.767441860465116,7.0,43.0
2026-03-29 22:30:00,Barcelona-Sants,10.914285714285715,4.0,35.0
2026-03-29 22:45:00,Barcelona-Sants,9.318181818181818,2.0,22.0
2026-03-29 23:00:00,Barcelona-Sants,5.066666666666666,1.0,15.0
2026-03-29 23:15:00,Barcelona-Sants,3.0,1.0,8.0
2026-03-29 23:30:00,Barcelona-Sants,5.0,5.5,4.0
2026-03-29 23:45:00,Barcelona-Sants,-1.8,-1.0,5.0
2026-03-30 00:00:00,Barcelona-Sants,,,
2026-03-30 00:15:00,Barcelona-Sants,,,
2026-03-30 00:30:00,Barcelona-Sants,,,
2026-03-30 00:45:00,Barcelona-Sants,,,
2026-03-30 01:00:00,Barcelona-Sants,,,
2026-03-30 01:15:00,Barcelona-Sants,,,
2026-03-30 01:30:00,Barcelona-Sants,,,
2026-03-30 01:45:00,Barcelona-Sants,,,
2026-03-30 02:00:00,Barcelona-Sants,,,
2026-03-30 02:15:00,Barcelona-Sants,,,
2026-03-30 02:30:00,Barcelona-Sants,,,
2026-03-30 02:45:00,Barcelona-Sants,1.0,1.0,1.0
2026-03-30 03:00:00,Barcelona-Sants,9.0,9.0,1.0
2026-03-30 03:15:00,Barcelona-Sants,1.0,1.0,1.0
2026-03-30 03:30:00,Barcelona-Sants,4.0,1.0,5.0
2026-03-30 03:45:00,Barcelona-Sants,13.6,14.0,5.0
2026-03-30 04:00:00,Barcelona-Sants,6.888888888888889,7.0,18.0
2026-03-30 04:15:00,Barcelona-Sants,9.5,9.0,6.0
2026-03-30 04:30:00,Barcelona-Sants,9.27027027027027,9.0,37.0
2026-03-30 04:45:00,Barcelona-Sants,11.038461538461538,9.0,52.0
2026-03-30 05:00:00,Barcelona-Sants,6.896551724137931,9.0,29.0
2026-03-30 05:15:00,Barcelona-Sants,28.632911392405063,9.0,79.0
2026-03-30 05:30:00,Barcelona-Sants,24.104761904761904,9.0,105.0
2026-03-30 05:45:00,Barcelona-Sants,22.517857142857142,9.0,112.0
2026-03-30 06:00:00,Barcelona-Sants,18.439560439560438,9.0,91.0
2026-03-30 06:15:00,Barcelona-Sants,15.753968253968255,10.0,126.0
2026-03-30 06:30:00,Barcelona-Sants,34.33846153846154,11.0,130.0
2026-03-30 06:45:00,Barcelona-Sants,23.2578125,11.0,128.0
2026-03-30 07:00:00,Barcelona-Sants,35.89230769230769,10.5,130.0
2026-03-30 07:15:00,Barcelona-Sants,13.656862745098039,11.0,204.0
2026-03-30 07:30:00,Barcelona-Sants,28.329268292682926,13.0,164.0
2026-03-30 07:45:00,Barcelona-Sants,20.826446280991735,12.0,121.0
2026-03-30 08:00:00,Barcelona-Sants,12.694805194805195,8.5,154.0
2026-03-30 08:15:00,Barcelona-Sants,26.82905982905983,13.0,117.0
2026-03-30 08:30:00,Barcelona-Sants,21.322314049586776,15.0,121.0
2026-03-30 08:45:00,Barcelona-Sants,21.706766917293233,13.0,133.0
2026-03-30 09:00:00,Barcelona-Sants,31.08730158730159,11.0,126.0
2026-03-30 09:15:00,Barcelona-Sants,18.738255033557046,11.0,149.0
2026-03-30 09:30:00,Barcelona-Sants,16.50515463917526,11.0,97.0
2026-03-30 09:45:00,Barcelona-Sants,14.322222222222223,9.0,90.0
2026-03-30 10:00:00,Barcelona-Sants,16.715686274509803,11.0,102.0
2026-03-30 10:15:00,Barcelona-Sants,13.0,11.0,80.0
2026-03-30 10:30:00,Barcelona-Sants,14.666666666666666,11.0,75.0
2026-03-30 10:45:00,Barcelona-Sants,12.7,11.0,90.0
2026-03-30 11:00:00,Barcelona-Sants,12.513157894736842,10.0,76.0
2026-03-30 11:15:00,Barcelona-Sants,15.987179487179487,11.0,78.0
2026-03-30 11:30:00,Barcelona-Sants,,,
2026-03-30 11:45:00,Barcelona-Sants,15.794117647058824,12.0,68.0
2026-03-30 12:00:00,Barcelona-Sants,17.341772151898734,12.0,79.0
2026-03-30 12:15:00,Barcelona-Sants,22.140845070422536,15.0,71.0
2026-03-30 12:30:00,Barcelona-Sants,20.778947368421054,16.0,95.0
2026-03-30 12:45:00,Barcelona-Sants,17.20689655172414,12.0,29.0
2026-03-30 13:00:00,Barcelona-Sants,,,
2026-03-30 13:15:00,Barcelona-Sants,19.471698113207548,17.0,53.0
2026-03-30 13:30:00,Barcelona-Sants,20.967741935483872,17.0,124.0
2026-03-30 13:45:00,Barcelona-Sants,23.04225352112676,17.0,71.0
2026-03-30 14:00:00,Barcelona-Sants,20.49,16.5,100.0
2026-03-30 14:15:00,Barcelona-Sants,18.448275862068964,17.0,58.0
2026-03-30 14:30:00,Barcelona-Sants,,,
2026-03-30 14:45:00,Barcelona-Sants,12.375,6.5,8.0
2026-03-30 15:00:00,Barcelona-Sants,16.430555555555557,15.0,72.0
2026-03-30 15:15:00,Barcelona-Sants,14.191011235955056,11.0,89.0
2026-03-30 15:30:00,Barcelona-Sants,15.836065573770492,17.0,61.0
2026-03-30 15:45:00,Barcelona-Sants,17.061855670103093,13.0,97.0
2026-03-30 16:00:00,Barcelona-Sants,,,
2026-03-30 16:15:00,Barcelona-Sants,,,
2026-03-30 16:30:00,Barcelona-Sants,20.675675675675677,21.0,74.0
2026-03-30 16:45:00,Barcelona-Sants,21.532258064516128,23.0,62.0
2026-03-30 17:00:00,Barcelona-Sants,18.142857142857142,19.0,77.0
2026-03-30 17:15:00,Barcelona-Sants,17.46067415730337,17.0,89.0
2026-03-30 17:30:00,Barcelona-Sants,17.678571428571427,18.5,28.0
2026-03-30 17:45:00,Barcelona-Sants,19.045454545454547,18.5,22.0
2026-03-30 18:00:00,Barcelona-Sants,17.928571428571427,17.5,28.0
2026-03-30 18:15:00,Barcelona-Sants,18.25,17.0,60.0
2026-03-30 18:30:00,Barcelona-Sants,17.165354330708663,17.0,127.0
2026-03-30 18:45:00,Barcelona-Sants,14.860655737704919,12.0,122.0
2026-03-30 19:00:00,Barcelona-Sants,16.607142857142858,13.0,56.0
2026-03-30 19:15:00,Barcelona-Sants,15.692307692307692,13.0,13.0
2026-03-30 19:30:00,Barcelona-Sants,15.012048192771084,12.0,83.0
2026-03-30 19:45:00,Barcelona-Sants,13.39,6.5,100.0
2026-03-30 20:00:00,Barcelona-Sants,11.779411764705882,7.0,68.0
2026-03-30 20:15:00,Barcelona-Sants,14.181818181818182,7.0,55.0
2026-03-30 20:30:00,Barcelona-Sants,34.166666666666664,7.0,72.0
2026-03-30 20:45:00,Barcelona-Sants,18.951219512195124,18.0,41.0
2026-03-30 21:00:00,Barcelona-Sants,50.89473684210526,6.5,38.0
2026-03-30 21:15:00,Barcelona-Sants,14.6,6.5,30.0
2026-03-30 21:30:00,Barcelona-Sants,16.296296296296298,7.0,27.0
2026-03-30 21:45:00,Barcelona-Sants,13.75,8.5,40.0
2026-03-30 22:00:00,Barcelona-Sants,17.272727272727273,15.0,22.0
2026-03-30 22:15:00,Barcelona-Sants,16.94736842105263,12.0,19.0
2026-03-30 22:30:00,Barcelona-Sants,17.48148148148148,12.0,27.0
2026-03-30 22:45:00,Barcelona-Sants,18.035714285714285,12.0,28.0
2026-03-30 23:00:00,Barcelona-Sants,19.8,20.0,25.0
2026-03-30 23:15:00,Barcelona-Sants,10.1,6.0,10.0
2026-03-30 23:30:00,Barcelona-Sants,2.3333333333333335,3.0,6.0
2026-03-30 23:45:00,Barcelona-Sants,0.4,-2.0,5.0
2026-03-31 00:00:00,Barcelona-Sants,,,
2026-03-31 00:15:00,Barcelona-Sants,,,
2026-03-31 00:30:00,Barcelona-Sants,,,
2026-03-31 00:45:00,Barcelona-Sants,,,
2026-03-31 01:00:00,Barcelona-Sants,,,
2026-03-31 01:15:00,Barcelona-Sants,,,
2026-03-31 01:30:00,Barcelona-Sants,,,
2026-03-31 01:45:00,Barcelona-Sants,,,
2026-03-31 02:00:00,Barcelona-Sants,,,
2026-03-31 02:15:00,Barcelona-Sants,,,
2026-03-31 02:30:00,Barcelona-Sants,,,
2026-03-31 02:45:00,Barcelona-Sants,,,
2026-03-31 03:00:00,Barcelona-Sants,,,
2026-03-31 03:15:00,Barcelona-Sants,4.666666666666667,1.0,3.0
2026-03-31 03:30:00,Barcelona-Sants,7.0,7.0,4.0
2026-03-31 03:45:00,Barcelona-Sants,19.0,19.0,2.0
2026-03-31 04:00:00,Barcelona-Sants,10.416666666666666,12.0,12.0
2026-03-31 04:15:00,Barcelona-Sants,14.867924528301886,13.0,53.0
2026-03-31 04:30:00,Barcelona-Sants,13.217391304347826,11.0,23.0
2026-03-31 04:45:00,Barcelona-Sants,12.76,11.0,25.0
2026-03-31 05:00:00,Barcelona-Sants,10.364864864864865,9.0,74.0
2026-03-31 05:15:00,Barcelona-Sants,11.98876404494382,11.0,89.0
2026-03-31 05:30:00,Barcelona-Sants,10.621052631578948,9.0,95.0
2026-03-31 05:45:00,Barcelona-Sants,12.364864864864865,9.0,148.0
2026-03-31 06:00:00,Barcelona-Sants,13.10909090909091,10.0,110.0
2026-03-31 06:15:00,Barcelona-Sants,16.762886597938145,14.0,97.0
2026-03-31 06:30:00,Barcelona-Sants,14.733812949640289,10.0,139.0
2026-03-31 06:45:00,Barcelona-Sants,16.388059701492537,13.0,134.0
2026-03-31 07:00:00,Barcelona-Sants,14.118226600985222,11.0,203.0
2026-03-31 07:15:00,Barcelona-Sants,14.33774834437086,10.0,151.0
2026-03-31 07:30:00,Barcelona-Sants,18.413333333333334,13.0,150.0
2026-03-31 07:45:00,Barcelona-Sants,15.5859375,11.0,128.0
2026-03-31 08:00:00,Barcelona-Sants,19.941747572815533,19.0,103.0
2026-03-31 08:15:00,Barcelona-Sants,17.297520661157026,12.0,121.0
2026-03-31 08:30:00,Barcelona-Sants,20.397058823529413,19.0,136.0
2026-03-31 08:45:00,Barcelona-Sants,20.27710843373494,19.0,166.0
2026-03-31 09:00:00,Barcelona-Sants,20.227272727272727,18.0,110.0
2026-03-31 09:15:00,Barcelona-Sants,20.357142857142858,12.0,84.0
2026-03-31 09:30:00,Barcelona-Sants,23.764227642276424,21.0,123.0
2026-03-31 09:45:00,Barcelona-Sants,23.469135802469136,20.0,81.0
2026-03-31 10:00:00,Barcelona-Sants,25.05109489051095,21.0,137.0
2026-03-31 10:15:00,Barcelona-Sants,20.8411214953271,14.0,107.0
2026-03-31 10:30:00,Barcelona-Sants,18.555555555555557,12.0,81.0
2026-03-31 10:45:00,Barcelona-Sants,20.2183908045977,13.0,87.0
2026-03-31 11:00:00,Barcelona-Sants,18.202380952380953,13.5,84.0
2026-03-31 11:15:00,Barcelona-Sants,23.33653846153846,14.5,104.0
2026-03-31 11:30:00,Barcelona-Sants,18.833333333333332,12.0,72.0
2026-03-31 11:45:00,Barcelona-Sants,24.79591836734694,18.0,49.0
2026-03-31 12:00:00,Barcelona-Sants,24.765625,17.0,64.0
2026-03-31 12:15:00,Barcelona-Sants,22.76086956521739,12.5,46.0
2026-03-31 12:30:00,Barcelona-Sants,24.666666666666668,16.0,111.0
2026-03-31 12:45:00,Barcelona-Sants,27.337209302325583,25.5,86.0
2026-03-31 13:00:00,Barcelona-Sants,21.227272727272727,15.0,66.0
2026-03-31 13:15:00,Barcelona-Sants,23.70175438596491,15.0,57.0
2026-03-31 13:30:00,Barcelona-Sants,21.99137931034483,20.0,116.0
2026-03-31 13:45:00,Barcelona-Sants,21.63095238095238,23.5,84.0
2026-03-31 14:00:00,Barcelona-Sants,15.0,11.5,70.0
2026-03-31 14:15:00,Barcelona-Sants,14.338461538461539,13.0,65.0
2026-03-31 14:30:00,Barcelona-Sants,17.279411764705884,14.0,68.0
2026-03-31 14:45:00,Barcelona-Sants,21.0,19.5,76.0
2026-03-31 15:00:00,Barcelona-Sants,14.913793103448276,9.0,58.0
2026-03-31 15:15:00,Barcelona-Sants,19.1875,15.0,64.0
2026-03-31 15:30:00,Barcelona-Sants,15.580246913580247,12.0,81.0
2026-03-31 15:45:00,Barcelona-Sants,17.152941176470588,15.0,85.0
2026-03-31 16:00:00,Barcelona-Sants,15.277777777777779,10.0,72.0
2026-03-31 16:15:00,Barcelona-Sants,18.022222222222222,12.0,90.0
2026-03-31 16:30:00,Barcelona-Sants,16.123287671232877,12.0,73.0
2026-03-31 16:45:00,Barcelona-Sants,13.779661016949152,11.0,118.0
2026-03-31 17:00:00,Barcelona-Sants,15.932038834951456,12.0,103.0
2026-03-31 17:15:00,Barcelona-Sants,15.905263157894737,12.0,95.0
2026-03-31 17:30:00,Barcelona-Sants,13.1625,10.5,80.0
2026-03-31 17:45:00,Barcelona-Sants,16.36046511627907,13.0,86.0
2026-03-31 18:00:00,Barcelona-Sants,12.8375,8.0,80.0
2026-03-31 18:15:00,Barcelona-Sants,14.299065420560748,11.0,107.0
2026-03-31 18:30:00,Barcelona-Sants,11.471544715447154,8.0,123.0
2026-03-31 18:45:00,Barcelona-Sants,12.325,8.0,120.0
2026-03-31 19:00:00,Barcelona-Sants,13.708333333333334,10.0,48.0
2026-03-31 19:15:00,Barcelona-Sants,14.19277108433735,9.0,83.0
2026-03-31 19:30:00,Barcelona-Sants,13.696629213483146,8.0,89.0
2026-03-31 19:45:00,Barcelona-Sants,20.70731707317073,16.0,82.0
2026-03-31 20:00:00,Barcelona-Sants,18.026315789473685,16.0,114.0
2026-03-31 20:15:00,Barcelona-Sants,15.641975308641975,11.0,81.0
2026-03-31 20:30:00,Barcelona-Sants,17.185185185185187,16.0,81.0
2026-03-31 20:45:00,Barcelona-Sants,14.48611111111111,7.5,72.0
2026-03-31 21:00:00,Barcelona-Sants,14.547619047619047,8.5,42.0
2026-03-31 21:15:00,Barcelona-Sants,17.426666666666666,18.0,75.0
2026-03-31 21:30:00,Barcelona-Sants,14.75,10.0,44.0
2026-03-31 21:45:00,Barcelona-Sants,16.192307692307693,11.0,52.0
2026-03-31 22:00:00,Barcelona-Sants,21.565217391304348,20.0,46.0
2026-03-31 22:15:00,Barcelona-Sants,18.03448275862069,18.0,29.0
2026-03-31 22:30:00,Barcelona-Sants,21.0,18.0,34.0
2026-03-31 22:45:00,Barcelona-Sants,18.75862068965517,18.0,29.0
2026-03-31 23:00:00,Barcelona-Sants,19.88,18.0,25.0
2026-03-31 23:15:00,Barcelona-Sants,12.8,9.0,15.0
2026-03-31 23:30:00,Barcelona-Sants,13.8,9.0,5.0
2026-03-31 23:45:00,Barcelona-Sants,-2.25,-3.0,4.0
2026-04-01 00:00:00,Barcelona-Sants,,,
2026-04-01 00:15:00,Barcelona-Sants,,,
2026-04-01 00:30:00,Barcelona-Sants,,,
2026-04-01 00:45:00,Barcelona-Sants,,,
2026-04-01 01:00:00,Barcelona-Sants,,,
2026-04-01 01:15:00,Barcelona-Sants,,,
2026-04-01 01:30:00,Barcelona-Sants,,,
2026-04-01 01:45:00,Barcelona-Sants,,,
2026-04-01 02:00:00,Barcelona-Sants,,,
2026-04-01 02:15:00,Barcelona-Sants,,,
2026-04-01 02:30:00,Barcelona-Sants,,,
2026-04-01 02:45:00,Barcelona-Sants,8.0,8.0,1.0
2026-04-01 03:00:00,Barcelona-Sants,,,
2026-04-01 03:15:00,Barcelona-Sants,,,
2026-04-01 03:30:00,Barcelona-Sants,10.0,9.0,8.0
2026-04-01 03:45:00,Barcelona-Sants,12.0,13.0,3.0
2026-04-01 04:00:00,Barcelona-Sants,11.0,10.0,13.0
2026-04-01 04:15:00,Barcelona-Sants,10.393939393939394,8.0,33.0
2026-04-01 04:30:00,Barcelona-Sants,9.823529411764707,6.0,51.0
2026-04-01 04:45:00,Barcelona-Sants,12.076923076923077,7.0,39.0
2026-04-01 05:00:00,Barcelona-Sants,10.8,6.0,45.0
2026-04-01 05:15:00,Barcelona-Sants,11.24074074074074,8.0,54.0
2026-04-01 05:30:00,Barcelona-Sants,12.629032258064516,8.0,62.0
2026-04-01 05:45:00,Barcelona-Sants,17.353846153846153,11.5,130.0
2026-04-01 06:00:00,Barcelona-Sants,12.74390243902439,8.5,82.0
2026-04-01 06:15:00,Barcelona-Sants,16.5,10.0,100.0
2026-04-01 06:30:00,Barcelona-Sants,13.3984375,6.0,128.0
2026-04-01 06:45:00,Barcelona-Sants,18.301369863013697,9.0,146.0
2026-04-01 07:00:00,Barcelona-Sants,13.43939393939394,7.5,132.0
2026-04-01 07:15:00,Barcelona-Sants,22.092198581560282,17.0,141.0
2026-04-01 07:30:00,Barcelona-Sants,23.68235294117647,19.0,85.0
2026-04-01 07:45:00,Barcelona-Sants,21.832,13.0,125.0
2026-04-01 08:00:00,Barcelona-Sants,26.129310344827587,19.0,116.0
2026-04-01 08:15:00,Barcelona-Sants,25.354166666666668,18.0,96.0
2026-04-01 08:30:00,Barcelona-Sants,22.661016949152543,15.0,118.0
2026-04-01 08:45:00,Barcelona-Sants,26.83157894736842,19.0,95.0
2026-04-01 09:00:00,Barcelona-Sants,28.961038961038962,21.0,77.0
2026-04-01 09:15:00,Barcelona-Sants,28.07792207792208,20.0,77.0
2026-04-01 09:30:00,Barcelona-Sants,26.944444444444443,20.0,108.0
2026-04-01 09:45:00,Barcelona-Sants,28.582278481012658,30.0,79.0
2026-04-01 10:00:00,Barcelona-Sants,24.714285714285715,14.0,112.0
2026-04-01 10:15:00,Barcelona-Sants,30.714285714285715,26.0,56.0
2026-04-01 10:30:00,Barcelona-Sants,31.746031746031747,26.0,63.0
2026-04-01 10:45:00,Barcelona-Sants,25.31111111111111,16.0,90.0
2026-04-01 11:00:00,Barcelona-Sants,30.085365853658537,26.5,82.0
2026-04-01 11:15:00,Barcelona-Sants,31.93975903614458,32.0,83.0
2026-04-01 11:30:00,Barcelona-Sants,27.558441558441558,16.0,77.0
2026-04-01 11:45:00,Barcelona-Sants,18.051948051948052,5.0,77.0
2026-04-01 12:00:00,Barcelona-Sants,28.86,17.0,50.0
2026-04-01 12:15:00,Barcelona-Sants,19.338709677419356,9.5,62.0
2026-04-01 12:30:00,Barcelona-Sants,23.88888888888889,13.0,63.0
2026-04-01 12:45:00,Barcelona-Sants,15.946969696969697,7.0,132.0
2026-04-01 13:00:00,Barcelona-Sants,23.76271186440678,11.0,59.0
2026-04-01 13:15:00,Barcelona-Sants,19.353535353535353,11.0,99.0
2026-04-01 13:30:00,Barcelona-Sants,13.919354838709678,4.0,62.0
2026-04-01 13:45:00,Barcelona-Sants,19.75,14.5,72.0
2026-04-01 14:00:00,Barcelona-Sants,19.384615384615383,13.0,78.0
2026-04-01 14:15:00,Barcelona-Sants,19.337209302325583,11.0,86.0
2026-04-01 14:30:00,Barcelona-Sants,17.397260273972602,7.0,73.0
2026-04-01 14:45:00,Barcelona-Sants,17.427083333333332,8.0,96.0
2026-04-01 15:00:00,Barcelona-Sants,18.791666666666668,12.0,96.0
2026-04-01 15:15:00,Barcelona-Sants,17.576271186440678,12.0,59.0
2026-04-01 15:30:00,Barcelona-Sants,19.253164556962027,23.0,79.0
2026-04-01 15:45:00,Barcelona-Sants,17.62264150943396,12.0,106.0
2026-04-01 16:00:00,Barcelona-Sants,20.383333333333333,11.5,60.0
2026-04-01 16:15:00,Barcelona-Sants,16.694117647058825,11.0,85.0
2026-04-01 16:30:00,Barcelona-Sants,17.228070175438596,11.0,57.0
2026-04-01 16:45:00,Barcelona-Sants,18.02,11.0,50.0
2026-04-01 17:00:00,Barcelona-Sants,17.214285714285715,11.0,56.0
2026-04-01 17:15:00,Barcelona-Sants,16.8,11.0,95.0
2026-04-01 17:30:00,Barcelona-Sants,14.8,10.0,80.0
2026-04-01 17:45:00,Barcelona-Sants,16.82,12.0,100.0
2026-04-01 18:00:00,Barcelona-Sants,15.961904761904762,11.0,105.0
2026-04-01 18:15:00,Barcelona-Sants,16.99047619047619,12.0,105.0
2026-04-01 18:30:00,Barcelona-Sants,14.666666666666666,11.0,66.0
2026-04-01 18:45:00,Barcelona-Sants,17.901408450704224,15.0,71.0
2026-04-01 19:00:00,Barcelona-Sants,15.094594594594595,12.0,74.0
2026-04-01 19:15:00,Barcelona-Sants,15.9125,12.0,80.0
2026-04-01 19:30:00,Barcelona-Sants,15.263157894736842,11.0,95.0
2026-04-01 19:45:00,Barcelona-Sants,15.393939393939394,11.0,66.0
2026-04-01 20:00:00,Barcelona-Sants,16.589473684210525,17.0,95.0
2026-04-01 20:15:00,Barcelona-Sants,16.454545454545453,11.0,55.0
2026-04-01 20:30:00,Barcelona-Sants,14.6875,11.0,80.0
2026-04-01 20:45:00,Barcelona-Sants,20.375,18.0,72.0
2026-04-01 21:00:00,Barcelona-Sants,20.32857142857143,20.0,70.0
2026-04-01 21:15:00,Barcelona-Sants,20.346666666666668,20.0,75.0
2026-04-01 21:30:00,Barcelona-Sants,20.483870967741936,20.0,31.0
2026-04-01 21:45:00,Barcelona-Sants,20.035714285714285,21.0,28.0
2026-04-01 22:00:00,Barcelona-Sants,18.254901960784313,18.0,51.0
2026-04-01 22:15:00,Barcelona-Sants,20.676470588235293,22.5,34.0
2026-04-01 22:30:00,Barcelona-Sants,17.928571428571427,18.0,42.0
2026-04-01 22:45:00,Barcelona-Sants,17.75,18.0,20.0
2026-04-01 23:00:00,Barcelona-Sants,19.105263157894736,18.0,19.0
2026-04-01 23:15:00,Barcelona-Sants,12.285714285714286,8.0,7.0
2026-04-01 23:30:00,Barcelona-Sants,8.0,8.0,7.0
2026-04-01 23:45:00,Barcelona-Sants,1.2,-2.0,5.0
2026-04-02 00:00:00,Barcelona-Sants,,,
2026-04-02 00:15:00,Barcelona-Sants,,,
2026-04-02 00:30:00,Barcelona-Sants,,,
2026-04-02 00:45:00,Barcelona-Sants,,,
2026-04-02 01:00:00,Barcelona-Sants,,,
2026-04-02 01:15:00,Barcelona-Sants,,,
2026-04-02 01:30:00,Barcelona-Sants,,,
2026-04-02 01:45:00,Barcelona-Sants,,,
2026-04-02 02:00:00,Barcelona-Sants,,,
2026-04-02 02:15:00,Barcelona-Sants,,,
2026-04-02 02:30:00,Barcelona-Sants,,,
2026-04-02 02:45:00,Barcelona-Sants,6.5,6.5,2.0
2026-04-02 03:00:00,Barcelona-Sants,6.0,6.0,3.0
2026-04-02 03:15:00,Barcelona-Sants,11.0,7.0,16.0
2026-04-02 03:30:00,Barcelona-Sants,8.696969696969697,6.0,33.0
2026-04-02 03:45:00,Barcelona-Sants,14.0,12.0,5.0
2026-04-02 04:00:00,Barcelona-Sants,9.785714285714286,6.5,28.0
2026-04-02 04:15:00,Barcelona-Sants,9.41304347826087,7.0,46.0
2026-04-02 04:30:00,Barcelona-Sants,5.6875,6.0,32.0
2026-04-02 04:45:00,Barcelona-Sants,8.622222222222222,7.0,45.0
2026-04-02 05:00:00,Barcelona-Sants,7.22093023255814,6.0,86.0
2026-04-02 05:15:00,Barcelona-Sants,13.421875,8.0,128.0
2026-04-02 05:30:00,Barcelona-Sants,8.5,6.0,84.0
2026-04-02 05:45:00,Barcelona-Sants,16.852941176470587,12.0,170.0
2026-04-02 06:00:00,Barcelona-Sants,11.426573426573427,8.0,143.0
2026-04-02 06:15:00,Barcelona-Sants,12.51010101010101,7.5,198.0
2026-04-02 06:30:00,Barcelona-Sants,13.18452380952381,8.0,168.0
2026-04-02 06:45:00,Barcelona-Sants,14.005555555555556,8.0,180.0
2026-04-02 07:00:00,Barcelona-Sants,16.17721518987342,11.0,316.0
2026-04-02 07:15:00,Barcelona-Sants,14.614035087719298,10.0,228.0
2026-04-02 07:30:00,Barcelona-Sants,16.64457831325301,11.0,166.0
2026-04-02 07:45:00,Barcelona-Sants,16.724137931034484,10.5,116.0
2026-04-02 08:00:00,Barcelona-Sants,17.128099173553718,11.0,242.0
2026-04-02 08:15:00,Barcelona-Sants,16.51388888888889,11.0,144.0
2026-04-02 08:30:00,Barcelona-Sants,16.36842105263158,11.0,171.0
2026-04-02 08:45:00,Barcelona-Sants,18.4375,12.0,96.0
2026-04-02 09:00:00,Barcelona-Sants,15.543859649122806,10.0,114.0
2026-04-02 09:15:00,Barcelona-Sants,18.513513513513512,13.0,148.0
2026-04-02 09:30:00,Barcelona-Sants,21.194285714285716,21.0,175.0
2026-04-02 09:45:00,Barcelona-Sants,20.434782608695652,18.0,138.0
2026-04-02 10:00:00,Barcelona-Sants,20.940886699507388,18.0,203.0
2026-04-02 10:15:00,Barcelona-Sants,18.569444444444443,10.0,144.0
2026-04-02 10:30:00,Barcelona-Sants,19.184971098265898,12.0,173.0
2026-04-02 10:45:00,Barcelona-Sants,23.16949152542373,22.0,118.0
2026-04-02 11:00:00,Barcelona-Sants,23.044444444444444,22.0,90.0
2026-04-02 11:15:00,Barcelona-Sants,16.586206896551722,10.0,116.0
2026-04-02 11:30:00,Barcelona-Sants,15.918604651162791,10.5,172.0
2026-04-02 11:45:00,Barcelona-Sants,18.37121212121212,13.0,132.0
2026-04-02 12:00:00,Barcelona-Sants,16.890625,9.0,128.0
2026-04-02 12:15:00,Barcelona-Sants,13.607142857142858,6.0,84.0
2026-04-02 12:30:00,Barcelona-Sants,16.78,9.0,100.0
2026-04-02 12:45:00,Barcelona-Sants,17.52027027027027,11.0,148.0
2026-04-02 13:00:00,Barcelona-Sants,11.875,8.0,176.0
2026-04-02 13:15:00,Barcelona-Sants,20.908450704225352,13.0,142.0
2026-04-02 13:30:00,Barcelona-Sants,25.058333333333334,24.0,120.0
2026-04-02 13:45:00,Barcelona-Sants,15.031645569620252,8.0,158.0
2026-04-02 14:00:00,Barcelona-Sants,20.046296296296298,9.5,108.0
2026-04-02 14:15:00,Barcelona-Sants,19.01086956521739,10.0,184.0
2026-04-02 14:30:00,Barcelona-Sants,20.93421052631579,15.0,152.0
2026-04-02 14:45:00,Barcelona-Sants,17.178571428571427,13.0,168.0
2026-04-02 15:00:00,Barcelona-Sants,15.673076923076923,9.0,104.0
2026-04-02 15:15:00,Barcelona-Sants,21.86111111111111,24.0,108.0
2026-04-02 15:30:00,Barcelona-Sants,18.32051282051282,12.0,156.0
2026-04-02 15:45:00,Barcelona-Sants,16.80701754385965,11.0,114.0
2026-04-02 16:00:00,Barcelona-Sants,19.930232558139537,13.0,86.0
2026-04-02 16:15:00,Barcelona-Sants,19.25,13.0,200.0
2026-04-02 16:30:00,Barcelona-Sants,23.887218045112782,24.0,133.0
2026-04-02 16:45:00,Barcelona-Sants,21.454545454545453,14.0,132.0
2026-04-02 17:00:00,Barcelona-Sants,18.422131147540984,11.0,244.0
2026-04-02 17:15:00,Barcelona-Sants,19.970760233918128,12.0,171.0
2026-04-02 17:30:00,Barcelona-Sants,17.74468085106383,9.0,141.0
2026-04-02 17:45:00,Barcelona-Sants,16.02469135802469,9.0,81.0
2026-04-02 18:00:00,Barcelona-Sants,18.876543209876544,12.0,162.0
2026-04-02 18:15:00,Barcelona-Sants,20.371951219512194,12.5,164.0
2026-04-02 18:30:00,Barcelona-Sants,16.463414634146343,9.0,123.0
2026-04-02 18:45:00,Barcelona-Sants,16.192307692307693,10.0,104.0
2026-04-02 19:00:00,Barcelona-Sants,25.651851851851852,16.0,135.0
2026-04-02 19:15:00,Barcelona-Sants,17.11904761904762,10.0,84.0
2026-04-02 19:30:00,Barcelona-Sants,17.055900621118013,10.0,161.0
2026-04-02 19:45:00,Barcelona-Sants,21.6260162601626,13.0,123.0
2026-04-02 20:00:00,Barcelona-Sants,21.51260504201681,11.0,119.0
2026-04-02 20:15:00,Barcelona-Sants,18.074626865671643,10.0,201.0
2026-04-02 20:30:00,Barcelona-Sants,29.433566433566433,24.0,143.0
2026-04-02 20:45:00,Barcelona-Sants,26.542857142857144,17.5,140.0
2026-04-02 21:00:00,Barcelona-Sants,20.67676767676768,11.0,198.0
2026-04-02 21:15:00,Barcelona-Sants,25.347826086956523,16.0,138.0
2026-04-02 21:30:00,Barcelona-Sants,25.710526315789473,17.5,152.0
2026-04-02 21:45:00,Barcelona-Sants,24.72093023255814,12.0,86.0
2026-04-02 22:00:00,Barcelona-Sants,20.232558139534884,10.0,86.0
2026-04-02 22:15:00,Barcelona-Sants,18.35,10.0,40.0
2026-04-02 22:30:00,Barcelona-Sants,22.86842105263158,11.0,38.0
2026-04-02 22:45:00,Barcelona-Sants,23.261904761904763,16.5,42.0
2026-04-02 23:00:00,Barcelona-Sants,22.2,6.0,50.0
2026-04-02 23:15:00,Barcelona-Sants,16.6,5.0,30.0
2026-04-02 23:30:00,Barcelona-Sants,26.9375,24.5,16.0
2026-04-02 23:45:00,Barcelona-Sants,4.25,5.0,8.0
2026-04-03 00:00:00,Barcelona-Sants,,,
2026-04-03 00:15:00,Barcelona-Sants,,,
2026-04-03 00:30:00,Barcelona-Sants,,,
2026-04-03 00:45:00,Barcelona-Sants,,,
2026-04-03 01:00:00,Barcelona-Sants,,,
2026-04-03 01:15:00,Barcelona-Sants,,,
2026-04-03 01:30:00,Barcelona-Sants,,,
2026-04-03 01:45:00,Barcelona-Sants,,,
2026-04-03 02:00:00,Barcelona-Sants,,,
2026-04-03 02:15:00,Barcelona-Sants,,,
2026-04-03 02:30:00,Barcelona-Sants,,,
2026-04-03 02:45:00,Barcelona-Sants,,,
2026-04-03 03:00:00,Barcelona-Sants,,,
2026-04-03 03:15:00,Barcelona-Sants,4.0,4.0,1.0
2026-04-03 03:30:00,Barcelona-Sants,,,
2026-04-03 03:45:00,Barcelona-Sants,5.6,6.0,5.0
2026-04-03 04:00:00,Barcelona-Sants,8.961538461538462,5.0,26.0
2026-04-03 04:15:00,Barcelona-Sants,10.5,7.0,12.0
2026-04-03 04:30:00,Barcelona-Sants,11.947368421052632,6.0,38.0
2026-04-03 04:45:00,Barcelona-Sants,9.166666666666666,6.0,36.0
2026-04-03 05:00:00,Barcelona-Sants,8.063829787234043,6.0,47.0
2026-04-03 05:15:00,Barcelona-Sants,6.125,5.5,40.0
2026-04-03 05:30:00,Barcelona-Sants,9.548387096774194,6.0,62.0
2026-04-03 05:45:00,Barcelona-Sants,9.716666666666667,5.5,60.0
2026-04-03 06:00:00,Barcelona-Sants,9.702127659574469,6.0,47.0
2026-04-03 06:15:00,Barcelona-Sants,13.254545454545454,8.0,55.0
2026-04-03 06:30:00,Barcelona-Sants,14.407407407407407,12.0,81.0
2026-04-03 06:45:00,Barcelona-Sants,11.014084507042254,7.0,71.0
2026-04-03 07:00:00,Barcelona-Sants,17.14,12.0,100.0
2026-04-03 07:15:00,Barcelona-Sants,16.253333333333334,9.0,75.0
2026-04-03 07:30:00,Barcelona-Sants,16.44578313253012,9.0,83.0
2026-04-03 07:45:00,Barcelona-Sants,18.88235294117647,10.5,68.0
2026-04-03 08:00:00,Barcelona-Sants,23.56122448979592,20.0,98.0
2026-04-03 08:15:00,Barcelona-Sants,20.774509803921568,12.0,102.0
2026-04-03 08:30:00,Barcelona-Sants,18.32894736842105,12.0,76.0
2026-04-03 08:45:00,Barcelona-Sants,20.49438202247191,12.0,89.0
2026-04-03 09:00:00,Barcelona-Sants,18.931818181818183,11.0,88.0
2026-04-03 09:15:00,Barcelona-Sants,21.0,18.0,78.0
2026-04-03 09:30:00,Barcelona-Sants,18.37837837837838,14.0,74.0
2026-04-03 09:45:00,Barcelona-Sants,14.596638655462185,9.0,119.0
2026-04-03 10:00:00,Barcelona-Sants,18.294117647058822,12.0,68.0
2026-04-03 10:15:00,Barcelona-Sants,19.76271186440678,9.0,59.0
2026-04-03 10:30:00,Barcelona-Sants,23.19402985074627,10.0,67.0
2026-04-03 10:45:00,Barcelona-Sants,24.485294117647058,14.0,68.0
2026-04-03 11:00:00,Barcelona-Sants,25.225806451612904,20.0,62.0
2026-04-03 11:15:00,Barcelona-Sants,17.516129032258064,10.0,62.0
2026-04-03 11:30:00,Barcelona-Sants,16.783333333333335,11.0,60.0
2026-04-03 11:45:00,Barcelona-Sants,19.640350877192983,15.0,114.0
2026-04-03 12:00:00,Barcelona-Sants,20.0327868852459,18.0,61.0
2026-04-03 12:15:00,Barcelona-Sants,22.115942028985508,18.0,69.0
2026-04-03 12:30:00,Barcelona-Sants,19.404761904761905,16.5,42.0
2026-04-03 12:45:00,Barcelona-Sants,17.6,13.0,85.0
2026-04-03 13:00:00,Barcelona-Sants,19.072727272727274,15.0,55.0
2026-04-03 13:15:00,Barcelona-Sants,15.80327868852459,11.0,61.0
2026-04-03 13:30:00,Barcelona-Sants,21.390625,14.0,64.0
2026-04-03 13:45:00,Barcelona-Sants,22.80701754385965,18.0,57.0
2026-04-03 14:00:00,Barcelona-Sants,27.98076923076923,26.0,104.0
2026-04-03 14:15:00,Barcelona-Sants,26.66,24.0,50.0
2026-04-03 14:30:00,Barcelona-Sants,22.99056603773585,15.0,106.0
2026-04-03 14:45:00,Barcelona-Sants,25.315068493150687,24.0,73.0
2026-04-03 15:00:00,Barcelona-Sants,23.51388888888889,20.5,72.0
2026-04-03 15:15:00,Barcelona-Sants,23.822916666666668,26.0,96.0
2026-04-03 15:30:00,Barcelona-Sants,19.573170731707318,12.0,82.0
2026-04-03 15:45:00,Barcelona-Sants,19.38888888888889,11.5,54.0
2026-04-03 16:00:00,Barcelona-Sants,19.112903225806452,13.5,62.0
2026-04-03 16:15:00,Barcelona-Sants,21.606060606060606,24.0,99.0
2026-04-03 16:30:00,Barcelona-Sants,21.431372549019606,24.0,51.0
2026-04-03 16:45:00,Barcelona-Sants,22.675324675324674,24.0,77.0
2026-04-03 17:00:00,Barcelona-Sants,22.220338983050848,16.0,118.0
2026-04-03 17:15:00,Barcelona-Sants,21.47826086956522,18.0,46.0
2026-04-03 17:30:00,Barcelona-Sants,22.864197530864196,16.0,81.0
2026-04-03 17:45:00,Barcelona-Sants,12.347826086956522,8.0,46.0
2026-04-03 18:00:00,Barcelona-Sants,23.21276595744681,14.0,47.0
2026-04-03 18:15:00,Barcelona-Sants,29.06896551724138,23.0,58.0
2026-04-03 18:30:00,Barcelona-Sants,34.10588235294118,30.0,85.0
2026-04-03 18:45:00,Barcelona-Sants,28.891304347826086,16.0,46.0
2026-04-03 19:00:00,Barcelona-Sants,27.360655737704917,22.0,61.0
2026-04-03 19:15:00,Barcelona-Sants,26.3,22.5,50.0
2026-04-03 19:30:00,Barcelona-Sants,24.33,16.0,100.0
2026-04-03 19:45:00,Barcelona-Sants,19.32051282051282,12.0,78.0
2026-04-03 20:00:00,Barcelona-Sants,17.0,10.0,101.0
2026-04-03 20:15:00,Barcelona-Sants,24.017543859649123,22.0,57.0
2026-04-03 20:30:00,Barcelona-Sants,8.55813953488372,3.0,43.0
2026-04-03 20:45:00,Barcelona-Sants,11.355555555555556,6.0,45.0
2026-04-03 21:00:00,Barcelona-Sants,15.466666666666667,8.0,45.0
2026-04-03 21:15:00,Barcelona-Sants,18.785714285714285,8.0,70.0
2026-04-03 21:30:00,Barcelona-Sants,22.63157894736842,8.0,57.0
2026-04-03 21:45:00,Barcelona-Sants,28.75,9.0,36.0
2026-04-03 22:00:00,Barcelona-Sants,33.17391304347826,41.0,46.0
2026-04-03 22:15:00,Barcelona-Sants,33.785714285714285,43.0,28.0
2026-04-03 22:30:00,Barcelona-Sants,27.941176470588236,15.0,34.0
2026-04-03 22:45:00,Barcelona-Sants,26.0,9.0,33.0
2026-04-03 23:00:00,Barcelona-Sants,18.0,9.0,22.0
2026-04-03 23:15:00,Barcelona-Sants,20.583333333333332,5.0,12.0
2026-04-03 23:30:00,Barcelona-Sants,21.714285714285715,6.0,7.0
2026-04-03 23:45:00,Barcelona-Sants,6.0,6.0,4.0
2026-04-04 00:00:00,Barcelona-Sants,,,
2026-04-04 00:15:00,Barcelona-Sants,,,
2026-04-04 00:30:00,Barcelona-Sants,,,
2026-04-04 00:45:00,Barcelona-Sants,,,
2026-04-04 01:00:00,Barcelona-Sants,,,
2026-04-04 01:15:00,Barcelona-Sants,,,
2026-04-04 01:30:00,Barcelona-Sants,,,
2026-04-04 01:45:00,Barcelona-Sants,,,
2026-04-04 02:00:00,Barcelona-Sants,,,
2026-04-04 02:15:00,Barcelona-Sants,,,
2026-04-04 02:30:00,Barcelona-Sants,,,
2026-04-04 02:45:00,Barcelona-Sants,,,
2026-04-04 03:00:00,Barcelona-Sants,11.0,11.0,2.0
2026-04-04 03:15:00,Barcelona-Sants,9.0,9.0,1.0
2026-04-04 03:30:00,Barcelona-Sants,6.25,6.5,4.0
2026-04-04 03:45:00,Barcelona-Sants,,,
2026-04-04 04:00:00,Barcelona-Sants,6.5,6.5,2.0
2026-04-04 04:15:00,Barcelona-Sants,19.5,17.0,4.0
2026-04-04 04:30:00,Barcelona-Sants,11.736842105263158,5.0,19.0
2026-04-04 04:45:00,Barcelona-Sants,10.764705882352942,11.0,17.0
2026-04-04 05:00:00,Barcelona-Sants,5.703703703703703,2.0,27.0
2026-04-04 05:15:00,Barcelona-Sants,9.75,9.0,36.0
2026-04-04 05:30:00,Barcelona-Sants,8.333333333333334,8.0,54.0
2026-04-04 05:45:00,Barcelona-Sants,13.036363636363637,9.0,55.0
2026-04-04 06:00:00,Barcelona-Sants,12.573770491803279,9.0,61.0
2026-04-04 06:15:00,Barcelona-Sants,14.824561403508772,9.5,114.0
2026-04-04 06:30:00,Barcelona-Sants,13.085106382978724,11.0,47.0
2026-04-04 06:45:00,Barcelona-Sants,14.43939393939394,13.0,66.0
2026-04-04 07:00:00,Barcelona-Sants,17.036363636363635,18.0,55.0
2026-04-04 07:15:00,Barcelona-Sants,18.34246575342466,15.0,73.0
2026-04-04 07:30:00,Barcelona-Sants,14.873563218390805,12.0,87.0
2026-04-04 07:45:00,Barcelona-Sants,15.847222222222221,11.0,72.0
2026-04-04 08:00:00,Barcelona-Sants,19.296296296296298,13.0,81.0
2026-04-04 08:15:00,Barcelona-Sants,18.01086956521739,12.0,92.0
2026-04-04 08:30:00,Barcelona-Sants,17.474137931034484,12.0,116.0
2026-04-04 08:45:00,Barcelona-Sants,21.133333333333333,14.0,75.0
2026-04-04 09:00:00,Barcelona-Sants,17.76923076923077,13.5,104.0
2026-04-04 09:15:00,Barcelona-Sants,16.25287356321839,12.0,87.0
2026-04-04 09:30:00,Barcelona-Sants,20.92156862745098,13.0,102.0
2026-04-04 09:45:00,Barcelona-Sants,16.721649484536083,10.0,97.0
2026-04-04 10:00:00,Barcelona-Sants,22.258064516129032,11.0,93.0
2026-04-04 10:15:00,Barcelona-Sants,32.872093023255815,18.0,86.0
2026-04-04 10:30:00,Barcelona-Sants,21.261904761904763,10.5,84.0
2026-04-04 10:45:00,Barcelona-Sants,29.321100917431192,12.0,109.0
2026-04-04 11:00:00,Barcelona-Sants,21.54901960784314,12.0,51.0
2026-04-04 11:15:00,Barcelona-Sants,32.4,11.0,110.0
2026-04-04 11:30:00,Barcelona-Sants,35.53409090909091,13.0,88.0
2026-04-04 11:45:00,Barcelona-Sants,42.07692307692308,39.0,65.0
2026-04-04 12:00:00,Barcelona-Sants,36.28767123287671,20.0,73.0
2026-04-04 12:15:00,Barcelona-Sants,35.163636363636364,9.0,110.0
2026-04-04 12:30:00,Barcelona-Sants,35.89873417721519,14.0,79.0
2026-04-04 12:45:00,Barcelona-Sants,38.48936170212766,39.0,94.0
2026-04-04 13:00:00,Barcelona-Sants,30.170212765957448,9.0,47.0
2026-04-04 13:15:00,Barcelona-Sants,51.29896907216495,51.0,97.0
2026-04-04 13:30:00,Barcelona-Sants,36.333333333333336,40.0,105.0
2026-04-04 13:45:00,Barcelona-Sants,36.81896551724138,17.0,116.0
2026-04-04 14:00:00,Barcelona-Sants,45.1,42.5,50.0
2026-04-04 14:15:00,Barcelona-Sants,37.79245283018868,37.0,53.0
2026-04-04 14:30:00,Barcelona-Sants,32.10666666666667,16.0,75.0
2026-04-04 14:45:00,Barcelona-Sants,29.03921568627451,8.0,51.0
2026-04-04 15:00:00,Barcelona-Sants,24.333333333333332,10.0,66.0
2026-04-04 15:15:00,Barcelona-Sants,31.375,34.0,64.0
2026-04-04 15:30:00,Barcelona-Sants,29.263157894736842,19.0,95.0
2026-04-04 15:45:00,Barcelona-Sants,29.094736842105263,22.0,95.0
2026-04-04 16:00:00,Barcelona-Sants,31.366666666666667,40.5,60.0
2026-04-04 16:15:00,Barcelona-Sants,26.630434782608695,18.0,92.0
2026-04-04 16:30:00,Barcelona-Sants,21.214285714285715,11.0,56.0
2026-04-04 16:45:00,Barcelona-Sants,22.152542372881356,11.0,59.0
2026-04-04 17:00:00,Barcelona-Sants,19.612244897959183,11.0,98.0
2026-04-04 17:15:00,Barcelona-Sants,26.446428571428573,15.0,56.0
2026-04-04 17:30:00,Barcelona-Sants,27.8,20.5,60.0
2026-04-04 17:45:00,Barcelona-Sants,24.602941176470587,11.0,68.0
2026-04-04 18:00:00,Barcelona-Sants,25.08,18.0,50.0
2026-04-04 18:15:00,Barcelona-Sants,22.39622641509434,13.0,53.0
2026-04-04 18:30:00,Barcelona-Sants,30.46969696969697,28.0,132.0
2026-04-04 18:45:00,Barcelona-Sants,24.092105263157894,13.0,76.0
2026-04-04 19:00:00,Barcelona-Sants,31.808988764044944,41.0,89.0
2026-04-04 19:15:00,Barcelona-Sants,27.306451612903224,19.0,62.0
2026-04-04 19:30:00,Barcelona-Sants,26.718446601941746,17.0,103.0
2026-04-04 19:45:00,Barcelona-Sants,29.014492753623188,12.0,69.0
2026-04-04 20:00:00,Barcelona-Sants,26.887096774193548,15.0,62.0
2026-04-04 20:15:00,Barcelona-Sants,30.90909090909091,22.0,77.0
2026-04-04 20:30:00,Barcelona-Sants,28.764705882352942,17.0,68.0
2026-04-04 20:45:00,Barcelona-Sants,25.80701754385965,17.0,57.0
2026-04-04 21:00:00,Barcelona-Sants,19.43859649122807,11.0,57.0
2026-04-04 21:15:00,Barcelona-Sants,19.88235294117647,10.0,51.0
2026-04-04 21:30:00,Barcelona-Sants,15.214285714285714,8.0,42.0
2026-04-04 21:45:00,Barcelona-Sants,18.78125,8.0,32.0
2026-04-04 22:00:00,Barcelona-Sants,18.244897959183675,7.0,49.0
2026-04-04 22:15:00,Barcelona-Sants,19.564102564102566,7.0,39.0
2026-04-04 22:30:00,Barcelona-Sants,18.866666666666667,11.0,30.0
2026-04-04 22:45:00,Barcelona-Sants,23.451612903225808,11.0,31.0
2026-04-04 23:00:00,Barcelona-Sants,26.875,20.5,24.0
2026-04-04 23:15:00,Barcelona-Sants,20.22222222222222,11.0,9.0
2026-04-04 23:30:00,Barcelona-Sants,6.428571428571429,7.0,7.0
2026-04-04 23:45:00,Barcelona-Sants,-0.6,-1.0,5.0
2026-04-05 00:00:00,Barcelona-Sants,,,
2026-04-05 00:15:00,Barcelona-Sants,,,
2026-04-05 00:30:00,Barcelona-Sants,,,
2026-04-05 00:45:00,Barcelona-Sants,,,
2026-04-05 01:00:00,Barcelona-Sants,,,
2026-04-05 01:15:00,Barcelona-Sants,,,
2026-04-05 01:30:00,Barcelona-Sants,,,
2026-04-05 01:45:00,Barcelona-Sants,,,
2026-04-05 02:00:00,Barcelona-Sants,,,
2026-04-05 02:15:00,Barcelona-Sants,,,
2026-04-05 02:30:00,Barcelona-Sants,,,
2026-04-05 02:45:00,Barcelona-Sants,,,
2026-04-05 03:00:00,Barcelona-Sants,18.875,19.5,8.0
2026-04-05 03:15:00,Barcelona-Sants,10.25,10.5,4.0
2026-04-05 03:30:00,Barcelona-Sants,9.72,5.0,25.0
2026-04-05 03:45:00,Barcelona-Sants,5.483870967741935,2.0,31.0
2026-04-05 04:00:00,Barcelona-Sants,4.7727272727272725,2.0,22.0
2026-04-05 04:15:00,Barcelona-Sants,7.7682926829268295,5.0,82.0
2026-04-05 04:30:00,Barcelona-Sants,8.457943925233645,6.0,107.0
2026-04-05 04:45:00,Barcelona-Sants,-4.8,3.0,35.0
2026-04-05 05:00:00,Barcelona-Sants,8.53416149068323,5.0,161.0
2026-04-05 05:15:00,Barcelona-Sants,7.2384615384615385,5.0,130.0
2026-04-05 05:30:00,Barcelona-Sants,7.6835443037974684,6.0,158.0
2026-04-05 05:45:00,Barcelona-Sants,10.916666666666666,8.0,144.0
2026-04-05 06:00:00,Barcelona-Sants,8.164983164983164,8.0,297.0
2026-04-05 06:15:00,Barcelona-Sants,13.162162162162161,12.0,296.0
2026-04-05 06:30:00,Barcelona-Sants,12.630573248407643,15.0,157.0
2026-04-05 06:45:00,Barcelona-Sants,11.09047619047619,8.5,210.0
2026-04-05 07:00:00,Barcelona-Sants,10.200934579439252,8.0,214.0
2026-04-05 07:15:00,Barcelona-Sants,13.457317073170731,12.0,164.0
2026-04-05 07:30:00,Barcelona-Sants,10.029411764705882,10.5,238.0
2026-04-05 07:45:00,Barcelona-Sants,10.580769230769231,10.0,260.0
2026-04-05 08:00:00,Barcelona-Sants,15.020725388601036,13.0,193.0
2026-04-05 08:15:00,Barcelona-Sants,15.03448275862069,12.0,145.0
2026-04-05 08:30:00,Barcelona-Sants,13.822222222222223,12.0,225.0
2026-04-05 08:45:00,Barcelona-Sants,12.363057324840764,9.0,314.0
2026-04-05 09:00:00,Barcelona-Sants,13.395833333333334,11.0,144.0
2026-04-05 09:15:00,Barcelona-Sants,13.405405405405405,11.0,259.0
2026-04-05 09:30:00,Barcelona-Sants,12.493392070484582,11.0,227.0
2026-04-05 09:45:00,Barcelona-Sants,15.288461538461538,12.0,208.0
2026-04-05 10:00:00,Barcelona-Sants,14.926315789473684,12.0,190.0
2026-04-05 10:15:00,Barcelona-Sants,16.324022346368714,14.0,179.0
2026-04-05 10:30:00,Barcelona-Sants,16.926573426573427,14.0,286.0
2026-04-05 10:45:00,Barcelona-Sants,15.283018867924529,11.0,265.0
2026-04-05 11:00:00,Barcelona-Sants,20.821229050279328,21.0,179.0
2026-04-05 11:15:00,Barcelona-Sants,18.976653696498055,15.0,257.0
2026-04-05 11:30:00,Barcelona-Sants,18.180555555555557,14.0,288.0
2026-04-05 11:45:00,Barcelona-Sants,16.977272727272727,13.0,220.0
2026-04-05 12:00:00,Barcelona-Sants,15.505494505494505,13.0,182.0
2026-04-05 12:15:00,Barcelona-Sants,17.404907975460123,14.0,163.0
2026-04-05 12:30:00,Barcelona-Sants,13.373983739837398,7.0,123.0
2026-04-05 12:45:00,Barcelona-Sants,9.46896551724138,5.0,145.0
2026-04-05 13:00:00,Barcelona-Sants,17.69934640522876,13.0,153.0
2026-04-05 13:15:00,Barcelona-Sants,14.943037974683545,9.0,158.0
2026-04-05 13:30:00,Barcelona-Sants,19.083798882681563,13.0,179.0
2026-04-05 13:45:00,Barcelona-Sants,17.98901098901099,10.0,182.0
2026-04-05 14:00:00,Barcelona-Sants,19.029411764705884,12.0,238.0
2026-04-05 14:15:00,Barcelona-Sants,17.668639053254438,12.0,169.0
2026-04-05 14:30:00,Barcelona-Sants,17.773504273504273,9.0,234.0
2026-04-05 14:45:00,Barcelona-Sants,23.701960784313727,19.0,255.0
2026-04-05 15:00:00,Barcelona-Sants,21.185393258426966,16.0,178.0
2026-04-05 15:15:00,Barcelona-Sants,21.96946564885496,19.0,131.0
2026-04-05 15:30:00,Barcelona-Sants,18.319371727748692,12.0,191.0
2026-04-05 15:45:00,Barcelona-Sants,21.142276422764226,15.0,246.0
2026-04-05 16:00:00,Barcelona-Sants,25.92,19.0,150.0
2026-04-05 16:15:00,Barcelona-Sants,24.517241379310345,18.0,145.0
2026-04-05 16:30:00,Barcelona-Sants,31.32191780821918,25.0,146.0
2026-04-05 16:45:00,Barcelona-Sants,25.10232558139535,18.0,215.0
2026-04-05 17:00:00,Barcelona-Sants,20.62589928057554,13.0,278.0
2026-04-05 17:15:00,Barcelona-Sants,22.280193236714975,16.0,207.0
2026-04-05 17:30:00,Barcelona-Sants,17.55625,11.0,160.0
2026-04-05 17:45:00,Barcelona-Sants,16.766233766233768,12.0,154.0
2026-04-05 18:00:00,Barcelona-Sants,16.934426229508198,11.0,183.0
2026-04-05 18:15:00,Barcelona-Sants,20.43046357615894,13.0,151.0
2026-04-05 18:30:00,Barcelona-Sants,23.654205607476637,14.5,214.0
2026-04-05 18:45:00,Barcelona-Sants,25.10126582278481,21.0,158.0
2026-04-05 19:00:00,Barcelona-Sants,22.243093922651934,14.0,181.0
2026-04-05 19:15:00,Barcelona-Sants,19.172268907563026,13.0,238.0
2026-04-05 19:30:00,Barcelona-Sants,26.60625,15.0,160.0
2026-04-05 19:45:00,Barcelona-Sants,24.698924731182796,16.0,186.0
2026-04-05 20:00:00,Barcelona-Sants,25.933774834437084,16.0,151.0
2026-04-05 20:15:00,Barcelona-Sants,23.72872340425532,15.0,188.0
2026-04-05 20:30:00,Barcelona-Sants,23.511363636363637,15.5,176.0
2026-04-05 20:45:00,Barcelona-Sants,20.587628865979383,16.0,194.0
2026-04-05 21:00:00,Barcelona-Sants,19.280701754385966,15.5,114.0
2026-04-05 21:15:00,Barcelona-Sants,19.864516129032257,16.0,155.0
2026-04-05 21:30:00,Barcelona-Sants,15.148387096774194,6.0,155.0
2026-04-05 21:45:00,Barcelona-Sants,15.37962962962963,6.0,108.0
2026-04-05 22:00:00,Barcelona-Sants,22.0,21.0,74.0
2026-04-05 22:15:00,Barcelona-Sants,16.496,6.0,125.0
2026-04-05 22:30:00,Barcelona-Sants,23.246153846153845,32.0,65.0
2026-04-05 22:45:00,Barcelona-Sants,15.140350877192983,4.0,57.0
2026-04-05 23:00:00,Barcelona-Sants,20.01818181818182,6.0,55.0
2026-04-05 23:15:00,Barcelona-Sants,13.948717948717949,4.0,39.0
2026-04-05 23:30:00,Barcelona-Sants,10.2,0.0,10.0
2026-04-05 23:45:00,Barcelona-Sants,1.6666666666666667,0.0,3.0
2026-04-06 00:00:00,Barcelona-Sants,,,
2026-04-06 00:15:00,Barcelona-Sants,,,
2026-04-06 00:30:00,Barcelona-Sants,,,
2026-04-06 00:45:00,Barcelona-Sants,,,
2026-04-06 01:00:00,Barcelona-Sants,,,
2026-04-06 01:15:00,Barcelona-Sants,,,
2026-04-06 01:30:00,Barcelona-Sants,,,
2026-04-06 01:45:00,Barcelona-Sants,,,
2026-04-06 02:00:00,Barcelona-Sants,,,
2026-04-06 02:15:00,Barcelona-Sants,,,
2026-04-06 02:30:00,Barcelona-Sants,,,
2026-04-06 02:45:00,Barcelona-Sants,,,
2026-04-06 03:00:00,Barcelona-Sants,,,
2026-04-06 03:15:00,Barcelona-Sants,,,
2026-04-06 03:30:00,Barcelona-Sants,5.0,5.0,1.0
2026-04-06 03:45:00,Barcelona-Sants,6.2727272727272725,5.0,11.0
2026-04-06 04:00:00,Barcelona-Sants,5.642857142857143,5.0,14.0
2026-04-06 04:15:00,Barcelona-Sants,5.5,4.0,34.0
2026-04-06 04:30:00,Barcelona-Sants,3.4523809523809526,3.0,42.0
2026-04-06 04:45:00,Barcelona-Sants,2.56,5.0,50.0
2026-04-06 05:00:00,Barcelona-Sants,6.722222222222222,4.0,36.0
2026-04-06 05:15:00,Barcelona-Sants,6.329411764705882,5.0,85.0
2026-04-06 05:30:00,Barcelona-Sants,5.916666666666667,3.0,72.0
2026-04-06 05:45:00,Barcelona-Sants,7.704225352112676,8.0,71.0
2026-04-06 06:00:00,Barcelona-Sants,6.838461538461538,6.5,130.0
2026-04-06 06:15:00,Barcelona-Sants,7.3418803418803416,8.0,117.0
2026-04-06 06:30:00,Barcelona-Sants,9.379310344827585,10.0,87.0
2026-04-06 06:45:00,Barcelona-Sants,13.0,12.0,95.0
2026-04-06 07:00:00,Barcelona-Sants,9.117021276595745,7.0,94.0
2026-04-06 07:15:00,Barcelona-Sants,14.027777777777779,13.0,108.0
2026-04-06 07:30:00,Barcelona-Sants,12.476190476190476,12.0,147.0
2026-04-06 07:45:00,Barcelona-Sants,11.260162601626016,10.0,123.0
2026-04-06 08:00:00,Barcelona-Sants,11.666666666666666,10.0,102.0
2026-04-06 08:15:00,Barcelona-Sants,13.16326530612245,12.0,98.0
2026-04-06 08:30:00,Barcelona-Sants,11.044943820224718,9.0,178.0
2026-04-06 08:45:00,Barcelona-Sants,10.046511627906977,6.0,129.0
2026-04-06 09:00:00,Barcelona-Sants,11.571428571428571,9.0,98.0
2026-04-06 09:15:00,Barcelona-Sants,12.316129032258065,10.0,155.0
2026-04-06 09:30:00,Barcelona-Sants,12.268817204301076,12.0,93.0
2026-04-06 09:45:00,Barcelona-Sants,12.130841121495328,11.0,107.0
2026-04-06 10:00:00,Barcelona-Sants,15.291666666666666,14.0,144.0
2026-04-06 10:15:00,Barcelona-Sants,14.873684210526315,14.0,95.0
2026-04-06 10:30:00,Barcelona-Sants,11.314606741573034,7.0,89.0
2026-04-06 10:45:00,Barcelona-Sants,16.578512396694215,14.0,121.0
2026-04-06 11:00:00,Barcelona-Sants,20.21,20.0,100.0
2026-04-06 11:15:00,Barcelona-Sants,17.516483516483518,14.0,91.0
2026-04-06 11:30:00,Barcelona-Sants,15.952380952380953,12.0,84.0
2026-04-06 11:45:00,Barcelona-Sants,14.061068702290076,11.0,131.0
2026-04-06 12:00:00,Barcelona-Sants,16.783783783783782,14.0,74.0
2026-04-06 12:15:00,Barcelona-Sants,13.821917808219178,7.0,73.0
2026-04-06 12:30:00,Barcelona-Sants,15.929292929292929,13.0,99.0
2026-04-06 12:45:00,Barcelona-Sants,11.432432432432432,7.0,111.0
2026-04-06 13:00:00,Barcelona-Sants,11.228346456692913,6.0,127.0
2026-04-06 13:15:00,Barcelona-Sants,13.469565217391304,10.0,115.0
2026-04-06 13:30:00,Barcelona-Sants,14.275229357798166,10.0,109.0
2026-04-06 13:45:00,Barcelona-Sants,13.24,8.5,100.0
2026-04-06 14:00:00,Barcelona-Sants,19.48,13.5,100.0
2026-04-06 14:15:00,Barcelona-Sants,20.0,14.0,80.0
2026-04-06 14:30:00,Barcelona-Sants,16.782608695652176,8.0,69.0
2026-04-06 14:45:00,Barcelona-Sants,16.49532710280374,8.0,107.0
2026-04-06 15:00:00,Barcelona-Sants,16.318181818181817,8.5,88.0
2026-04-06 15:15:00,Barcelona-Sants,18.63888888888889,13.0,72.0
2026-04-06 15:30:00,Barcelona-Sants,15.134751773049645,10.0,141.0
2026-04-06 15:45:00,Barcelona-Sants,16.149532710280372,11.0,107.0
2026-04-06 16:00:00,Barcelona-Sants,17.51937984496124,16.0,129.0
2026-04-06 16:15:00,Barcelona-Sants,17.022900763358777,13.0,131.0
2026-04-06 16:30:00,Barcelona-Sants,16.812080536912752,11.0,149.0
2026-04-06 16:45:00,Barcelona-Sants,15.17094017094017,11.0,117.0
2026-04-06 17:00:00,Barcelona-Sants,16.923076923076923,12.0,104.0
2026-04-06 17:15:00,Barcelona-Sants,22.966666666666665,20.0,90.0
2026-04-06 17:30:00,Barcelona-Sants,16.74590163934426,13.0,122.0
2026-04-06 17:45:00,Barcelona-Sants,17.346774193548388,13.0,124.0
2026-04-06 18:00:00,Barcelona-Sants,16.676190476190477,13.0,105.0
2026-04-06 18:15:00,Barcelona-Sants,20.197183098591548,16.0,71.0
2026-04-06 18:30:00,Barcelona-Sants,15.201492537313433,12.0,134.0
2026-04-06 18:45:00,Barcelona-Sants,15.804878048780488,12.0,82.0
2026-04-06 19:00:00,Barcelona-Sants,20.507142857142856,13.5,140.0
2026-04-06 19:15:00,Barcelona-Sants,19.68141592920354,13.0,113.0
2026-04-06 19:30:00,Barcelona-Sants,20.182926829268293,11.5,82.0
2026-04-06 19:45:00,Barcelona-Sants,24.9875,18.5,80.0
2026-04-06 20:00:00,Barcelona-Sants,23.195121951219512,13.0,82.0
2026-04-06 20:15:00,Barcelona-Sants,20.762886597938145,15.0,97.0
2026-04-06 20:30:00,Barcelona-Sants,26.023255813953487,24.0,43.0
2026-04-06 20:45:00,Barcelona-Sants,23.14851485148515,18.0,101.0
2026-04-06 21:00:00,Barcelona-Sants,27.5,28.5,74.0
2026-04-06 21:15:00,Barcelona-Sants,22.963636363636365,26.0,55.0
2026-04-06 21:30:00,Barcelona-Sants,22.25,20.0,52.0
2026-04-06 21:45:00,Barcelona-Sants,16.741573033707866,15.0,89.0
2026-04-06 22:00:00,Barcelona-Sants,15.709677419354838,15.0,62.0
2026-04-06 22:15:00,Barcelona-Sants,18.098039215686274,16.0,51.0
2026-04-06 22:30:00,Barcelona-Sants,17.291666666666668,15.0,48.0
2026-04-06 22:45:00,Barcelona-Sants,15.964285714285714,6.5,28.0
2026-04-06 23:00:00,Barcelona-Sants,16.928571428571427,4.0,14.0
2026-04-06 23:15:00,Barcelona-Sants,11.5,1.0,24.0
2026-04-06 23:30:00,Barcelona-Sants,11.5,0.0,4.0
2026-04-06 23:45:00,Barcelona-Sants,0.1111111111111111,0.0,9.0
2026-04-07 00:00:00,Barcelona-Sants,,,
2026-04-07 00:15:00,Barcelona-Sants,,,
2026-04-07 00:30:00,Barcelona-Sants,,,
2026-04-07 00:45:00,Barcelona-Sants,,,
2026-04-07 01:00:00,Barcelona-Sants,,,
2026-04-07 01:15:00,Barcelona-Sants,,,
2026-04-07 01:30:00,Barcelona-Sants,,,
2026-04-07 01:45:00,Barcelona-Sants,,,
2026-04-07 02:00:00,Barcelona-Sants,,,
2026-04-07 02:15:00,Barcelona-Sants,,,
2026-04-07 02:30:00,Barcelona-Sants,,,
2026-04-07 02:45:00,Barcelona-Sants,26.0,26.0,1.0
2026-04-07 03:00:00,Barcelona-Sants,,,
2026-04-07 03:15:00,Barcelona-Sants,17.75,22.0,4.0
2026-04-07 03:30:00,Barcelona-Sants,21.6,20.0,5.0
2026-04-07 03:45:00,Barcelona-Sants,18.0,18.0,19.0
2026-04-07 04:00:00,Barcelona-Sants,15.2,16.0,10.0
2026-04-07 04:15:00,Barcelona-Sants,13.8,16.0,15.0
2026-04-07 04:30:00,Barcelona-Sants,9.551724137931034,6.0,29.0
2026-04-07 04:45:00,Barcelona-Sants,11.305555555555555,11.0,72.0
2026-04-07 05:00:00,Barcelona-Sants,10.66,6.0,50.0
2026-04-07 05:15:00,Barcelona-Sants,15.333333333333334,18.0,99.0
2026-04-07 05:30:00,Barcelona-Sants,14.13013698630137,16.0,146.0
2026-04-07 05:45:00,Barcelona-Sants,14.223529411764705,16.0,85.0
2026-04-07 06:00:00,Barcelona-Sants,11.21259842519685,10.0,127.0
2026-04-07 06:15:00,Barcelona-Sants,11.162962962962963,10.0,135.0
2026-04-07 06:30:00,Barcelona-Sants,12.551181102362206,12.0,127.0
2026-04-07 06:45:00,Barcelona-Sants,11.022222222222222,7.0,135.0
2026-04-07 07:00:00,Barcelona-Sants,13.641379310344828,12.0,145.0
2026-04-07 07:15:00,Barcelona-Sants,16.08888888888889,13.0,135.0
2026-04-07 07:30:00,Barcelona-Sants,17.8135593220339,15.5,118.0
2026-04-07 07:45:00,Barcelona-Sants,15.205714285714286,12.0,175.0
2026-04-07 08:00:00,Barcelona-Sants,14.55483870967742,10.0,155.0
2026-04-07 08:15:00,Barcelona-Sants,19.040816326530614,15.0,147.0
2026-04-07 08:30:00,Barcelona-Sants,21.0,18.0,118.0
2026-04-07 08:45:00,Barcelona-Sants,16.920353982300885,12.0,113.0
2026-04-07 09:00:00,Barcelona-Sants,19.41988950276243,15.0,181.0
2026-04-07 09:15:00,Barcelona-Sants,18.97590361445783,15.0,83.0
2026-04-07 09:30:00,Barcelona-Sants,20.556818181818183,14.0,88.0
2026-04-07 09:45:00,Barcelona-Sants,22.013513513513512,18.0,74.0
2026-04-07 10:00:00,Barcelona-Sants,18.523364485981308,14.0,107.0
2026-04-07 10:15:00,Barcelona-Sants,16.84313725490196,14.0,102.0
2026-04-07 10:30:00,Barcelona-Sants,18.91176470588235,16.5,102.0
2026-04-07 10:45:00,Barcelona-Sants,18.20472440944882,11.0,127.0
2026-04-07 11:00:00,Barcelona-Sants,19.095652173913045,14.0,115.0
2026-04-07 11:15:00,Barcelona-Sants,16.728070175438596,11.0,114.0
2026-04-07 11:30:00,Barcelona-Sants,16.706666666666667,14.0,75.0
2026-04-07 11:45:00,Barcelona-Sants,14.136986301369863,8.0,73.0
2026-04-07 12:00:00,Barcelona-Sants,14.58108108108108,9.0,74.0
2026-04-07 12:15:00,Barcelona-Sants,15.292682926829269,10.0,41.0
2026-04-07 12:30:00,Barcelona-Sants,11.546762589928058,8.0,139.0
2026-04-07 12:45:00,Barcelona-Sants,9.354166666666666,5.0,96.0
2026-04-07 13:00:00,Barcelona-Sants,9.544554455445544,8.0,101.0
2026-04-07 13:15:00,Barcelona-Sants,9.505154639175258,8.0,97.0
2026-04-07 13:30:00,Barcelona-Sants,7.890410958904109,8.0,73.0
2026-04-07 13:45:00,Barcelona-Sants,9.813559322033898,9.0,118.0
2026-04-07 14:00:00,Barcelona-Sants,10.63265306122449,10.0,98.0
2026-04-07 14:15:00,Barcelona-Sants,9.454545454545455,9.0,132.0
2026-04-07 14:30:00,Barcelona-Sants,9.951923076923077,8.0,104.0
2026-04-07 14:45:00,Barcelona-Sants,12.410714285714286,9.0,112.0
2026-04-07 15:00:00,Barcelona-Sants,12.25,9.0,92.0
2026-04-07 15:15:00,Barcelona-Sants,14.845070422535212,13.0,142.0
2026-04-07 15:30:00,Barcelona-Sants,15.132231404958677,15.0,121.0
2026-04-07 15:45:00,Barcelona-Sants,15.423076923076923,15.0,78.0
2026-04-07 16:00:00,Barcelona-Sants,16.705882352941178,15.0,153.0
2026-04-07 16:15:00,Barcelona-Sants,14.642857142857142,11.0,98.0
2026-04-07 16:30:00,Barcelona-Sants,16.084745762711865,12.0,118.0
2026-04-07 16:45:00,Barcelona-Sants,15.42142857142857,11.0,140.0
2026-04-07 17:00:00,Barcelona-Sants,20.10909090909091,16.0,55.0
2026-04-07 17:15:00,Barcelona-Sants,20.556962025316455,16.0,158.0
2026-04-07 17:30:00,Barcelona-Sants,18.526315789473685,15.0,57.0
2026-04-07 17:45:00,Barcelona-Sants,19.52840909090909,16.0,176.0
2026-04-07 18:00:00,Barcelona-Sants,20.67283950617284,16.0,162.0
2026-04-07 18:15:00,Barcelona-Sants,18.019736842105264,14.0,152.0
2026-04-07 18:30:00,Barcelona-Sants,21.528455284552845,21.0,123.0
2026-04-07 18:45:00,Barcelona-Sants,20.373493975903614,21.0,83.0
2026-04-07 19:00:00,Barcelona-Sants,18.933333333333334,16.0,135.0
2026-04-07 19:15:00,Barcelona-Sants,22.120689655172413,21.0,116.0
2026-04-07 19:30:00,Barcelona-Sants,20.46086956521739,20.0,115.0
2026-04-07 19:45:00,Barcelona-Sants,20.027027027027028,14.5,74.0
2026-04-07 20:00:00,Barcelona-Sants,21.10377358490566,20.0,106.0
2026-04-07 20:15:00,Barcelona-Sants,24.23148148148148,20.0,108.0
2026-04-07 20:30:00,Barcelona-Sants,20.5,18.5,114.0
2026-04-07 20:45:00,Barcelona-Sants,19.782608695652176,19.0,69.0
2026-04-07 21:00:00,Barcelona-Sants,22.77659574468085,18.0,94.0
2026-04-07 21:15:00,Barcelona-Sants,18.759615384615383,12.0,104.0
2026-04-07 21:30:00,Barcelona-Sants,21.72,18.0,100.0
2026-04-07 21:45:00,Barcelona-Sants,20.783333333333335,16.0,60.0
2026-04-07 22:00:00,Barcelona-Sants,20.846153846153847,16.0,39.0
2026-04-07 22:15:00,Barcelona-Sants,21.428571428571427,9.0,56.0
2026-04-07 22:30:00,Barcelona-Sants,24.296296296296298,15.0,27.0
2026-04-07 22:45:00,Barcelona-Sants,21.870967741935484,9.0,31.0
2026-04-07 23:00:00,Barcelona-Sants,25.416666666666668,20.5,12.0
2026-04-07 23:15:00,Barcelona-Sants,32.666666666666664,32.0,18.0
2026-04-07 23:30:00,Barcelona-Sants,34.857142857142854,35.5,14.0
2026-04-07 23:45:00,Barcelona-Sants,33.07692307692308,39.0,13.0
2026-04-08 00:00:00,Barcelona-Sants,,,
2026-04-08 00:15:00,Barcelona-Sants,,,
2026-04-08 00:30:00,Barcelona-Sants,,,
2026-04-08 00:45:00,Barcelona-Sants,,,
2026-04-08 01:00:00,Barcelona-Sants,,,
2026-04-08 01:15:00,Barcelona-Sants,,,
2026-04-08 01:30:00,Barcelona-Sants,,,
2026-04-08 01:45:00,Barcelona-Sants,,,
2026-04-08 02:00:00,Barcelona-Sants,,,
2026-04-08 02:15:00,Barcelona-Sants,,,
2026-04-08 02:30:00,Barcelona-Sants,,,
2026-04-08 02:45:00,Barcelona-Sants,,,
2026-04-08 03:00:00,Barcelona-Sants,11.0,11.0,2.0
2026-04-08 03:15:00,Barcelona-Sants,8.0,7.5,12.0
2026-04-08 03:30:00,Barcelona-Sants,6.3,11.0,10.0
2026-04-08 03:45:00,Barcelona-Sants,9.125,9.5,8.0
2026-04-08 04:00:00,Barcelona-Sants,8.265625,7.0,64.0
2026-04-08 04:15:00,Barcelona-Sants,9.24390243902439,8.0,82.0
2026-04-08 04:30:00,Barcelona-Sants,8.024390243902438,7.0,82.0
2026-04-08 04:45:00,Barcelona-Sants,8.717105263157896,7.0,152.0
2026-04-08 05:00:00,Barcelona-Sants,10.44078947368421,8.0,152.0
2026-04-08 05:15:00,Barcelona-Sants,9.632352941176471,8.0,204.0
2026-04-08 05:30:00,Barcelona-Sants,10.068,8.5,250.0
2026-04-08 05:45:00,Barcelona-Sants,10.243589743589743,8.0,156.0
2026-04-08 06:00:00,Barcelona-Sants,10.985401459854014,9.0,274.0
2026-04-08 06:15:00,Barcelona-Sants,9.925233644859814,8.0,214.0
2026-04-08 06:30:00,Barcelona-Sants,11.190677966101696,10.0,236.0
2026-04-08 06:45:00,Barcelona-Sants,11.71311475409836,10.0,244.0
2026-04-08 07:00:00,Barcelona-Sants,14.33974358974359,10.0,312.0
2026-04-08 07:15:00,Barcelona-Sants,13.588235294117647,10.0,374.0
2026-04-08 07:30:00,Barcelona-Sants,13.618110236220472,10.5,254.0
2026-04-08 07:45:00,Barcelona-Sants,14.32824427480916,11.0,262.0
2026-04-08 08:00:00,Barcelona-Sants,14.694029850746269,13.0,268.0
2026-04-08 08:15:00,Barcelona-Sants,12.779069767441861,10.0,172.0
2026-04-08 08:30:00,Barcelona-Sants,14.768181818181818,11.0,220.0
2026-04-08 08:45:00,Barcelona-Sants,12.861788617886178,10.0,246.0
2026-04-08 09:00:00,Barcelona-Sants,12.558823529411764,11.0,170.0
2026-04-08 09:15:00,Barcelona-Sants,16.586206896551722,15.0,174.0
2026-04-08 09:30:00,Barcelona-Sants,15.6,12.0,140.0
2026-04-08 09:45:00,Barcelona-Sants,17.401234567901234,13.0,162.0
2026-04-08 10:00:00,Barcelona-Sants,13.754032258064516,10.0,248.0
2026-04-08 10:15:00,Barcelona-Sants,13.656521739130435,11.0,230.0
2026-04-08 10:30:00,Barcelona-Sants,12.886904761904763,11.0,168.0
2026-04-08 10:45:00,Barcelona-Sants,9.37719298245614,7.5,228.0
2026-04-08 11:00:00,Barcelona-Sants,10.127906976744185,9.0,172.0
2026-04-08 11:15:00,Barcelona-Sants,8.77450980392157,6.0,102.0
2026-04-08 11:30:00,Barcelona-Sants,10.466981132075471,9.0,212.0
2026-04-08 11:45:00,Barcelona-Sants,9.755555555555556,8.0,180.0
2026-04-08 12:00:00,Barcelona-Sants,9.347972972972974,7.0,296.0
2026-04-08 12:15:00,Barcelona-Sants,9.689873417721518,8.0,158.0
2026-04-08 12:30:00,Barcelona-Sants,9.977443609022556,8.0,266.0
2026-04-08 12:45:00,Barcelona-Sants,10.986725663716815,9.0,226.0
2026-04-08 13:00:00,Barcelona-Sants,10.186274509803921,9.0,204.0
2026-04-08 13:15:00,Barcelona-Sants,9.222222222222221,8.0,180.0
2026-04-08 13:30:00,Barcelona-Sants,11.302083333333334,9.0,192.0
2026-04-08 13:45:00,Barcelona-Sants,11.047058823529412,10.0,170.0
2026-04-08 14:00:00,Barcelona-Sants,10.281021897810218,8.0,274.0
2026-04-08 14:15:00,Barcelona-Sants,12.890756302521009,11.0,238.0
2026-04-08 14:30:00,Barcelona-Sants,14.063157894736841,12.0,190.0
2026-04-08 14:45:00,Barcelona-Sants,13.35276073619632,11.5,326.0
2026-04-08 15:00:00,Barcelona-Sants,12.635135135135135,11.0,222.0
2026-04-08 15:15:00,Barcelona-Sants,12.048543689320388,10.0,206.0
2026-04-08 15:30:00,Barcelona-Sants,14.454545454545455,11.0,154.0
2026-04-08 15:45:00,Barcelona-Sants,14.74056603773585,12.0,212.0
2026-04-08 16:00:00,Barcelona-Sants,14.488636363636363,13.0,264.0
2026-04-08 16:15:00,Barcelona-Sants,13.865,13.0,200.0
2026-04-08 16:30:00,Barcelona-Sants,15.636904761904763,13.0,168.0
2026-04-08 16:45:00,Barcelona-Sants,15.58433734939759,14.0,166.0
2026-04-08 17:00:00,Barcelona-Sants,18.75229357798165,15.0,218.0
2026-04-08 17:15:00,Barcelona-Sants,19.92808219178082,16.0,292.0
2026-04-08 17:30:00,Barcelona-Sants,20.576923076923077,18.0,130.0
2026-04-08 17:45:00,Barcelona-Sants,24.269736842105264,24.0,152.0
2026-04-08 18:00:00,Barcelona-Sants,23.24822695035461,23.0,282.0
2026-04-08 18:15:00,Barcelona-Sants,22.714953271028037,21.0,214.0
2026-04-08 18:30:00,Barcelona-Sants,26.510526315789473,24.0,190.0
2026-04-08 18:45:00,Barcelona-Sants,24.39010989010989,24.0,182.0
2026-04-08 19:00:00,Barcelona-Sants,23.289473684210527,22.5,190.0
2026-04-08 19:15:00,Barcelona-Sants,23.819512195121952,21.0,205.0
2026-04-08 19:30:00,Barcelona-Sants,24.37226277372263,24.0,274.0
2026-04-08 19:45:00,Barcelona-Sants,19.967032967032967,17.0,182.0
2026-04-08 20:00:00,Barcelona-Sants,22.0625,20.5,208.0
2026-04-08 20:15:00,Barcelona-Sants,21.022727272727273,18.0,132.0
2026-04-08 20:30:00,Barcelona-Sants,22.950892857142858,24.0,224.0
2026-04-08 20:45:00,Barcelona-Sants,19.832369942196532,18.0,173.0
2026-04-08 21:00:00,Barcelona-Sants,20.37378640776699,17.0,206.0
2026-04-08 21:15:00,Barcelona-Sants,19.605042016806724,17.0,119.0
2026-04-08 21:30:00,Barcelona-Sants,19.142857142857142,17.0,140.0
2026-04-08 21:45:00,Barcelona-Sants,19.224852071005916,17.0,169.0
2026-04-08 22:00:00,Barcelona-Sants,18.16504854368932,17.0,103.0
2026-04-08 22:15:00,Barcelona-Sants,16.258426966292134,13.0,89.0
2026-04-08 22:30:00,Barcelona-Sants,17.1875,15.0,96.0
2026-04-08 22:45:00,Barcelona-Sants,15.870967741935484,14.0,62.0
2026-04-08 23:00:00,Barcelona-Sants,18.632653061224488,16.0,49.0
2026-04-08 23:15:00,Barcelona-Sants,18.045454545454547,16.0,44.0
2026-04-08 23:30:00,Barcelona-Sants,18.41176470588235,16.0,34.0
2026-04-08 23:45:00,Barcelona-Sants,11.4375,12.0,16.0
2026-04-09 00:00:00,Barcelona-Sants,,,
2026-04-09 00:15:00,Barcelona-Sants,,,
2026-04-09 00:30:00,Barcelona-Sants,,,
2026-04-09 00:45:00,Barcelona-Sants,,,
2026-04-09 01:00:00,Barcelona-Sants,,,
2026-04-09 01:15:00,Barcelona-Sants,,,
2026-04-09 01:30:00,Barcelona-Sants,,,
2026-04-09 01:45:00,Barcelona-Sants,,,
2026-04-09 02:00:00,Barcelona-Sants,,,
2026-04-09 02:15:00,Barcelona-Sants,,,
2026-04-09 02:30:00,Barcelona-Sants,,,
2026-04-09 02:45:00,Barcelona-Sants,,,
2026-04-09 03:00:00,Barcelona-Sants,,,
2026-04-09 03:15:00,Barcelona-Sants,4.5,4.5,2.0
2026-04-09 03:30:00,Barcelona-Sants,9.2,10.0,5.0
2026-04-09 03:45:00,Barcelona-Sants,12.0,12.0,7.0
2026-04-09 04:00:00,Barcelona-Sants,12.0,12.0,31.0
2026-04-09 04:15:00,Barcelona-Sants,10.105263157894736,11.0,19.0
2026-04-09 04:30:00,Barcelona-Sants,9.166666666666666,10.0,30.0
2026-04-09 04:45:00,Barcelona-Sants,11.11111111111111,11.0,81.0
2026-04-09 05:00:00,Barcelona-Sants,11.145454545454545,10.0,55.0
2026-04-09 05:15:00,Barcelona-Sants,11.815384615384616,12.0,65.0
2026-04-09 05:30:00,Barcelona-Sants,12.255102040816327,11.0,98.0
2026-04-09 05:45:00,Barcelona-Sants,11.89655172413793,10.0,87.0
2026-04-09 06:00:00,Barcelona-Sants,14.181818181818182,15.0,77.0
2026-04-09 06:15:00,Barcelona-Sants,14.061068702290076,14.0,131.0
2026-04-09 06:30:00,Barcelona-Sants,13.955696202531646,11.0,158.0
2026-04-09 06:45:00,Barcelona-Sants,14.383333333333333,12.0,120.0
2026-04-09 07:00:00,Barcelona-Sants,14.828125,13.0,128.0
2026-04-09 07:15:00,Barcelona-Sants,15.8,14.5,110.0
2026-04-09 07:30:00,Barcelona-Sants,16.211111111111112,14.5,90.0
2026-04-09 07:45:00,Barcelona-Sants,17.716216216216218,16.0,74.0
2026-04-09 08:00:00,Barcelona-Sants,18.104347826086958,16.0,115.0
2026-04-09 08:15:00,Barcelona-Sants,16.38562091503268,13.0,153.0
2026-04-09 08:30:00,Barcelona-Sants,17.7593984962406,16.0,133.0
2026-04-09 08:45:00,Barcelona-Sants,16.184931506849313,14.0,146.0
2026-04-09 09:00:00,Barcelona-Sants,18.566265060240966,19.0,166.0
2026-04-09 09:15:00,Barcelona-Sants,17.380281690140844,18.0,71.0
2026-04-09 09:30:00,Barcelona-Sants,18.990654205607477,17.0,107.0
2026-04-09 09:45:00,Barcelona-Sants,23.26829268292683,22.0,41.0
2026-04-09 10:00:00,Barcelona-Sants,19.40909090909091,16.0,110.0
2026-04-09 10:15:00,Barcelona-Sants,17.968992248062015,16.0,129.0
2026-04-09 10:30:00,Barcelona-Sants,17.115702479338843,16.0,121.0
2026-04-09 10:45:00,Barcelona-Sants,16.633802816901408,16.0,71.0
2026-04-09 11:00:00,Barcelona-Sants,15.010204081632653,15.0,98.0
2026-04-09 11:15:00,Barcelona-Sants,12.416666666666666,9.0,60.0
2026-04-09 11:30:00,Barcelona-Sants,16.089285714285715,16.0,56.0
2026-04-09 11:45:00,Barcelona-Sants,15.273584905660377,14.0,106.0
2026-04-09 12:00:00,Barcelona-Sants,14.530864197530864,12.0,81.0
2026-04-09 12:15:00,Barcelona-Sants,14.927536231884059,14.0,69.0
2026-04-09 12:30:00,Barcelona-Sants,12.385321100917432,10.0,109.0
2026-04-09 12:45:00,Barcelona-Sants,13.133333333333333,11.0,90.0
2026-04-09 13:00:00,Barcelona-Sants,15.0625,12.0,64.0
2026-04-09 13:15:00,Barcelona-Sants,13.185714285714285,10.0,70.0
2026-04-09 13:30:00,Barcelona-Sants,16.294871794871796,13.0,78.0
2026-04-09 13:45:00,Barcelona-Sants,13.060344827586206,11.0,116.0
2026-04-09 14:00:00,Barcelona-Sants,14.770114942528735,14.0,87.0
2026-04-09 14:15:00,Barcelona-Sants,15.710526315789474,13.0,114.0
2026-04-09 14:30:00,Barcelona-Sants,16.385416666666668,16.0,96.0
2026-04-09 14:45:00,Barcelona-Sants,18.205128205128204,19.0,117.0
2026-04-09 15:00:00,Barcelona-Sants,15.387096774193548,13.0,93.0
2026-04-09 15:15:00,Barcelona-Sants,15.025,11.0,80.0
2026-04-09 15:30:00,Barcelona-Sants,18.383333333333333,18.5,60.0
2026-04-09 15:45:00,Barcelona-Sants,14.81081081081081,13.0,74.0
2026-04-09 16:00:00,Barcelona-Sants,20.47747747747748,18.0,111.0
2026-04-09 16:15:00,Barcelona-Sants,17.21518987341772,14.0,79.0
2026-04-09 16:30:00,Barcelona-Sants,16.605263157894736,15.5,114.0
2026-04-09 16:45:00,Barcelona-Sants,14.50909090909091,14.0,110.0
2026-04-09 17:00:00,Barcelona-Sants,15.709677419354838,14.0,62.0
2026-04-09 17:15:00,Barcelona-Sants,19.17391304347826,16.0,69.0
2026-04-09 17:30:00,Barcelona-Sants,17.734513274336283,16.0,113.0
2026-04-09 17:45:00,Barcelona-Sants,18.130434782608695,16.0,92.0
2026-04-09 18:00:00,Barcelona-Sants,19.545454545454547,16.0,143.0
2026-04-09 18:15:00,Barcelona-Sants,18.363636363636363,15.0,66.0
2026-04-09 18:30:00,Barcelona-Sants,22.651785714285715,21.0,112.0
2026-04-09 18:45:00,Barcelona-Sants,19.824175824175825,14.0,91.0
2026-04-09 19:00:00,Barcelona-Sants,15.257142857142858,14.0,70.0
2026-04-09 19:15:00,Barcelona-Sants,19.94573643410853,17.0,129.0
2026-04-09 19:30:00,Barcelona-Sants,21.37037037037037,19.0,108.0
2026-04-09 19:45:00,Barcelona-Sants,23.316326530612244,20.5,98.0
2026-04-09 20:00:00,Barcelona-Sants,24.373831775700936,24.0,107.0
2026-04-09 20:15:00,Barcelona-Sants,22.51851851851852,20.0,108.0
2026-04-09 20:30:00,Barcelona-Sants,21.605504587155963,20.0,109.0
2026-04-09 20:45:00,Barcelona-Sants,22.873015873015873,20.5,126.0
2026-04-09 21:00:00,Barcelona-Sants,22.293650793650794,20.0,126.0
2026-04-09 21:15:00,Barcelona-Sants,17.84269662921348,17.0,89.0
2026-04-09 21:30:00,Barcelona-Sants,18.557692307692307,20.0,52.0
2026-04-09 21:45:00,Barcelona-Sants,21.211267605633804,20.0,71.0
2026-04-09 22:00:00,Barcelona-Sants,15.53225806451613,17.0,62.0
2026-04-09 22:15:00,Barcelona-Sants,11.82857142857143,10.0,35.0
2026-04-09 22:30:00,Barcelona-Sants,12.68421052631579,12.0,38.0
2026-04-09 22:45:00,Barcelona-Sants,13.642857142857142,14.0,42.0
2026-04-09 23:00:00,Barcelona-Sants,15.55,16.0,20.0
2026-04-09 23:15:00,Barcelona-Sants,14.789473684210526,16.0,19.0
2026-04-09 23:30:00,Barcelona-Sants,12.272727272727273,10.0,11.0
2026-04-09 23:45:00,Barcelona-Sants,10.333333333333334,14.0,5.0
2026-03-15 14:00:00,El Prat de Llobregat,11.166666666666666,6.5,6.0
2026-03-15 14:15:00,El Prat de Llobregat,7.476923076923077,6.0,65.0
2026-03-15 14:30:00,El Prat de Llobregat,8.729166666666666,6.0,48.0
2026-03-15 14:45:00,El Prat de Llobregat,8.313725490196079,6.0,51.0
2026-03-15 15:00:00,El Prat de Llobregat,9.513513513513514,6.0,37.0
2026-03-15 15:15:00,El Prat de Llobregat,9.538461538461538,7.0,52.0
2026-03-15 15:30:00,El Prat de Llobregat,10.116279069767442,7.0,43.0
2026-03-15 15:45:00,El Prat de Llobregat,9.615384615384615,6.0,39.0
2026-03-15 16:00:00,El Prat de Llobregat,10.552631578947368,6.5,38.0
2026-03-15 16:15:00,El Prat de Llobregat,7.394736842105263,5.5,38.0
2026-03-15 16:30:00,El Prat de Llobregat,8.804347826086957,7.0,46.0
2026-03-15 16:45:00,El Prat de Llobregat,6.631578947368421,6.0,95.0
2026-03-15 17:00:00,El Prat de Llobregat,6.0,6.0,60.0
2026-03-15 17:15:00,El Prat de Llobregat,6.042553191489362,6.0,47.0
2026-03-15 17:30:00,El Prat de Llobregat,7.30188679245283,6.0,53.0
2026-03-15 17:45:00,El Prat de Llobregat,6.944444444444445,6.0,36.0
2026-03-15 18:00:00,El Prat de Llobregat,7.9375,7.0,48.0
2026-03-15 18:15:00,El Prat de Llobregat,7.686274509803922,6.0,51.0
2026-03-15 18:30:00,El Prat de Llobregat,6.59375,6.5,32.0
2026-03-15 18:45:00,El Prat de Llobregat,7.311111111111111,7.0,45.0
2026-03-15 19:00:00,El Prat de Llobregat,5.775,4.0,40.0
2026-03-15 19:15:00,El Prat de Llobregat,5.2,3.0,40.0
2026-03-15 19:30:00,El Prat de Llobregat,8.696428571428571,7.5,56.0
2026-03-15 19:45:00,El Prat de Llobregat,8.030303030303031,6.0,33.0
2026-03-15 20:00:00,El Prat de Llobregat,10.714285714285714,7.0,42.0
2026-03-15 20:15:00,El Prat de Llobregat,8.777777777777779,7.0,54.0
2026-03-15 20:30:00,El Prat de Llobregat,8.293103448275861,7.0,58.0
2026-03-15 20:45:00,El Prat de Llobregat,8.820512820512821,8.0,39.0
2026-03-15 21:00:00,El Prat de Llobregat,10.048780487804878,9.0,41.0
2026-03-15 21:15:00,El Prat de Llobregat,10.288135593220339,9.0,59.0
2026-03-15 21:30:00,El Prat de Llobregat,11.12,9.0,25.0
2026-03-15 21:45:00,El Prat de Llobregat,10.08108108108108,7.0,37.0
2026-03-15 22:00:00,El Prat de Llobregat,9.757575757575758,7.0,33.0
2026-03-15 22:15:00,El Prat de Llobregat,9.272727272727273,7.0,22.0
2026-03-15 22:30:00,El Prat de Llobregat,7.970588235294118,6.0,34.0
2026-03-15 22:45:00,El Prat de Llobregat,7.125,5.0,24.0
2026-03-15 23:00:00,El Prat de Llobregat,2.3,5.0,10.0
2026-03-15 23:15:00,El Prat de Llobregat,3.4,5.0,10.0
2026-03-15 23:30:00,El Prat de Llobregat,11.166666666666666,5.0,12.0
2026-03-15 23:45:00,El Prat de Llobregat,3.0,4.0,3.0
2026-03-16 00:00:00,El Prat de Llobregat,,,
2026-03-16 00:15:00,El Prat de Llobregat,,,
2026-03-16 00:30:00,El Prat de Llobregat,,,
2026-03-16 00:45:00,El Prat de Llobregat,,,
2026-03-16 01:00:00,El Prat de Llobregat,,,
2026-03-16 01:15:00,El Prat de Llobregat,,,
2026-03-16 01:30:00,El Prat de Llobregat,,,
2026-03-16 01:45:00,El Prat de Llobregat,,,
2026-03-16 02:00:00,El Prat de Llobregat,,,
2026-03-16 02:15:00,El Prat de Llobregat,,,
2026-03-16 02:30:00,El Prat de Llobregat,,,
2026-03-16 02:45:00,El Prat de Llobregat,,,
2026-03-16 03:00:00,El Prat de Llobregat,61.0,61.0,1.0
2026-03-16 03:15:00,El Prat de Llobregat,55.0,55.0,1.0
2026-03-16 03:30:00,El Prat de Llobregat,48.0,55.0,3.0
2026-03-16 03:45:00,El Prat de Llobregat,34.714285714285715,30.0,7.0
2026-03-16 04:00:00,El Prat de Llobregat,27.75,17.0,12.0
2026-03-16 04:15:00,El Prat de Llobregat,33.24,41.0,25.0
2026-03-16 04:30:00,El Prat de Llobregat,33.2,30.0,45.0
2026-03-16 04:45:00,El Prat de Llobregat,34.333333333333336,33.0,51.0
2026-03-16 05:00:00,El Prat de Llobregat,29.227272727272727,26.0,44.0
2026-03-16 05:15:00,El Prat de Llobregat,35.54,42.0,50.0
2026-03-16 05:30:00,El Prat de Llobregat,30.45,28.0,60.0
2026-03-16 05:45:00,El Prat de Llobregat,26.010204081632654,21.0,98.0
2026-03-16 06:00:00,El Prat de Llobregat,26.37704918032787,28.0,61.0
2026-03-16 06:15:00,El Prat de Llobregat,30.59493670886076,28.0,79.0
2026-03-16 06:30:00,El Prat de Llobregat,26.606451612903225,26.0,155.0
2026-03-16 06:45:00,El Prat de Llobregat,32.35849056603774,33.0,106.0
2026-03-16 07:00:00,El Prat de Llobregat,36.16,33.0,150.0
2026-03-16 07:15:00,El Prat de Llobregat,32.439189189189186,30.5,148.0
2026-03-16 07:30:00,El Prat de Llobregat,28.448275862068964,26.0,87.0
2026-03-16 07:45:00,El Prat de Llobregat,32.90243902439025,30.0,123.0
2026-03-16 08:00:00,El Prat de Llobregat,31.038834951456312,23.0,103.0
2026-03-16 08:15:00,El Prat de Llobregat,24.89010989010989,19.0,91.0
2026-03-16 08:30:00,El Prat de Llobregat,26.901639344262296,26.0,61.0
2026-03-16 08:45:00,El Prat de Llobregat,35.98473282442748,30.0,131.0
2026-03-16 09:00:00,El Prat de Llobregat,35.37313432835821,26.0,134.0
2026-03-16 09:15:00,El Prat de Llobregat,40.51898734177215,43.0,79.0
2026-03-16 09:30:00,El Prat de Llobregat,35.79761904761905,19.0,84.0
2026-03-16 09:45:00,El Prat de Llobregat,34.075,24.0,40.0
2026-03-16 10:00:00,El Prat de Llobregat,27.044117647058822,21.0,68.0
2026-03-16 10:15:00,El Prat de Llobregat,29.257142857142856,21.0,70.0
2026-03-16 10:30:00,El Prat de Llobregat,41.13636363636363,43.0,66.0
2026-03-16 10:45:00,El Prat de Llobregat,32.4,25.0,90.0
2026-03-16 11:00:00,El Prat de Llobregat,24.34722222222222,16.0,72.0
2026-03-16 11:15:00,El Prat de Llobregat,31.28985507246377,24.0,69.0
2026-03-16 11:30:00,El Prat de Llobregat,33.97435897435897,33.0,78.0
2026-03-16 11:45:00,El Prat de Llobregat,31.625,20.0,56.0
2026-03-16 12:00:00,El Prat de Llobregat,28.967741935483872,16.5,62.0
2026-03-16 12:15:00,El Prat de Llobregat,32.42,32.0,50.0
2026-03-16 12:30:00,El Prat de Llobregat,35.56896551724138,49.0,58.0
2026-03-16 12:45:00,El Prat de Llobregat,26.64835164835165,17.0,91.0
2026-03-16 13:00:00,El Prat de Llobregat,26.19402985074627,17.0,67.0
2026-03-16 13:15:00,El Prat de Llobregat,34.58695652173913,42.5,46.0
2026-03-16 13:30:00,El Prat de Llobregat,29.375,21.0,56.0
2026-03-16 13:45:00,El Prat de Llobregat,36.64150943396226,33.0,53.0
2026-03-16 14:00:00,El Prat de Llobregat,31.6046511627907,21.0,43.0
2026-03-16 14:15:00,El Prat de Llobregat,29.622222222222224,21.0,45.0
2026-03-16 14:30:00,El Prat de Llobregat,33.49180327868852,22.0,61.0
2026-03-16 14:45:00,El Prat de Llobregat,37.640449438202246,33.0,89.0
2026-03-16 15:00:00,El Prat de Llobregat,36.30434782608695,33.0,46.0
2026-03-16 15:15:00,El Prat de Llobregat,36.8448275862069,25.0,58.0
2026-03-16 15:30:00,El Prat de Llobregat,31.636363636363637,18.0,33.0
2026-03-16 15:45:00,El Prat de Llobregat,37.95,26.5,80.0
2026-03-16 16:00:00,El Prat de Llobregat,48.51923076923077,53.0,52.0
2026-03-16 16:15:00,El Prat de Llobregat,42.839080459770116,43.0,87.0
2026-03-16 16:30:00,El Prat de Llobregat,43.550561797752806,36.0,89.0
2026-03-16 16:45:00,El Prat de Llobregat,34.189473684210526,25.0,95.0
2026-03-16 17:00:00,El Prat de Llobregat,42.45,36.0,80.0
2026-03-16 17:15:00,El Prat de Llobregat,43.90196078431372,31.0,102.0
2026-03-16 17:30:00,El Prat de Llobregat,44.03846153846154,31.0,78.0
2026-03-16 17:45:00,El Prat de Llobregat,46.19565217391305,31.0,46.0
2026-03-16 18:00:00,El Prat de Llobregat,41.77777777777778,30.5,108.0
2026-03-16 18:15:00,El Prat de Llobregat,41.786127167630056,31.0,173.0
2026-03-16 18:30:00,El Prat de Llobregat,50.304054054054056,38.5,148.0
2026-03-16 18:45:00,El Prat de Llobregat,38.30275229357798,31.0,109.0
2026-03-16 19:00:00,El Prat de Llobregat,41.77245508982036,33.0,167.0
2026-03-16 19:15:00,El Prat de Llobregat,40.357142857142854,33.0,154.0
2026-03-16 19:30:00,El Prat de Llobregat,47.73076923076923,45.0,104.0
2026-03-16 19:45:00,El Prat de Llobregat,38.33695652173913,32.0,184.0
2026-03-16 20:00:00,El Prat de Llobregat,38.29795918367347,34.0,245.0
2026-03-16 20:15:00,El Prat de Llobregat,37.00813008130081,34.0,123.0
2026-03-16 20:30:00,El Prat de Llobregat,44.85271317829457,40.0,129.0
2026-03-16 20:45:00,El Prat de Llobregat,49.72727272727273,50.0,143.0
2026-03-16 21:00:00,El Prat de Llobregat,46.13265306122449,42.0,98.0
2026-03-16 21:15:00,El Prat de Llobregat,32.782051282051285,34.0,78.0
2026-03-16 21:30:00,El Prat de Llobregat,39.58955223880597,40.0,134.0
2026-03-16 21:45:00,El Prat de Llobregat,30.951219512195124,29.0,82.0
2026-03-16 22:00:00,El Prat de Llobregat,30.46153846153846,25.0,78.0
2026-03-16 22:15:00,El Prat de Llobregat,35.160714285714285,24.0,56.0
2026-03-16 22:30:00,El Prat de Llobregat,39.0,36.5,46.0
2026-03-16 22:45:00,El Prat de Llobregat,46.256410256410255,37.0,78.0
2026-03-16 23:00:00,El Prat de Llobregat,46.27777777777778,39.5,54.0
2026-03-16 23:15:00,El Prat de Llobregat,55.63636363636363,59.0,22.0
2026-03-16 23:30:00,El Prat de Llobregat,56.7,59.0,20.0
2026-03-16 23:45:00,El Prat de Llobregat,20.625,24.5,16.0
2026-03-17 00:00:00,El Prat de Llobregat,,,
2026-03-17 00:15:00,El Prat de Llobregat,,,
2026-03-17 00:30:00,El Prat de Llobregat,,,
2026-03-17 00:45:00,El Prat de Llobregat,,,
2026-03-17 01:00:00,El Prat de Llobregat,,,
2026-03-17 01:15:00,El Prat de Llobregat,,,
2026-03-17 01:30:00,El Prat de Llobregat,,,
2026-03-17 01:45:00,El Prat de Llobregat,,,
2026-03-17 02:00:00,El Prat de Llobregat,,,
2026-03-17 02:15:00,El Prat de Llobregat,,,
2026-03-17 02:30:00,El Prat de Llobregat,,,
2026-03-17 02:45:00,El Prat de Llobregat,,,
2026-03-17 03:00:00,El Prat de Llobregat,,,
2026-03-17 03:15:00,El Prat de Llobregat,,,
2026-03-17 03:30:00,El Prat de Llobregat,,,
2026-03-17 03:45:00,El Prat de Llobregat,,,
2026-03-17 04:00:00,El Prat de Llobregat,,,
2026-03-17 04:15:00,El Prat de Llobregat,,,
2026-03-17 04:30:00,El Prat de Llobregat,,,
2026-03-17 04:45:00,El Prat de Llobregat,,,
2026-03-17 05:00:00,El Prat de Llobregat,,,
2026-03-17 05:15:00,El Prat de Llobregat,,,
2026-03-17 05:30:00,El Prat de Llobregat,,,
2026-03-17 05:45:00,El Prat de Llobregat,,,
2026-03-17 06:00:00,El Prat de Llobregat,,,
2026-03-17 06:15:00,El Prat de Llobregat,,,
2026-03-17 06:30:00,El Prat de Llobregat,,,
2026-03-17 06:45:00,El Prat de Llobregat,,,
2026-03-17 07:00:00,El Prat de Llobregat,,,
2026-03-17 07:15:00,El Prat de Llobregat,,,
2026-03-17 07:30:00,El Prat de Llobregat,,,
2026-03-17 07:45:00,El Prat de Llobregat,,,
2026-03-17 08:00:00,El Prat de Llobregat,,,
2026-03-17 08:15:00,El Prat de Llobregat,,,
2026-03-17 08:30:00,El Prat de Llobregat,,,
2026-03-17 08:45:00,El Prat de Llobregat,,,
2026-03-17 09:00:00,El Prat de Llobregat,,,
2026-03-17 09:15:00,El Prat de Llobregat,,,
2026-03-17 09:30:00,El Prat de Llobregat,,,
2026-03-17 09:45:00,El Prat de Llobregat,,,
2026-03-17 10:00:00,El Prat de Llobregat,,,
2026-03-17 10:15:00,El Prat de Llobregat,,,
2026-03-17 10:30:00,El Prat de Llobregat,,,
2026-03-17 10:45:00,El Prat de Llobregat,,,
2026-03-17 11:00:00,El Prat de Llobregat,,,
2026-03-17 11:15:00,El Prat de Llobregat,,,
2026-03-17 11:30:00,El Prat de Llobregat,,,
2026-03-17 11:45:00,El Prat de Llobregat,,,
2026-03-17 12:00:00,El Prat de Llobregat,,,
2026-03-17 12:15:00,El Prat de Llobregat,,,
2026-03-17 12:30:00,El Prat de Llobregat,,,
2026-03-17 12:45:00,El Prat de Llobregat,,,
2026-03-17 13:00:00,El Prat de Llobregat,,,
2026-03-17 13:15:00,El Prat de Llobregat,,,
2026-03-17 13:30:00,El Prat de Llobregat,,,
2026-03-17 13:45:00,El Prat de Llobregat,,,
2026-03-17 14:00:00,El Prat de Llobregat,,,
2026-03-17 14:15:00,El Prat de Llobregat,,,
2026-03-17 14:30:00,El Prat de Llobregat,,,
2026-03-17 14:45:00,El Prat de Llobregat,,,
2026-03-17 15:00:00,El Prat de Llobregat,,,
2026-03-17 15:15:00,El Prat de Llobregat,,,
2026-03-17 15:30:00,El Prat de Llobregat,,,
2026-03-17 15:45:00,El Prat de Llobregat,,,
2026-03-17 16:00:00,El Prat de Llobregat,,,
2026-03-17 16:15:00,El Prat de Llobregat,,,
2026-03-17 16:30:00,El Prat de Llobregat,,,
2026-03-17 16:45:00,El Prat de Llobregat,,,
2026-03-17 17:00:00,El Prat de Llobregat,,,
2026-03-17 17:15:00,El Prat de Llobregat,,,
2026-03-17 17:30:00,El Prat de Llobregat,,,
2026-03-17 17:45:00,El Prat de Llobregat,,,
2026-03-17 18:00:00,El Prat de Llobregat,,,
2026-03-17 18:15:00,El Prat de Llobregat,,,
2026-03-17 18:30:00,El Prat de Llobregat,,,
2026-03-17 18:45:00,El Prat de Llobregat,,,
2026-03-17 19:00:00,El Prat de Llobregat,,,
2026-03-17 19:15:00,El Prat de Llobregat,52.38095238095238,49.5,42.0
2026-03-17 19:30:00,El Prat de Llobregat,46.87179487179487,34.0,78.0
2026-03-17 19:45:00,El Prat de Llobregat,40.067796610169495,27.0,59.0
2026-03-17 20:00:00,El Prat de Llobregat,41.864197530864196,33.0,81.0
2026-03-17 20:15:00,El Prat de Llobregat,44.95744680851064,33.0,47.0
2026-03-17 20:30:00,El Prat de Llobregat,46.077922077922075,35.0,77.0
2026-03-17 20:45:00,El Prat de Llobregat,49.19117647058823,52.0,68.0
2026-03-17 21:00:00,El Prat de Llobregat,47.86538461538461,44.0,104.0
2026-03-17 21:15:00,El Prat de Llobregat,50.40298507462686,52.0,67.0
2026-03-17 21:30:00,El Prat de Llobregat,57.869565217391305,52.0,46.0
2026-03-17 21:45:00,El Prat de Llobregat,48.020833333333336,47.0,48.0
2026-03-17 22:00:00,El Prat de Llobregat,34.529411764705884,37.0,34.0
2026-03-17 22:15:00,El Prat de Llobregat,47.6875,47.0,16.0
2026-03-17 22:30:00,El Prat de Llobregat,52.44444444444444,57.0,18.0
2026-03-17 22:45:00,El Prat de Llobregat,57.44827586206897,59.0,29.0
2026-03-17 23:00:00,El Prat de Llobregat,59.28947368421053,59.0,38.0
2026-03-17 23:15:00,El Prat de Llobregat,64.25,59.0,28.0
2026-03-17 23:30:00,El Prat de Llobregat,73.24137931034483,78.0,29.0
2026-03-17 23:45:00,El Prat de Llobregat,60.38461538461539,68.5,26.0
2026-03-18 00:00:00,El Prat de Llobregat,,,
2026-03-18 00:15:00,El Prat de Llobregat,,,
2026-03-18 00:30:00,El Prat de Llobregat,,,
2026-03-18 00:45:00,El Prat de Llobregat,,,
2026-03-18 01:00:00,El Prat de Llobregat,,,
2026-03-18 01:15:00,El Prat de Llobregat,,,
2026-03-18 01:30:00,El Prat de Llobregat,,,
2026-03-18 01:45:00,El Prat de Llobregat,,,
2026-03-18 02:00:00,El Prat de Llobregat,,,
2026-03-18 02:15:00,El Prat de Llobregat,,,
2026-03-18 02:30:00,El Prat de Llobregat,,,
2026-03-18 02:45:00,El Prat de Llobregat,,,
2026-03-18 03:00:00,El Prat de Llobregat,,,
2026-03-18 03:15:00,El Prat de Llobregat,,,
2026-03-18 03:30:00,El Prat de Llobregat,,,
2026-03-18 03:45:00,El Prat de Llobregat,,,
2026-03-18 04:00:00,El Prat de Llobregat,,,
2026-03-18 04:15:00,El Prat de Llobregat,6.875,6.5,8.0
2026-03-18 04:30:00,El Prat de Llobregat,2.75,13.5,8.0
2026-03-18 04:45:00,El Prat de Llobregat,54.93103448275862,14.0,29.0
2026-03-18 05:00:00,El Prat de Llobregat,,,
2026-03-18 05:15:00,El Prat de Llobregat,19.654545454545456,21.0,55.0
2026-03-18 05:30:00,El Prat de Llobregat,18.546296296296298,14.0,108.0
2026-03-18 05:45:00,El Prat de Llobregat,22.1123595505618,11.0,89.0
2026-03-18 06:00:00,El Prat de Llobregat,40.22608695652174,21.0,115.0
2026-03-18 06:15:00,El Prat de Llobregat,54.72727272727273,21.0,33.0
2026-03-18 06:30:00,El Prat de Llobregat,,,
2026-03-18 06:45:00,El Prat de Llobregat,21.046728971962615,16.0,107.0
2026-03-18 07:00:00,El Prat de Llobregat,24.38532110091743,16.0,109.0
2026-03-18 07:15:00,El Prat de Llobregat,23.386138613861387,17.0,101.0
2026-03-18 07:30:00,El Prat de Llobregat,24.987261146496817,25.0,157.0
2026-03-18 07:45:00,El Prat de Llobregat,23.528301886792452,20.0,53.0
2026-03-18 08:00:00,El Prat de Llobregat,23.920454545454547,20.0,88.0
2026-03-18 08:15:00,El Prat de Llobregat,27.952,24.0,125.0
2026-03-18 08:30:00,El Prat de Llobregat,26.03472222222222,21.0,144.0
2026-03-18 08:45:00,El Prat de Llobregat,24.87962962962963,21.0,108.0
2026-03-18 09:00:00,El Prat de Llobregat,20.80597014925373,14.0,67.0
2026-03-18 09:15:00,El Prat de Llobregat,24.105263157894736,19.0,95.0
2026-03-18 09:30:00,El Prat de Llobregat,26.225806451612904,17.0,93.0
2026-03-18 09:45:00,El Prat de Llobregat,17.92,13.0,100.0
2026-03-18 10:00:00,El Prat de Llobregat,24.3359375,20.0,128.0
2026-03-18 10:15:00,El Prat de Llobregat,25.84285714285714,21.0,70.0
2026-03-18 10:30:00,El Prat de Llobregat,22.4,19.0,50.0
2026-03-18 10:45:00,El Prat de Llobregat,23.09090909090909,19.0,66.0
2026-03-18 11:00:00,El Prat de Llobregat,19.246753246753247,17.0,77.0
2026-03-18 11:15:00,El Prat de Llobregat,17.15068493150685,15.0,73.0
2026-03-18 11:30:00,El Prat de Llobregat,20.88679245283019,17.0,53.0
2026-03-18 11:45:00,El Prat de Llobregat,27.488888888888887,21.0,90.0
2026-03-18 12:00:00,El Prat de Llobregat,31.48936170212766,28.0,94.0
2026-03-18 12:15:00,El Prat de Llobregat,29.649350649350648,24.0,77.0
2026-03-18 12:30:00,El Prat de Llobregat,25.333333333333332,18.5,66.0
2026-03-18 12:45:00,El Prat de Llobregat,24.1625,21.5,80.0
2026-03-18 13:00:00,El Prat de Llobregat,29.511627906976745,24.0,43.0
2026-03-18 13:15:00,El Prat de Llobregat,27.814432989690722,24.0,97.0
2026-03-18 13:30:00,El Prat de Llobregat,24.51851851851852,22.0,81.0
2026-03-18 13:45:00,El Prat de Llobregat,26.763636363636362,28.0,55.0
2026-03-18 14:00:00,El Prat de Llobregat,23.25925925925926,18.5,108.0
2026-03-18 14:15:00,El Prat de Llobregat,22.863636363636363,14.0,88.0
2026-03-18 14:30:00,El Prat de Llobregat,26.0,26.0,64.0
2026-03-18 14:45:00,El Prat de Llobregat,26.529411764705884,32.0,68.0
2026-03-18 15:00:00,El Prat de Llobregat,30.583333333333332,36.5,96.0
2026-03-18 15:15:00,El Prat de Llobregat,25.013513513513512,19.0,74.0
2026-03-18 15:30:00,El Prat de Llobregat,35.81481481481482,44.0,54.0
2026-03-18 15:45:00,El Prat de Llobregat,42.465753424657535,44.0,73.0
2026-03-18 16:00:00,El Prat de Llobregat,46.67567567567568,36.5,74.0
2026-03-18 16:15:00,El Prat de Llobregat,46.21348314606742,40.0,89.0
2026-03-18 16:30:00,El Prat de Llobregat,34.55357142857143,44.0,56.0
2026-03-18 16:45:00,El Prat de Llobregat,28.37313432835821,28.0,67.0
2026-03-18 17:00:00,El Prat de Llobregat,26.566666666666666,34.5,90.0
2026-03-18 17:15:00,El Prat de Llobregat,29.544444444444444,37.5,90.0
2026-03-18 17:30:00,El Prat de Llobregat,33.166666666666664,36.0,42.0
2026-03-18 17:45:00,El Prat de Llobregat,30.166666666666668,35.5,66.0
2026-03-18 18:00:00,El Prat de Llobregat,31.41860465116279,42.0,43.0
2026-03-18 18:15:00,El Prat de Llobregat,27.791044776119403,28.0,67.0
2026-03-18 18:30:00,El Prat de Llobregat,34.30952380952381,36.0,42.0
2026-03-18 18:45:00,El Prat de Llobregat,40.82608695652174,44.0,69.0
2026-03-18 19:00:00,El Prat de Llobregat,40.029126213592235,43.0,103.0
2026-03-18 19:15:00,El Prat de Llobregat,42.666666666666664,43.5,54.0
2026-03-18 19:30:00,El Prat de Llobregat,39.926829268292686,43.0,82.0
2026-03-18 19:45:00,El Prat de Llobregat,38.57746478873239,38.0,71.0
2026-03-18 20:00:00,El Prat de Llobregat,36.32203389830509,40.0,59.0
2026-03-18 20:15:00,El Prat de Llobregat,36.51063829787234,38.0,47.0
2026-03-18 20:30:00,El Prat de Llobregat,37.44615384615385,38.0,65.0
2026-03-18 20:45:00,El Prat de Llobregat,36.175438596491226,36.0,57.0
2026-03-18 21:00:00,El Prat de Llobregat,37.95774647887324,38.0,71.0
2026-03-18 21:15:00,El Prat de Llobregat,34.65,40.0,40.0
2026-03-18 21:30:00,El Prat de Llobregat,34.59322033898305,28.0,59.0
2026-03-18 21:45:00,El Prat de Llobregat,39.793103448275865,44.0,29.0
2026-03-18 22:00:00,El Prat de Llobregat,43.02040816326531,44.0,49.0
2026-03-18 22:15:00,El Prat de Llobregat,34.63636363636363,23.0,33.0
2026-03-18 22:30:00,El Prat de Llobregat,42.82608695652174,40.0,23.0
2026-03-18 22:45:00,El Prat de Llobregat,31.904761904761905,23.0,21.0
2026-03-18 23:00:00,El Prat de Llobregat,32.5,24.0,28.0
2026-03-18 23:15:00,El Prat de Llobregat,29.0,35.0,11.0
2026-03-18 23:30:00,El Prat de Llobregat,40.0,40.0,6.0
2026-03-18 23:45:00,El Prat de Llobregat,13.833333333333334,1.0,6.0
2026-03-19 00:00:00,El Prat de Llobregat,,,
2026-03-19 00:15:00,El Prat de Llobregat,,,
2026-03-19 00:30:00,El Prat de Llobregat,,,
2026-03-19 00:45:00,El Prat de Llobregat,,,
2026-03-19 01:00:00,El Prat de Llobregat,,,
2026-03-19 01:15:00,El Prat de Llobregat,,,
2026-03-19 01:30:00,El Prat de Llobregat,,,
2026-03-19 01:45:00,El Prat de Llobregat,,,
2026-03-19 02:00:00,El Prat de Llobregat,,,
2026-03-19 02:15:00,El Prat de Llobregat,,,
2026-03-19 02:30:00,El Prat de Llobregat,,,
2026-03-19 02:45:00,El Prat de Llobregat,,,
2026-03-19 03:00:00,El Prat de Llobregat,10.333333333333334,14.0,3.0
2026-03-19 03:15:00,El Prat de Llobregat,,,
2026-03-19 03:30:00,El Prat de Llobregat,12.357142857142858,8.0,14.0
2026-03-19 03:45:00,El Prat de Llobregat,15.0,9.0,8.0
2026-03-19 04:00:00,El Prat de Llobregat,7.5,7.5,2.0
2026-03-19 04:15:00,El Prat de Llobregat,6.842105263157895,6.0,19.0
2026-03-19 04:30:00,El Prat de Llobregat,11.787234042553191,8.0,47.0
2026-03-19 04:45:00,El Prat de Llobregat,16.085714285714285,14.0,70.0
2026-03-19 05:00:00,El Prat de Llobregat,11.027777777777779,10.0,36.0
2026-03-19 05:15:00,El Prat de Llobregat,17.367346938775512,13.5,98.0
2026-03-19 05:30:00,El Prat de Llobregat,16.42105263157895,10.0,57.0
2026-03-19 05:45:00,El Prat de Llobregat,16.4375,10.0,128.0
2026-03-19 06:00:00,El Prat de Llobregat,14.884615384615385,11.0,104.0
2026-03-19 06:15:00,El Prat de Llobregat,14.764227642276422,10.0,123.0
2026-03-19 06:30:00,El Prat de Llobregat,16.881720430107528,12.0,93.0
2026-03-19 06:45:00,El Prat de Llobregat,19.60674157303371,13.0,89.0
2026-03-19 07:00:00,El Prat de Llobregat,23.177777777777777,22.0,90.0
2026-03-19 07:15:00,El Prat de Llobregat,22.766233766233768,21.0,77.0
2026-03-19 07:30:00,El Prat de Llobregat,27.12037037037037,22.0,108.0
2026-03-19 07:45:00,El Prat de Llobregat,26.06153846153846,23.0,130.0
2026-03-19 08:00:00,El Prat de Llobregat,27.20212765957447,22.5,94.0
2026-03-19 08:15:00,El Prat de Llobregat,29.38317757009346,23.0,107.0
2026-03-19 08:30:00,El Prat de Llobregat,23.475409836065573,21.0,122.0
2026-03-19 08:45:00,El Prat de Llobregat,27.26595744680851,23.0,94.0
2026-03-19 09:00:00,El Prat de Llobregat,28.946428571428573,25.0,112.0
2026-03-19 09:15:00,El Prat de Llobregat,26.775280898876403,21.0,89.0
2026-03-19 09:30:00,El Prat de Llobregat,31.606382978723403,25.0,94.0
2026-03-19 09:45:00,El Prat de Llobregat,30.072727272727274,12.0,55.0
2026-03-19 10:00:00,El Prat de Llobregat,27.428571428571427,14.0,70.0
2026-03-19 10:15:00,El Prat de Llobregat,26.802919708029197,21.0,137.0
2026-03-19 10:30:00,El Prat de Llobregat,24.453333333333333,18.0,75.0
2026-03-19 10:45:00,El Prat de Llobregat,20.541666666666668,11.0,48.0
2026-03-19 11:00:00,El Prat de Llobregat,19.58823529411765,11.0,68.0
2026-03-19 11:15:00,El Prat de Llobregat,23.865671641791046,17.0,67.0
2026-03-19 11:30:00,El Prat de Llobregat,20.793650793650794,14.0,63.0
2026-03-19 11:45:00,El Prat de Llobregat,23.802816901408452,19.0,71.0
2026-03-19 12:00:00,El Prat de Llobregat,20.234567901234566,18.0,81.0
2026-03-19 12:15:00,El Prat de Llobregat,20.132530120481928,18.0,83.0
2026-03-19 12:30:00,El Prat de Llobregat,21.637931034482758,19.0,58.0
2026-03-19 12:45:00,El Prat de Llobregat,21.257575757575758,19.0,66.0
2026-03-19 13:00:00,El Prat de Llobregat,19.073170731707318,15.0,41.0
2026-03-19 13:15:00,El Prat de Llobregat,15.170212765957446,13.0,47.0
2026-03-19 13:30:00,El Prat de Llobregat,20.83050847457627,15.0,59.0
2026-03-19 13:45:00,El Prat de Llobregat,21.0,19.0,43.0
2026-03-19 14:00:00,El Prat de Llobregat,20.81159420289855,19.0,69.0
2026-03-19 14:15:00,El Prat de Llobregat,17.857142857142858,13.0,70.0
2026-03-19 14:30:00,El Prat de Llobregat,20.44,14.5,50.0
2026-03-19 14:45:00,El Prat de Llobregat,12.975609756097562,11.0,82.0
2026-03-19 15:00:00,El Prat de Llobregat,15.403846153846153,12.0,52.0
2026-03-19 15:15:00,El Prat de Llobregat,16.28205128205128,12.0,39.0
2026-03-19 15:30:00,El Prat de Llobregat,18.987951807228917,12.0,83.0
2026-03-19 15:45:00,El Prat de Llobregat,16.677419354838708,8.0,31.0
2026-03-19 16:00:00,El Prat de Llobregat,20.17105263157895,20.0,76.0
2026-03-19 16:15:00,El Prat de Llobregat,21.79787234042553,20.0,94.0
2026-03-19 16:30:00,El Prat de Llobregat,27.423076923076923,25.0,104.0
2026-03-19 16:45:00,El Prat de Llobregat,24.852272727272727,25.0,88.0
2026-03-19 17:00:00,El Prat de Llobregat,18.215384615384615,18.0,65.0
2026-03-19 17:15:00,El Prat de Llobregat,19.42,18.0,50.0
2026-03-19 17:30:00,El Prat de Llobregat,26.03125,30.0,64.0
2026-03-19 17:45:00,El Prat de Llobregat,22.142857142857142,22.0,84.0
2026-03-19 18:00:00,El Prat de Llobregat,21.236559139784948,22.0,93.0
2026-03-19 18:15:00,El Prat de Llobregat,21.886363636363637,20.0,88.0
2026-03-19 18:30:00,El Prat de Llobregat,20.112903225806452,18.0,62.0
2026-03-19 18:45:00,El Prat de Llobregat,19.36144578313253,16.0,83.0
2026-03-19 19:00:00,El Prat de Llobregat,19.75,10.0,44.0
2026-03-19 19:15:00,El Prat de Llobregat,16.04,7.0,75.0
2026-03-19 19:30:00,El Prat de Llobregat,17.1864406779661,13.0,59.0
2026-03-19 19:45:00,El Prat de Llobregat,21.9390243902439,23.0,82.0
2026-03-19 20:00:00,El Prat de Llobregat,21.59036144578313,18.0,83.0
2026-03-19 20:15:00,El Prat de Llobregat,23.626506024096386,26.0,83.0
2026-03-19 20:30:00,El Prat de Llobregat,24.142857142857142,29.0,49.0
2026-03-19 20:45:00,El Prat de Llobregat,18.22222222222222,13.0,90.0
2026-03-19 21:00:00,El Prat de Llobregat,20.542168674698797,17.0,83.0
2026-03-19 21:15:00,El Prat de Llobregat,20.82456140350877,17.0,57.0
2026-03-19 21:30:00,El Prat de Llobregat,22.77777777777778,25.0,54.0
2026-03-19 21:45:00,El Prat de Llobregat,27.109375,25.0,64.0
2026-03-19 22:00:00,El Prat de Llobregat,20.7,25.0,30.0
2026-03-19 22:15:00,El Prat de Llobregat,23.27027027027027,26.0,37.0
2026-03-19 22:30:00,El Prat de Llobregat,21.72222222222222,27.0,18.0
2026-03-19 22:45:00,El Prat de Llobregat,19.363636363636363,26.0,22.0
2026-03-19 23:00:00,El Prat de Llobregat,22.57894736842105,27.0,19.0
2026-03-19 23:15:00,El Prat de Llobregat,15.11111111111111,23.0,9.0
2026-03-19 23:30:00,El Prat de Llobregat,12.7,9.0,10.0
2026-03-19 23:45:00,El Prat de Llobregat,-1.0,-2.0,5.0
2026-03-20 00:00:00,El Prat de Llobregat,,,
2026-03-20 00:15:00,El Prat de Llobregat,,,
2026-03-20 00:30:00,El Prat de Llobregat,,,
2026-03-20 00:45:00,El Prat de Llobregat,,,
2026-03-20 01:00:00,El Prat de Llobregat,,,
2026-03-20 01:15:00,El Prat de Llobregat,,,
2026-03-20 01:30:00,El Prat de Llobregat,,,
2026-03-20 01:45:00,El Prat de Llobregat,,,
2026-03-20 02:00:00,El Prat de Llobregat,,,
2026-03-20 02:15:00,El Prat de Llobregat,,,
2026-03-20 02:30:00,El Prat de Llobregat,,,
2026-03-20 02:45:00,El Prat de Llobregat,,,
2026-03-20 03:00:00,El Prat de Llobregat,,,
2026-03-20 03:15:00,El Prat de Llobregat,0.0,0.0,1.0
2026-03-20 03:30:00,El Prat de Llobregat,,,
2026-03-20 03:45:00,El Prat de Llobregat,11.5,11.0,4.0
2026-03-20 04:00:00,El Prat de Llobregat,8.625,4.0,16.0
2026-03-20 04:15:00,El Prat de Llobregat,7.409090909090909,7.5,22.0
2026-03-20 04:30:00,El Prat de Llobregat,-0.12,9.0,25.0
2026-03-20 04:45:00,El Prat de Llobregat,11.5,13.5,14.0
2026-03-20 05:00:00,El Prat de Llobregat,13.847457627118644,11.0,59.0
2026-03-20 05:15:00,El Prat de Llobregat,7.0,10.0,42.0
2026-03-20 05:30:00,El Prat de Llobregat,13.411764705882353,10.0,68.0
2026-03-20 05:45:00,El Prat de Llobregat,12.128205128205128,10.0,78.0
2026-03-20 06:00:00,El Prat de Llobregat,14.356060606060606,11.0,132.0
2026-03-20 06:15:00,El Prat de Llobregat,11.938775510204081,7.0,147.0
2026-03-20 06:30:00,El Prat de Llobregat,16.48,14.0,100.0
2026-03-20 06:45:00,El Prat de Llobregat,16.90728476821192,16.0,151.0
2026-03-20 07:00:00,El Prat de Llobregat,17.9,14.0,70.0
2026-03-20 07:15:00,El Prat de Llobregat,18.98830409356725,15.0,171.0
2026-03-20 07:30:00,El Prat de Llobregat,16.429906542056074,13.0,107.0
2026-03-20 07:45:00,El Prat de Llobregat,18.28,16.0,125.0
2026-03-20 08:00:00,El Prat de Llobregat,18.857142857142858,17.0,140.0
2026-03-20 08:15:00,El Prat de Llobregat,23.80327868852459,24.0,122.0
2026-03-20 08:30:00,El Prat de Llobregat,27.0,25.0,68.0
2026-03-20 08:45:00,El Prat de Llobregat,,,
2026-03-20 09:00:00,El Prat de Llobregat,28.2972972972973,26.0,74.0
2026-03-20 09:15:00,El Prat de Llobregat,23.658823529411766,22.0,85.0
2026-03-20 09:30:00,El Prat de Llobregat,22.264367816091955,21.0,87.0
2026-03-20 09:45:00,El Prat de Llobregat,19.890625,15.0,64.0
2026-03-20 10:00:00,El Prat de Llobregat,18.6,13.0,10.0
2026-03-20 10:15:00,El Prat de Llobregat,18.492537313432837,11.0,67.0
2026-03-20 10:30:00,El Prat de Llobregat,20.952830188679247,14.0,106.0
2026-03-20 10:45:00,El Prat de Llobregat,22.324324324324323,12.0,74.0
2026-03-20 11:00:00,El Prat de Llobregat,22.548387096774192,17.0,93.0
2026-03-20 11:15:00,El Prat de Llobregat,29.391304347826086,30.0,46.0
2026-03-20 11:30:00,El Prat de Llobregat,,,
2026-03-20 11:45:00,El Prat de Llobregat,23.869565217391305,17.0,46.0
2026-03-20 12:00:00,El Prat de Llobregat,23.6,17.0,45.0
2026-03-20 12:15:00,El Prat de Llobregat,22.54054054054054,17.0,74.0
2026-03-20 12:30:00,El Prat de Llobregat,20.5625,12.0,48.0
2026-03-20 12:45:00,El Prat de Llobregat,20.454545454545453,12.0,55.0
2026-03-20 13:00:00,El Prat de Llobregat,,,
2026-03-20 13:15:00,El Prat de Llobregat,20.5,13.0,12.0
2026-03-20 13:30:00,El Prat de Llobregat,17.66,12.0,50.0
2026-03-20 13:45:00,El Prat de Llobregat,22.217391304347824,16.0,46.0
2026-03-20 14:00:00,El Prat de Llobregat,20.92207792207792,14.0,77.0
2026-03-20 14:15:00,El Prat de Llobregat,20.897435897435898,11.0,78.0
2026-03-20 14:30:00,El Prat de Llobregat,21.1,16.5,20.0
2026-03-20 14:45:00,El Prat de Llobregat,,,
2026-03-20 15:00:00,El Prat de Llobregat,20.09090909090909,16.0,11.0
2026-03-20 15:15:00,El Prat de Llobregat,17.569620253164558,14.0,79.0
2026-03-20 15:30:00,El Prat de Llobregat,20.616438356164384,16.0,73.0
2026-03-20 15:45:00,El Prat de Llobregat,20.655555555555555,16.0,90.0
2026-03-20 16:00:00,El Prat de Llobregat,19.01010101010101,14.0,99.0
2026-03-20 16:15:00,El Prat de Llobregat,,,
2026-03-20 16:30:00,El Prat de Llobregat,13.714285714285714,13.0,35.0
2026-03-20 16:45:00,El Prat de Llobregat,14.81578947368421,10.0,76.0
2026-03-20 17:00:00,El Prat de Llobregat,12.017543859649123,7.0,57.0
2026-03-20 17:15:00,El Prat de Llobregat,16.764705882352942,11.0,68.0
2026-03-20 17:30:00,El Prat de Llobregat,19.514018691588785,16.0,107.0
2026-03-20 17:45:00,El Prat de Llobregat,,,
2026-03-20 18:00:00,El Prat de Llobregat,17.96551724137931,19.0,29.0
2026-03-20 18:15:00,El Prat de Llobregat,22.388235294117646,19.0,85.0
2026-03-20 18:30:00,El Prat de Llobregat,21.141025641025642,17.5,78.0
2026-03-20 18:45:00,El Prat de Llobregat,17.559139784946236,11.0,93.0
2026-03-20 19:00:00,El Prat de Llobregat,15.446808510638299,10.0,47.0
2026-03-20 19:15:00,El Prat de Llobregat,25.948979591836736,23.0,98.0
2026-03-20 19:30:00,El Prat de Llobregat,18.657894736842106,14.0,76.0
2026-03-20 19:45:00,El Prat de Llobregat,19.177777777777777,16.0,45.0
2026-03-20 20:00:00,El Prat de Llobregat,22.054794520547944,16.0,73.0
2026-03-20 20:15:00,El Prat de Llobregat,18.435897435897434,15.0,39.0
2026-03-20 20:30:00,El Prat de Llobregat,18.115384615384617,13.0,78.0
2026-03-20 20:45:00,El Prat de Llobregat,17.489795918367346,12.0,49.0
2026-03-20 21:00:00,El Prat de Llobregat,14.481481481481481,12.0,54.0
2026-03-20 21:15:00,El Prat de Llobregat,19.7,20.0,60.0
2026-03-20 21:30:00,El Prat de Llobregat,19.291666666666668,12.0,48.0
2026-03-20 21:45:00,El Prat de Llobregat,16.75,10.0,40.0
2026-03-20 22:00:00,El Prat de Llobregat,18.194444444444443,10.0,36.0
2026-03-20 22:15:00,El Prat de Llobregat,21.91304347826087,10.0,46.0
2026-03-20 22:30:00,El Prat de Llobregat,21.285714285714285,10.0,42.0
2026-03-20 22:45:00,El Prat de Llobregat,21.90909090909091,10.0,22.0
2026-03-20 23:00:00,El Prat de Llobregat,21.838709677419356,10.0,31.0
2026-03-20 23:15:00,El Prat de Llobregat,15.0,10.0,12.0
2026-03-20 23:30:00,El Prat de Llobregat,6.285714285714286,10.0,7.0
2026-03-20 23:45:00,El Prat de Llobregat,6.833333333333333,8.0,6.0
2026-03-21 00:00:00,El Prat de Llobregat,,,
2026-03-21 00:15:00,El Prat de Llobregat,,,
2026-03-21 00:30:00,El Prat de Llobregat,,,
2026-03-21 00:45:00,El Prat de Llobregat,,,
2026-03-21 01:00:00,El Prat de Llobregat,,,
2026-03-21 01:15:00,El Prat de Llobregat,,,
2026-03-21 01:30:00,El Prat de Llobregat,,,
2026-03-21 01:45:00,El Prat de Llobregat,,,
2026-03-21 02:00:00,El Prat de Llobregat,,,
2026-03-21 02:15:00,El Prat de Llobregat,,,
2026-03-21 02:30:00,El Prat de Llobregat,,,
2026-03-21 02:45:00,El Prat de Llobregat,,,
2026-03-21 03:00:00,El Prat de Llobregat,,,
2026-03-21 03:15:00,El Prat de Llobregat,3.0,3.0,2.0
2026-03-21 03:30:00,El Prat de Llobregat,1.7142857142857142,1.0,7.0
2026-03-21 03:45:00,El Prat de Llobregat,3.0,3.0,2.0
2026-03-21 04:00:00,El Prat de Llobregat,2.789473684210526,1.0,19.0
2026-03-21 04:15:00,El Prat de Llobregat,3.590909090909091,1.5,22.0
2026-03-21 04:30:00,El Prat de Llobregat,10.6875,7.0,16.0
2026-03-21 04:45:00,El Prat de Llobregat,8.93939393939394,4.0,33.0
2026-03-21 05:00:00,El Prat de Llobregat,6.173913043478261,2.0,46.0
2026-03-21 05:15:00,El Prat de Llobregat,5.269230769230769,1.0,26.0
2026-03-21 05:30:00,El Prat de Llobregat,6.3076923076923075,4.0,39.0
2026-03-21 05:45:00,El Prat de Llobregat,7.884057971014493,5.0,69.0
2026-03-21 06:00:00,El Prat de Llobregat,12.072727272727272,7.0,55.0
2026-03-21 06:15:00,El Prat de Llobregat,12.0,7.0,81.0
2026-03-21 06:30:00,El Prat de Llobregat,13.691176470588236,12.0,68.0
2026-03-21 06:45:00,El Prat de Llobregat,19.06930693069307,17.0,101.0
2026-03-21 07:00:00,El Prat de Llobregat,19.74418604651163,17.0,43.0
2026-03-21 07:15:00,El Prat de Llobregat,20.35211267605634,17.0,71.0
2026-03-21 07:30:00,El Prat de Llobregat,21.97530864197531,25.0,81.0
2026-03-21 07:45:00,El Prat de Llobregat,20.488372093023255,17.0,86.0
2026-03-21 08:00:00,El Prat de Llobregat,19.759615384615383,17.0,104.0
2026-03-21 08:15:00,El Prat de Llobregat,17.875,13.5,72.0
2026-03-21 08:30:00,El Prat de Llobregat,20.985294117647058,20.0,136.0
2026-03-21 08:45:00,El Prat de Llobregat,25.372093023255815,23.5,86.0
2026-03-21 09:00:00,El Prat de Llobregat,26.439393939393938,25.0,66.0
2026-03-21 09:15:00,El Prat de Llobregat,24.352941176470587,22.0,85.0
2026-03-21 09:30:00,El Prat de Llobregat,24.517857142857142,25.5,112.0
2026-03-21 09:45:00,El Prat de Llobregat,21.404255319148938,21.0,47.0
2026-03-21 10:00:00,El Prat de Llobregat,21.80597014925373,20.0,67.0
2026-03-21 10:15:00,El Prat de Llobregat,25.214285714285715,25.0,84.0
2026-03-21 10:30:00,El Prat de Llobregat,22.885496183206108,15.0,131.0
2026-03-21 10:45:00,El Prat de Llobregat,24.824074074074073,24.0,108.0
2026-03-21 11:00:00,El Prat de Llobregat,25.726190476190474,25.0,84.0
2026-03-21 11:15:00,El Prat de Llobregat,23.56989247311828,15.0,93.0
2026-03-21 11:30:00,El Prat de Llobregat,23.775,24.0,80.0
2026-03-21 11:45:00,El Prat de Llobregat,21.233333333333334,14.0,90.0
2026-03-21 12:00:00,El Prat de Llobregat,24.053333333333335,15.0,75.0
2026-03-21 12:15:00,El Prat de Llobregat,24.03174603174603,18.0,63.0
2026-03-21 12:30:00,El Prat de Llobregat,18.431818181818183,11.0,88.0
2026-03-21 12:45:00,El Prat de Llobregat,27.239436619718308,31.0,71.0
2026-03-21 13:00:00,El Prat de Llobregat,27.797752808988765,28.0,89.0
2026-03-21 13:15:00,El Prat de Llobregat,25.978494623655912,23.0,93.0
2026-03-21 13:30:00,El Prat de Llobregat,28.423529411764704,28.0,85.0
2026-03-21 13:45:00,El Prat de Llobregat,32.103896103896105,33.0,77.0
2026-03-21 14:00:00,El Prat de Llobregat,30.79591836734694,33.0,49.0
2026-03-21 14:15:00,El Prat de Llobregat,33.88695652173913,33.0,115.0
2026-03-21 14:30:00,El Prat de Llobregat,33.04964539007092,33.0,141.0
2026-03-21 14:45:00,El Prat de Llobregat,31.802919708029197,32.0,137.0
2026-03-21 15:00:00,El Prat de Llobregat,28.845454545454544,30.0,110.0
2026-03-21 15:15:00,El Prat de Llobregat,30.433333333333334,30.0,90.0
2026-03-21 15:30:00,El Prat de Llobregat,30.33695652173913,30.0,92.0
2026-03-21 15:45:00,El Prat de Llobregat,26.015151515151516,27.5,66.0
2026-03-21 16:00:00,El Prat de Llobregat,24.81111111111111,23.0,90.0
2026-03-21 16:15:00,El Prat de Llobregat,22.609756097560975,14.0,82.0
2026-03-21 16:30:00,El Prat de Llobregat,24.679611650485437,23.0,103.0
2026-03-21 16:45:00,El Prat de Llobregat,25.887096774193548,23.0,62.0
2026-03-21 17:00:00,El Prat de Llobregat,22.080459770114942,12.0,87.0
2026-03-21 17:15:00,El Prat de Llobregat,22.7,15.5,70.0
2026-03-21 17:30:00,El Prat de Llobregat,22.821428571428573,20.0,84.0
2026-03-21 17:45:00,El Prat de Llobregat,19.823529411764707,12.0,68.0
2026-03-21 18:00:00,El Prat de Llobregat,23.329113924050635,19.0,79.0
2026-03-21 18:15:00,El Prat de Llobregat,27.02912621359223,24.0,103.0
2026-03-21 18:30:00,El Prat de Llobregat,23.06122448979592,20.0,98.0
2026-03-21 18:45:00,El Prat de Llobregat,23.67948717948718,21.0,78.0
2026-03-21 19:00:00,El Prat de Llobregat,30.65671641791045,24.0,67.0
2026-03-21 19:15:00,El Prat de Llobregat,30.04225352112676,24.0,71.0
2026-03-21 19:30:00,El Prat de Llobregat,19.24390243902439,19.0,41.0
2026-03-21 19:45:00,El Prat de Llobregat,25.698630136986303,22.0,73.0
2026-03-21 20:00:00,El Prat de Llobregat,22.2875,20.0,80.0
2026-03-21 20:15:00,El Prat de Llobregat,29.845070422535212,28.0,71.0
2026-03-21 20:30:00,El Prat de Llobregat,24.041095890410958,10.0,73.0
2026-03-21 20:45:00,El Prat de Llobregat,19.10144927536232,9.0,69.0
2026-03-21 21:00:00,El Prat de Llobregat,19.56,7.0,50.0
2026-03-21 21:15:00,El Prat de Llobregat,24.525,20.0,40.0
2026-03-21 21:30:00,El Prat de Llobregat,24.948275862068964,20.0,58.0
2026-03-21 21:45:00,El Prat de Llobregat,21.78723404255319,20.0,47.0
2026-03-21 22:00:00,El Prat de Llobregat,9.195121951219512,2.0,41.0
2026-03-21 22:15:00,El Prat de Llobregat,9.052631578947368,2.0,19.0
2026-03-21 22:30:00,El Prat de Llobregat,9.5,2.5,24.0
2026-03-21 22:45:00,El Prat de Llobregat,18.115384615384617,8.5,26.0
2026-03-21 23:00:00,El Prat de Llobregat,12.85,2.0,20.0
2026-03-21 23:15:00,El Prat de Llobregat,17.666666666666668,2.0,18.0
2026-03-21 23:30:00,El Prat de Llobregat,15.0,1.0,8.0
2026-03-21 23:45:00,El Prat de Llobregat,-0.5,-0.5,2.0
2026-03-22 00:00:00,El Prat de Llobregat,,,
2026-03-22 00:15:00,El Prat de Llobregat,,,
2026-03-22 00:30:00,El Prat de Llobregat,,,
2026-03-22 00:45:00,El Prat de Llobregat,,,
2026-03-22 01:00:00,El Prat de Llobregat,,,
2026-03-22 01:15:00,El Prat de Llobregat,,,
2026-03-22 01:30:00,El Prat de Llobregat,,,
2026-03-22 01:45:00,El Prat de Llobregat,,,
2026-03-22 02:00:00,El Prat de Llobregat,,,
2026-03-22 02:15:00,El Prat de Llobregat,,,
2026-03-22 02:30:00,El Prat de Llobregat,,,
2026-03-22 02:45:00,El Prat de Llobregat,,,
2026-03-22 03:00:00,El Prat de Llobregat,3.0,3.0,1.0
2026-03-22 03:15:00,El Prat de Llobregat,,,
2026-03-22 03:30:00,El Prat de Llobregat,3.0,3.0,1.0
2026-03-22 03:45:00,El Prat de Llobregat,2.857142857142857,4.0,7.0
2026-03-22 04:00:00,El Prat de Llobregat,10.176470588235293,4.0,17.0
2026-03-22 04:15:00,El Prat de Llobregat,7.782608695652174,2.0,23.0
2026-03-22 04:30:00,El Prat de Llobregat,4.588235294117647,2.0,17.0
2026-03-22 04:45:00,El Prat de Llobregat,9.407407407407407,3.0,27.0
2026-03-22 05:00:00,El Prat de Llobregat,5.5,3.0,28.0
2026-03-22 05:15:00,El Prat de Llobregat,5.148148148148148,4.5,54.0
2026-03-22 05:30:00,El Prat de Llobregat,11.845070422535212,7.0,71.0
2026-03-22 05:45:00,El Prat de Llobregat,9.215686274509803,6.0,51.0
2026-03-22 06:00:00,El Prat de Llobregat,9.901639344262295,7.0,61.0
2026-03-22 06:15:00,El Prat de Llobregat,14.986666666666666,9.0,75.0
2026-03-22 06:30:00,El Prat de Llobregat,18.262295081967213,24.0,61.0
2026-03-22 06:45:00,El Prat de Llobregat,15.95890410958904,11.0,73.0
2026-03-22 07:00:00,El Prat de Llobregat,15.645833333333334,15.0,96.0
2026-03-22 07:15:00,El Prat de Llobregat,16.31081081081081,16.0,74.0
2026-03-22 07:30:00,El Prat de Llobregat,16.910112359550563,20.0,89.0
2026-03-22 07:45:00,El Prat de Llobregat,16.257142857142856,15.0,70.0
2026-03-22 08:00:00,El Prat de Llobregat,18.406976744186046,22.0,86.0
2026-03-22 08:15:00,El Prat de Llobregat,13.19672131147541,11.0,61.0
2026-03-22 08:30:00,El Prat de Llobregat,16.350877192982455,16.0,57.0
2026-03-22 08:45:00,El Prat de Llobregat,10.925373134328359,9.0,67.0
2026-03-22 09:00:00,El Prat de Llobregat,12.622641509433961,7.0,53.0
2026-03-22 09:15:00,El Prat de Llobregat,20.240963855421686,20.0,83.0
2026-03-22 09:30:00,El Prat de Llobregat,17.634615384615383,20.0,104.0
2026-03-22 09:45:00,El Prat de Llobregat,15.723076923076922,14.0,65.0
2026-03-22 10:00:00,El Prat de Llobregat,20.0,20.0,84.0
2026-03-22 10:15:00,El Prat de Llobregat,19.455882352941178,20.0,68.0
2026-03-22 10:30:00,El Prat de Llobregat,18.035714285714285,11.0,84.0
2026-03-22 10:45:00,El Prat de Llobregat,16.45098039215686,13.0,51.0
2026-03-22 11:00:00,El Prat de Llobregat,20.029411764705884,26.0,68.0
2026-03-22 11:15:00,El Prat de Llobregat,21.0625,20.0,96.0
2026-03-22 11:30:00,El Prat de Llobregat,18.704918032786885,15.0,61.0
2026-03-22 11:45:00,El Prat de Llobregat,24.987179487179485,27.0,78.0
2026-03-22 12:00:00,El Prat de Llobregat,23.634615384615383,27.0,52.0
2026-03-22 12:15:00,El Prat de Llobregat,24.65625,14.0,64.0
2026-03-22 12:30:00,El Prat de Llobregat,25.840579710144926,20.0,69.0
2026-03-22 12:45:00,El Prat de Llobregat,25.106666666666666,26.0,75.0
2026-03-22 13:00:00,El Prat de Llobregat,19.103448275862068,8.0,29.0
2026-03-22 13:15:00,El Prat de Llobregat,23.05263157894737,20.0,95.0
2026-03-22 13:30:00,El Prat de Llobregat,11.18421052631579,4.0,76.0
2026-03-22 13:45:00,El Prat de Llobregat,22.054545454545455,20.0,55.0
2026-03-22 14:00:00,El Prat de Llobregat,18.52238805970149,7.0,67.0
2026-03-22 14:15:00,El Prat de Llobregat,22.972972972972972,18.0,37.0
2026-03-22 14:30:00,El Prat de Llobregat,25.112676056338028,18.0,71.0
2026-03-22 14:45:00,El Prat de Llobregat,23.541666666666668,9.0,48.0
2026-03-22 15:00:00,El Prat de Llobregat,24.083333333333332,27.0,60.0
2026-03-22 15:15:00,El Prat de Llobregat,32.64705882352941,31.0,68.0
2026-03-22 15:30:00,El Prat de Llobregat,24.916666666666668,18.0,60.0
2026-03-22 15:45:00,El Prat de Llobregat,18.470588235294116,12.0,68.0
2026-03-22 16:00:00,El Prat de Llobregat,22.12727272727273,12.0,55.0
2026-03-22 16:15:00,El Prat de Llobregat,30.576271186440678,12.0,59.0
2026-03-22 16:30:00,El Prat de Llobregat,28.486486486486488,7.0,74.0
2026-03-22 16:45:00,El Prat de Llobregat,34.17977528089887,32.0,89.0
2026-03-22 17:00:00,El Prat de Llobregat,40.77215189873418,34.0,79.0
2026-03-22 17:15:00,El Prat de Llobregat,38.7037037037037,32.5,54.0
2026-03-22 17:30:00,El Prat de Llobregat,34.02020202020202,32.0,99.0
2026-03-22 17:45:00,El Prat de Llobregat,32.93103448275862,32.0,58.0
2026-03-22 18:00:00,El Prat de Llobregat,29.65,32.0,120.0
2026-03-22 18:15:00,El Prat de Llobregat,24.790697674418606,17.0,43.0
2026-03-22 18:30:00,El Prat de Llobregat,27.06779661016949,14.0,59.0
2026-03-22 18:45:00,El Prat de Llobregat,31.941860465116278,29.5,86.0
2026-03-22 19:00:00,El Prat de Llobregat,29.6875,26.0,64.0
2026-03-22 19:15:00,El Prat de Llobregat,30.907692307692308,26.0,65.0
2026-03-22 19:30:00,El Prat de Llobregat,25.235294117647058,26.0,68.0
2026-03-22 19:45:00,El Prat de Llobregat,23.96153846153846,14.0,78.0
2026-03-22 20:00:00,El Prat de Llobregat,23.671232876712327,26.0,73.0
2026-03-22 20:15:00,El Prat de Llobregat,18.31081081081081,12.0,74.0
2026-03-22 20:30:00,El Prat de Llobregat,18.166666666666668,10.0,66.0
2026-03-22 20:45:00,El Prat de Llobregat,20.822916666666668,16.0,96.0
2026-03-22 21:00:00,El Prat de Llobregat,18.897435897435898,10.0,39.0
2026-03-22 21:15:00,El Prat de Llobregat,23.973684210526315,25.0,38.0
2026-03-22 21:30:00,El Prat de Llobregat,20.333333333333332,16.0,54.0
2026-03-22 21:45:00,El Prat de Llobregat,18.53125,13.0,32.0
2026-03-22 22:00:00,El Prat de Llobregat,20.224489795918366,16.0,49.0
2026-03-22 22:15:00,El Prat de Llobregat,19.821428571428573,16.0,28.0
2026-03-22 22:30:00,El Prat de Llobregat,18.657894736842106,16.0,38.0
2026-03-22 22:45:00,El Prat de Llobregat,19.0,16.0,26.0
2026-03-22 23:00:00,El Prat de Llobregat,14.555555555555555,13.0,18.0
2026-03-22 23:15:00,El Prat de Llobregat,9.090909090909092,3.0,11.0
2026-03-22 23:30:00,El Prat de Llobregat,4.333333333333333,3.0,6.0
2026-03-22 23:45:00,El Prat de Llobregat,4.333333333333333,6.0,3.0
2026-03-23 00:00:00,El Prat de Llobregat,,,
2026-03-23 00:15:00,El Prat de Llobregat,,,
2026-03-23 00:30:00,El Prat de Llobregat,,,
2026-03-23 00:45:00,El Prat de Llobregat,,,
2026-03-23 01:00:00,El Prat de Llobregat,,,
2026-03-23 01:15:00,El Prat de Llobregat,,,
2026-03-23 01:30:00,El Prat de Llobregat,,,
2026-03-23 01:45:00,El Prat de Llobregat,,,
2026-03-23 02:00:00,El Prat de Llobregat,,,
2026-03-23 02:15:00,El Prat de Llobregat,,,
2026-03-23 02:30:00,El Prat de Llobregat,,,
2026-03-23 02:45:00,El Prat de Llobregat,,,
2026-03-23 03:00:00,El Prat de Llobregat,7.0,7.0,2.0
2026-03-23 03:15:00,El Prat de Llobregat,13.0,13.0,1.0
2026-03-23 03:30:00,El Prat de Llobregat,4.3076923076923075,1.0,13.0
2026-03-23 03:45:00,El Prat de Llobregat,4.666666666666667,1.0,6.0
2026-03-23 04:00:00,El Prat de Llobregat,6.6,6.0,15.0
2026-03-23 04:15:00,El Prat de Llobregat,2.9,1.0,10.0
2026-03-23 04:30:00,El Prat de Llobregat,4.9,4.0,60.0
2026-03-23 04:45:00,El Prat de Llobregat,3.676470588235294,2.0,34.0
2026-03-23 05:00:00,El Prat de Llobregat,3.7222222222222223,1.0,36.0
2026-03-23 05:15:00,El Prat de Llobregat,5.414634146341464,5.0,41.0
2026-03-23 05:30:00,El Prat de Llobregat,6.770491803278689,6.0,61.0
2026-03-23 05:45:00,El Prat de Llobregat,7.038461538461538,7.0,52.0
2026-03-23 06:00:00,El Prat de Llobregat,2.5445544554455446,6.0,101.0
2026-03-23 06:15:00,El Prat de Llobregat,3.0285714285714285,6.0,105.0
2026-03-23 06:30:00,El Prat de Llobregat,5.842105263157895,6.0,95.0
2026-03-23 06:45:00,El Prat de Llobregat,6.012987012987013,6.0,77.0
2026-03-23 07:00:00,El Prat de Llobregat,7.2772277227722775,6.0,101.0
2026-03-23 07:15:00,El Prat de Llobregat,5.574074074074074,4.0,54.0
2026-03-23 07:30:00,El Prat de Llobregat,5.894736842105263,5.0,57.0
2026-03-23 07:45:00,El Prat de Llobregat,6.923076923076923,6.0,78.0
2026-03-23 08:00:00,El Prat de Llobregat,7.711111111111111,7.0,90.0
2026-03-23 08:15:00,El Prat de Llobregat,7.375,6.5,64.0
2026-03-23 08:30:00,El Prat de Llobregat,8.833333333333334,8.0,84.0
2026-03-23 08:45:00,El Prat de Llobregat,9.035714285714286,9.0,56.0
2026-03-23 09:00:00,El Prat de Llobregat,12.11864406779661,11.0,59.0
2026-03-23 09:15:00,El Prat de Llobregat,25.89075630252101,15.0,119.0
2026-03-23 09:30:00,El Prat de Llobregat,24.259615384615383,19.0,104.0
2026-03-23 09:45:00,El Prat de Llobregat,20.296875,14.5,64.0
2026-03-23 10:00:00,El Prat de Llobregat,18.2,12.0,85.0
2026-03-23 10:15:00,El Prat de Llobregat,15.293577981651376,11.0,109.0
2026-03-23 10:30:00,El Prat de Llobregat,12.23157894736842,9.0,95.0
2026-03-23 10:45:00,El Prat de Llobregat,23.77358490566038,11.0,53.0
2026-03-23 11:00:00,El Prat de Llobregat,34.6530612244898,29.0,49.0
2026-03-23 11:15:00,El Prat de Llobregat,26.515151515151516,15.0,66.0
2026-03-23 11:30:00,El Prat de Llobregat,26.719298245614034,15.0,57.0
2026-03-23 11:45:00,El Prat de Llobregat,25.59259259259259,15.0,81.0
2026-03-23 12:00:00,El Prat de Llobregat,27.92105263157895,15.0,38.0
2026-03-23 12:15:00,El Prat de Llobregat,25.98507462686567,15.0,67.0
2026-03-23 12:30:00,El Prat de Llobregat,15.244444444444444,7.0,45.0
2026-03-23 12:45:00,El Prat de Llobregat,24.170212765957448,14.0,47.0
2026-03-23 13:00:00,El Prat de Llobregat,27.441176470588236,28.0,68.0
2026-03-23 13:15:00,El Prat de Llobregat,21.950617283950617,14.0,81.0
2026-03-23 13:30:00,El Prat de Llobregat,27.903846153846153,28.0,52.0
2026-03-23 13:45:00,El Prat de Llobregat,23.275862068965516,23.0,58.0
2026-03-23 14:00:00,El Prat de Llobregat,24.3015873015873,23.0,63.0
2026-03-23 14:15:00,El Prat de Llobregat,17.555555555555557,14.5,36.0
2026-03-23 14:30:00,El Prat de Llobregat,15.873015873015873,11.0,63.0
2026-03-23 14:45:00,El Prat de Llobregat,17.423076923076923,12.0,52.0
2026-03-23 15:00:00,El Prat de Llobregat,20.266666666666666,22.0,30.0
2026-03-23 15:15:00,El Prat de Llobregat,17.272727272727273,13.0,66.0
2026-03-23 15:30:00,El Prat de Llobregat,16.1875,7.0,48.0
2026-03-23 15:45:00,El Prat de Llobregat,20.771929824561404,18.0,57.0
2026-03-23 16:00:00,El Prat de Llobregat,17.676923076923078,14.0,65.0
2026-03-23 16:15:00,El Prat de Llobregat,19.76595744680851,18.0,47.0
2026-03-23 16:30:00,El Prat de Llobregat,14.068965517241379,13.0,58.0
2026-03-23 16:45:00,El Prat de Llobregat,15.35897435897436,13.0,39.0
2026-03-23 17:00:00,El Prat de Llobregat,11.9,12.0,60.0
2026-03-23 17:15:00,El Prat de Llobregat,11.461538461538462,7.0,52.0
2026-03-23 17:30:00,El Prat de Llobregat,10.451612903225806,6.0,31.0
2026-03-23 17:45:00,El Prat de Llobregat,7.541666666666667,6.0,24.0
2026-03-23 18:00:00,El Prat de Llobregat,8.0,6.0,32.0
2026-03-23 18:15:00,El Prat de Llobregat,8.478260869565217,6.0,46.0
2026-03-23 18:30:00,El Prat de Llobregat,6.46,6.0,50.0
2026-03-23 18:45:00,El Prat de Llobregat,4.804878048780488,5.0,41.0
2026-03-23 19:00:00,El Prat de Llobregat,5.041666666666667,5.0,48.0
2026-03-23 19:15:00,El Prat de Llobregat,4.318840579710145,3.0,69.0
2026-03-23 19:30:00,El Prat de Llobregat,6.956521739130435,3.5,46.0
2026-03-23 19:45:00,El Prat de Llobregat,9.333333333333334,8.0,48.0
2026-03-23 20:00:00,El Prat de Llobregat,8.441176470588236,7.0,34.0
2026-03-23 20:15:00,El Prat de Llobregat,10.403508771929825,6.0,57.0
2026-03-23 20:30:00,El Prat de Llobregat,9.61111111111111,6.0,18.0
2026-03-23 20:45:00,El Prat de Llobregat,9.95,6.5,40.0
2026-03-23 21:00:00,El Prat de Llobregat,11.333333333333334,6.0,54.0
2026-03-23 21:15:00,El Prat de Llobregat,12.782608695652174,7.0,46.0
2026-03-23 21:30:00,El Prat de Llobregat,16.225,6.5,40.0
2026-03-23 21:45:00,El Prat de Llobregat,11.88888888888889,6.0,63.0
2026-03-23 22:00:00,El Prat de Llobregat,12.46938775510204,6.0,49.0
2026-03-23 22:15:00,El Prat de Llobregat,19.285714285714285,20.0,35.0
2026-03-23 22:30:00,El Prat de Llobregat,19.125,19.0,40.0
2026-03-23 22:45:00,El Prat de Llobregat,14.592592592592593,19.0,27.0
2026-03-23 23:00:00,El Prat de Llobregat,15.882352941176471,6.0,17.0
2026-03-23 23:15:00,El Prat de Llobregat,15.11111111111111,6.0,9.0
2026-03-23 23:30:00,El Prat de Llobregat,9.0,2.0,7.0
2026-03-23 23:45:00,El Prat de Llobregat,1.8333333333333333,-0.5,6.0
2026-03-24 00:00:00,El Prat de Llobregat,,,
2026-03-24 00:15:00,El Prat de Llobregat,,,
2026-03-24 00:30:00,El Prat de Llobregat,,,
2026-03-24 00:45:00,El Prat de Llobregat,,,
2026-03-24 01:00:00,El Prat de Llobregat,,,
2026-03-24 01:15:00,El Prat de Llobregat,,,
2026-03-24 01:30:00,El Prat de Llobregat,,,
2026-03-24 01:45:00,El Prat de Llobregat,,,
2026-03-24 02:00:00,El Prat de Llobregat,,,
2026-03-24 02:15:00,El Prat de Llobregat,,,
2026-03-24 02:30:00,El Prat de Llobregat,,,
2026-03-24 02:45:00,El Prat de Llobregat,,,
2026-03-24 03:00:00,El Prat de Llobregat,15.0,15.0,2.0
2026-03-24 03:15:00,El Prat de Llobregat,10.0,10.0,2.0
2026-03-24 03:30:00,El Prat de Llobregat,6.0,4.0,14.0
2026-03-24 03:45:00,El Prat de Llobregat,4.555555555555555,2.0,18.0
2026-03-24 04:00:00,El Prat de Llobregat,0.625,1.0,8.0
2026-03-24 04:15:00,El Prat de Llobregat,5.464285714285714,3.0,28.0
2026-03-24 04:30:00,El Prat de Llobregat,7.838709677419355,6.0,62.0
2026-03-24 04:45:00,El Prat de Llobregat,11.473684210526315,8.0,38.0
2026-03-24 05:00:00,El Prat de Llobregat,10.490384615384615,7.5,208.0
2026-03-24 05:15:00,El Prat de Llobregat,10.777777777777779,8.0,108.0
2026-03-24 05:30:00,El Prat de Llobregat,8.398305084745763,4.0,118.0
2026-03-24 05:45:00,El Prat de Llobregat,8.777777777777779,5.0,162.0
2026-03-24 06:00:00,El Prat de Llobregat,11.703947368421053,8.0,152.0
2026-03-24 06:15:00,El Prat de Llobregat,9.571428571428571,4.0,154.0
2026-03-24 06:30:00,El Prat de Llobregat,12.387096774193548,8.0,186.0
2026-03-24 06:45:00,El Prat de Llobregat,11.50561797752809,5.0,178.0
2026-03-24 07:00:00,El Prat de Llobregat,13.989795918367347,13.0,196.0
2026-03-24 07:15:00,El Prat de Llobregat,15.16504854368932,13.0,206.0
2026-03-24 07:30:00,El Prat de Llobregat,15.543478260869565,13.0,322.0
2026-03-24 07:45:00,El Prat de Llobregat,16.241935483870968,13.0,186.0
2026-03-24 08:00:00,El Prat de Llobregat,14.94059405940594,13.0,202.0
2026-03-24 08:15:00,El Prat de Llobregat,19.26063829787234,21.0,188.0
2026-03-24 08:30:00,El Prat de Llobregat,16.560344827586206,15.0,116.0
2026-03-24 08:45:00,El Prat de Llobregat,17.055555555555557,15.0,216.0
2026-03-24 09:00:00,El Prat de Llobregat,20.725352112676056,18.0,142.0
2026-03-24 09:15:00,El Prat de Llobregat,22.11111111111111,19.0,162.0
2026-03-24 09:30:00,El Prat de Llobregat,15.58252427184466,12.0,206.0
2026-03-24 09:45:00,El Prat de Llobregat,17.311475409836067,12.0,122.0
2026-03-24 10:00:00,El Prat de Llobregat,16.08695652173913,11.0,138.0
2026-03-24 10:15:00,El Prat de Llobregat,18.29230769230769,13.0,130.0
2026-03-24 10:30:00,El Prat de Llobregat,16.47590361445783,12.0,166.0
2026-03-24 10:45:00,El Prat de Llobregat,14.2,12.0,80.0
2026-03-24 11:00:00,El Prat de Llobregat,14.255813953488373,10.5,86.0
2026-03-24 11:15:00,El Prat de Llobregat,12.880952380952381,10.0,126.0
2026-03-24 11:30:00,El Prat de Llobregat,13.408333333333333,8.0,120.0
2026-03-24 11:45:00,El Prat de Llobregat,14.08974358974359,10.0,78.0
2026-03-24 12:00:00,El Prat de Llobregat,16.411392405063292,11.0,158.0
2026-03-24 12:15:00,El Prat de Llobregat,16.161538461538463,11.0,130.0
2026-03-24 12:30:00,El Prat de Llobregat,19.905172413793103,17.0,116.0
2026-03-24 12:45:00,El Prat de Llobregat,20.246376811594203,14.5,138.0
2026-03-24 13:00:00,El Prat de Llobregat,18.62264150943396,11.0,106.0
2026-03-24 13:15:00,El Prat de Llobregat,23.01851851851852,22.5,108.0
2026-03-24 13:30:00,El Prat de Llobregat,18.66860465116279,17.0,172.0
2026-03-24 13:45:00,El Prat de Llobregat,18.8,18.0,30.0
2026-03-24 14:00:00,El Prat de Llobregat,16.09433962264151,11.5,106.0
2026-03-24 14:15:00,El Prat de Llobregat,15.578947368421053,11.0,76.0
2026-03-24 14:30:00,El Prat de Llobregat,15.775,11.0,120.0
2026-03-24 14:45:00,El Prat de Llobregat,14.089285714285714,11.0,56.0
2026-03-24 15:00:00,El Prat de Llobregat,17.133802816901408,13.0,142.0
2026-03-24 15:15:00,El Prat de Llobregat,22.1375,18.0,80.0
2026-03-24 15:30:00,El Prat de Llobregat,24.12264150943396,22.0,106.0
2026-03-24 15:45:00,El Prat de Llobregat,21.4811320754717,18.0,106.0
2026-03-24 16:00:00,El Prat de Llobregat,21.847826086956523,18.0,92.0
2026-03-24 16:15:00,El Prat de Llobregat,23.377777777777776,20.0,90.0
2026-03-24 16:30:00,El Prat de Llobregat,19.897058823529413,13.0,68.0
2026-03-24 16:45:00,El Prat de Llobregat,20.258064516129032,18.5,124.0
2026-03-24 17:00:00,El Prat de Llobregat,18.13235294117647,15.0,68.0
2026-03-24 17:15:00,El Prat de Llobregat,18.810344827586206,17.0,116.0
2026-03-24 17:30:00,El Prat de Llobregat,21.754901960784313,22.0,102.0
2026-03-24 17:45:00,El Prat de Llobregat,14.925,15.0,120.0
2026-03-24 18:00:00,El Prat de Llobregat,14.41304347826087,12.5,92.0
2026-03-24 18:15:00,El Prat de Llobregat,16.75,13.0,92.0
2026-03-24 18:30:00,El Prat de Llobregat,16.8,12.0,130.0
2026-03-24 18:45:00,El Prat de Llobregat,13.670212765957446,9.0,94.0
2026-03-24 19:00:00,El Prat de Llobregat,16.98181818181818,11.0,110.0
2026-03-24 19:15:00,El Prat de Llobregat,25.24074074074074,24.0,108.0
2026-03-24 19:30:00,El Prat de Llobregat,24.11111111111111,23.0,90.0
2026-03-24 19:45:00,El Prat de Llobregat,23.403846153846153,19.0,156.0
2026-03-24 20:00:00,El Prat de Llobregat,26.06896551724138,25.0,116.0
2026-03-24 20:15:00,El Prat de Llobregat,24.88888888888889,25.0,72.0
2026-03-24 20:30:00,El Prat de Llobregat,20.67105263157895,14.5,76.0
2026-03-24 20:45:00,El Prat de Llobregat,24.6875,17.0,64.0
2026-03-24 21:00:00,El Prat de Llobregat,27.541666666666668,22.0,72.0
2026-03-24 21:15:00,El Prat de Llobregat,25.147058823529413,17.0,68.0
2026-03-24 21:30:00,El Prat de Llobregat,23.073529411764707,17.0,68.0
2026-03-24 21:45:00,El Prat de Llobregat,22.774193548387096,17.0,62.0
2026-03-24 22:00:00,El Prat de Llobregat,20.341463414634145,16.0,82.0
2026-03-24 22:15:00,El Prat de Llobregat,24.431818181818183,16.0,44.0
2026-03-24 22:30:00,El Prat de Llobregat,20.92105263157895,16.0,38.0
2026-03-24 22:45:00,El Prat de Llobregat,21.90740740740741,16.0,54.0
2026-03-24 23:00:00,El Prat de Llobregat,23.05,16.0,40.0
2026-03-24 23:15:00,El Prat de Llobregat,22.814814814814813,16.0,54.0
2026-03-24 23:30:00,El Prat de Llobregat,24.92105263157895,33.0,38.0
2026-03-24 23:45:00,El Prat de Llobregat,23.55,24.5,20.0
2026-03-25 00:00:00,El Prat de Llobregat,,,
2026-03-25 00:15:00,El Prat de Llobregat,,,
2026-03-25 00:30:00,El Prat de Llobregat,,,
2026-03-25 00:45:00,El Prat de Llobregat,,,
2026-03-25 01:00:00,El Prat de Llobregat,,,
2026-03-25 01:15:00,El Prat de Llobregat,,,
2026-03-25 01:30:00,El Prat de Llobregat,,,
2026-03-25 01:45:00,El Prat de Llobregat,,,
2026-03-25 02:00:00,El Prat de Llobregat,,,
2026-03-25 02:15:00,El Prat de Llobregat,,,
2026-03-25 02:30:00,El Prat de Llobregat,,,
2026-03-25 02:45:00,El Prat de Llobregat,,,
2026-03-25 03:00:00,El Prat de Llobregat,18.0,18.0,2.0
2026-03-25 03:15:00,El Prat de Llobregat,,,
2026-03-25 03:30:00,El Prat de Llobregat,2.0,2.0,1.0
2026-03-25 03:45:00,El Prat de Llobregat,2.0,2.0,1.0
2026-03-25 04:00:00,El Prat de Llobregat,8.166666666666666,1.5,6.0
2026-03-25 04:15:00,El Prat de Llobregat,3.210526315789474,1.0,19.0
2026-03-25 04:30:00,El Prat de Llobregat,7.25,10.5,16.0
2026-03-25 04:45:00,El Prat de Llobregat,9.72,14.0,25.0
2026-03-25 05:00:00,El Prat de Llobregat,6.857142857142857,2.0,35.0
2026-03-25 05:15:00,El Prat de Llobregat,9.267605633802816,3.0,71.0
2026-03-25 05:30:00,El Prat de Llobregat,10.26086956521739,5.0,69.0
2026-03-25 05:45:00,El Prat de Llobregat,9.6,3.0,70.0
2026-03-25 06:00:00,El Prat de Llobregat,12.679611650485437,7.0,103.0
2026-03-25 06:15:00,El Prat de Llobregat,9.525,3.0,80.0
2026-03-25 06:30:00,El Prat de Llobregat,8.753086419753087,3.0,81.0
2026-03-25 06:45:00,El Prat de Llobregat,10.657142857142857,4.5,70.0
2026-03-25 07:00:00,El Prat de Llobregat,12.917525773195877,8.0,97.0
2026-03-25 07:15:00,El Prat de Llobregat,13.65,7.0,80.0
2026-03-25 07:30:00,El Prat de Llobregat,16.925531914893618,16.5,94.0
2026-03-25 07:45:00,El Prat de Llobregat,16.359550561797754,15.0,89.0
2026-03-25 08:00:00,El Prat de Llobregat,16.806451612903224,21.0,62.0
2026-03-25 08:15:00,El Prat de Llobregat,20.52892561983471,23.0,121.0
2026-03-25 08:30:00,El Prat de Llobregat,20.8265306122449,23.0,98.0
2026-03-25 08:45:00,El Prat de Llobregat,19.966666666666665,20.0,60.0
2026-03-25 09:00:00,El Prat de Llobregat,20.47826086956522,20.0,69.0
2026-03-25 09:15:00,El Prat de Llobregat,19.757575757575758,14.0,66.0
2026-03-25 09:30:00,El Prat de Llobregat,18.11764705882353,13.0,68.0
2026-03-25 09:45:00,El Prat de Llobregat,18.5,13.0,52.0
2026-03-25 10:00:00,El Prat de Llobregat,14.958333333333334,11.0,72.0
2026-03-25 10:15:00,El Prat de Llobregat,15.11111111111111,12.0,36.0
2026-03-25 10:30:00,El Prat de Llobregat,16.382978723404257,13.0,47.0
2026-03-25 10:45:00,El Prat de Llobregat,7.979166666666667,4.0,48.0
2026-03-25 11:00:00,El Prat de Llobregat,11.231884057971014,7.0,69.0
2026-03-25 11:15:00,El Prat de Llobregat,10.92,5.0,50.0
2026-03-25 11:30:00,El Prat de Llobregat,12.446153846153846,9.0,65.0
2026-03-25 11:45:00,El Prat de Llobregat,12.279069767441861,10.0,43.0
2026-03-25 12:00:00,El Prat de Llobregat,17.103448275862068,17.0,58.0
2026-03-25 12:15:00,El Prat de Llobregat,14.375,11.0,56.0
2026-03-25 12:30:00,El Prat de Llobregat,15.794117647058824,14.0,34.0
2026-03-25 12:45:00,El Prat de Llobregat,15.095238095238095,14.0,63.0
2026-03-25 13:00:00,El Prat de Llobregat,16.282608695652176,15.0,46.0
2026-03-25 13:15:00,El Prat de Llobregat,15.116279069767442,14.0,43.0
2026-03-25 13:30:00,El Prat de Llobregat,18.048780487804876,21.0,82.0
2026-03-25 13:45:00,El Prat de Llobregat,18.22222222222222,18.0,72.0
2026-03-25 14:00:00,El Prat de Llobregat,16.63157894736842,14.5,76.0
2026-03-25 14:15:00,El Prat de Llobregat,14.91891891891892,18.0,37.0
2026-03-25 14:30:00,El Prat de Llobregat,16.733333333333334,14.5,90.0
2026-03-25 14:45:00,El Prat de Llobregat,19.32857142857143,18.0,70.0
2026-03-25 15:00:00,El Prat de Llobregat,19.475409836065573,18.0,61.0
2026-03-25 15:15:00,El Prat de Llobregat,24.77777777777778,25.0,54.0
2026-03-25 15:30:00,El Prat de Llobregat,20.152173913043477,20.0,46.0
2026-03-25 15:45:00,El Prat de Llobregat,19.444444444444443,18.0,45.0
2026-03-25 16:00:00,El Prat de Llobregat,23.054054054054053,24.0,37.0
2026-03-25 16:15:00,El Prat de Llobregat,25.5,24.5,30.0
2026-03-25 16:30:00,El Prat de Llobregat,18.870967741935484,14.5,62.0
2026-03-25 16:45:00,El Prat de Llobregat,17.92063492063492,14.0,63.0
2026-03-25 17:00:00,El Prat de Llobregat,20.256410256410255,15.0,39.0
2026-03-25 17:15:00,El Prat de Llobregat,20.625,17.0,56.0
2026-03-25 17:30:00,El Prat de Llobregat,20.836734693877553,22.0,49.0
2026-03-25 17:45:00,El Prat de Llobregat,17.1,17.5,50.0
2026-03-25 18:00:00,El Prat de Llobregat,17.315217391304348,13.5,92.0
2026-03-25 18:15:00,El Prat de Llobregat,20.710526315789473,22.0,76.0
2026-03-25 18:30:00,El Prat de Llobregat,17.618181818181817,13.0,55.0
2026-03-25 18:45:00,El Prat de Llobregat,14.352941176470589,9.0,17.0
2026-03-25 19:00:00,El Prat de Llobregat,18.023809523809526,13.0,42.0
2026-03-25 19:15:00,El Prat de Llobregat,15.910714285714286,9.0,56.0
2026-03-25 19:30:00,El Prat de Llobregat,16.58490566037736,11.0,53.0
2026-03-25 19:45:00,El Prat de Llobregat,18.846153846153847,14.0,52.0
2026-03-25 20:00:00,El Prat de Llobregat,24.625,25.0,56.0
2026-03-25 20:15:00,El Prat de Llobregat,24.311475409836067,25.0,61.0
2026-03-25 20:30:00,El Prat de Llobregat,22.918367346938776,20.0,49.0
2026-03-25 20:45:00,El Prat de Llobregat,19.571428571428573,17.0,56.0
2026-03-25 21:00:00,El Prat de Llobregat,20.403225806451612,17.0,62.0
2026-03-25 21:15:00,El Prat de Llobregat,15.283018867924529,13.0,53.0
2026-03-25 21:30:00,El Prat de Llobregat,21.057142857142857,17.0,35.0
2026-03-25 21:45:00,El Prat de Llobregat,21.78,15.0,50.0
2026-03-25 22:00:00,El Prat de Llobregat,20.68421052631579,15.0,38.0
2026-03-25 22:15:00,El Prat de Llobregat,21.0,14.0,31.0
2026-03-25 22:30:00,El Prat de Llobregat,17.44,14.0,25.0
2026-03-25 22:45:00,El Prat de Llobregat,14.89655172413793,14.0,29.0
2026-03-25 23:00:00,El Prat de Llobregat,12.4,14.0,20.0
2026-03-25 23:15:00,El Prat de Llobregat,3.6,0.0,5.0
2026-03-25 23:30:00,El Prat de Llobregat,4.25,0.0,8.0
2026-03-25 23:45:00,El Prat de Llobregat,4.333333333333333,2.0,3.0
2026-03-26 00:00:00,El Prat de Llobregat,,,
2026-03-26 00:15:00,El Prat de Llobregat,,,
2026-03-26 00:30:00,El Prat de Llobregat,,,
2026-03-26 00:45:00,El Prat de Llobregat,,,
2026-03-26 01:00:00,El Prat de Llobregat,,,
2026-03-26 01:15:00,El Prat de Llobregat,,,
2026-03-26 01:30:00,El Prat de Llobregat,,,
2026-03-26 01:45:00,El Prat de Llobregat,,,
2026-03-26 02:00:00,El Prat de Llobregat,,,
2026-03-26 02:15:00,El Prat de Llobregat,,,
2026-03-26 02:30:00,El Prat de Llobregat,,,
2026-03-26 02:45:00,El Prat de Llobregat,,,
2026-03-26 03:00:00,El Prat de Llobregat,19.0,19.0,2.0
2026-03-26 03:15:00,El Prat de Llobregat,,,
2026-03-26 03:30:00,El Prat de Llobregat,12.125,13.0,8.0
2026-03-26 03:45:00,El Prat de Llobregat,14.75,12.5,4.0
2026-03-26 04:00:00,El Prat de Llobregat,11.25,10.5,8.0
2026-03-26 04:15:00,El Prat de Llobregat,11.8125,10.5,16.0
2026-03-26 04:30:00,El Prat de Llobregat,8.066666666666666,6.5,30.0
2026-03-26 04:45:00,El Prat de Llobregat,15.306451612903226,14.0,62.0
2026-03-26 05:00:00,El Prat de Llobregat,11.512820512820513,7.5,78.0
2026-03-26 05:15:00,El Prat de Llobregat,14.120967741935484,11.5,124.0
2026-03-26 05:30:00,El Prat de Llobregat,14.271604938271604,11.0,162.0
2026-03-26 05:45:00,El Prat de Llobregat,13.884615384615385,11.0,130.0
2026-03-26 06:00:00,El Prat de Llobregat,18.202247191011235,20.0,178.0
2026-03-26 06:15:00,El Prat de Llobregat,13.234375,11.0,128.0
2026-03-26 06:30:00,El Prat de Llobregat,17.551724137931036,19.0,174.0
2026-03-26 06:45:00,El Prat de Llobregat,17.07894736842105,17.0,190.0
2026-03-26 07:00:00,El Prat de Llobregat,20.126506024096386,24.0,166.0
2026-03-26 07:15:00,El Prat de Llobregat,19.983660130718953,21.0,306.0
2026-03-26 07:30:00,El Prat de Llobregat,20.454918032786885,20.5,244.0
2026-03-26 07:45:00,El Prat de Llobregat,22.683333333333334,24.0,240.0
2026-03-26 08:00:00,El Prat de Llobregat,22.62686567164179,24.0,134.0
2026-03-26 08:15:00,El Prat de Llobregat,24.94736842105263,24.5,114.0
2026-03-26 08:30:00,El Prat de Llobregat,24.65,24.0,200.0
2026-03-26 08:45:00,El Prat de Llobregat,26.418032786885245,27.0,122.0
2026-03-26 09:00:00,El Prat de Llobregat,24.666666666666668,24.0,180.0
2026-03-26 09:15:00,El Prat de Llobregat,22.80263157894737,20.5,152.0
2026-03-26 09:30:00,El Prat de Llobregat,19.676923076923078,16.0,130.0
2026-03-26 09:45:00,El Prat de Llobregat,23.615384615384617,24.5,104.0
2026-03-26 10:00:00,El Prat de Llobregat,20.644444444444446,18.0,90.0
2026-03-26 10:15:00,El Prat de Llobregat,20.24561403508772,16.0,114.0
2026-03-26 10:30:00,El Prat de Llobregat,25.02857142857143,27.0,70.0
2026-03-26 10:45:00,El Prat de Llobregat,23.738636363636363,20.5,88.0
2026-03-26 11:00:00,El Prat de Llobregat,24.3,20.0,100.0
2026-03-26 11:15:00,El Prat de Llobregat,25.043478260869566,23.0,92.0
2026-03-26 11:30:00,El Prat de Llobregat,27.6015625,26.0,128.0
2026-03-26 11:45:00,El Prat de Llobregat,19.630434782608695,13.5,92.0
2026-03-26 12:00:00,El Prat de Llobregat,19.20138888888889,14.0,144.0
2026-03-26 12:15:00,El Prat de Llobregat,18.676056338028168,14.0,142.0
2026-03-26 12:30:00,El Prat de Llobregat,17.57,11.0,100.0
2026-03-26 12:45:00,El Prat de Llobregat,22.962962962962962,20.0,108.0
2026-03-26 13:00:00,El Prat de Llobregat,22.01219512195122,19.5,82.0
2026-03-26 13:15:00,El Prat de Llobregat,17.31578947368421,12.5,114.0
2026-03-26 13:30:00,El Prat de Llobregat,20.297619047619047,15.0,168.0
2026-03-26 13:45:00,El Prat de Llobregat,21.940677966101696,15.0,118.0
2026-03-26 14:00:00,El Prat de Llobregat,18.859375,10.5,64.0
2026-03-26 14:15:00,El Prat de Llobregat,23.15625,21.0,96.0
2026-03-26 14:30:00,El Prat de Llobregat,21.095588235294116,21.0,136.0
2026-03-26 14:45:00,El Prat de Llobregat,23.137931034482758,23.0,116.0
2026-03-26 15:00:00,El Prat de Llobregat,22.25,16.0,112.0
2026-03-26 15:15:00,El Prat de Llobregat,22.426470588235293,15.0,68.0
2026-03-26 15:30:00,El Prat de Llobregat,22.666666666666668,22.0,120.0
2026-03-26 15:45:00,El Prat de Llobregat,21.08,17.0,100.0
2026-03-26 16:00:00,El Prat de Llobregat,20.490909090909092,18.0,110.0
2026-03-26 16:15:00,El Prat de Llobregat,21.105263157894736,18.0,114.0
2026-03-26 16:30:00,El Prat de Llobregat,17.0125,12.5,160.0
2026-03-26 16:45:00,El Prat de Llobregat,15.93125,13.0,160.0
2026-03-26 17:00:00,El Prat de Llobregat,19.114583333333332,17.0,96.0
2026-03-26 17:15:00,El Prat de Llobregat,16.057692307692307,16.5,104.0
2026-03-26 17:30:00,El Prat de Llobregat,14.857142857142858,13.0,84.0
2026-03-26 17:45:00,El Prat de Llobregat,16.71764705882353,14.5,170.0
2026-03-26 18:00:00,El Prat de Llobregat,13.438775510204081,12.0,98.0
2026-03-26 18:15:00,El Prat de Llobregat,24.875,19.0,136.0
2026-03-26 18:30:00,El Prat de Llobregat,17.2,12.0,70.0
2026-03-26 18:45:00,El Prat de Llobregat,17.29090909090909,12.5,110.0
2026-03-26 19:00:00,El Prat de Llobregat,24.127450980392158,17.0,102.0
2026-03-26 19:15:00,El Prat de Llobregat,18.686274509803923,11.5,102.0
2026-03-26 19:30:00,El Prat de Llobregat,28.613636363636363,15.0,132.0
2026-03-26 19:45:00,El Prat de Llobregat,29.329268292682926,17.0,82.0
2026-03-26 20:00:00,El Prat de Llobregat,31.696969696969695,18.0,132.0
2026-03-26 20:15:00,El Prat de Llobregat,32.6044776119403,19.0,134.0
2026-03-26 20:30:00,El Prat de Llobregat,36.489583333333336,23.0,96.0
2026-03-26 20:45:00,El Prat de Llobregat,35.02173913043478,23.0,92.0
2026-03-26 21:00:00,El Prat de Llobregat,30.75581395348837,24.0,86.0
2026-03-26 21:15:00,El Prat de Llobregat,27.75,23.0,76.0
2026-03-26 21:30:00,El Prat de Llobregat,33.0,31.0,60.0
2026-03-26 21:45:00,El Prat de Llobregat,20.344827586206897,19.0,58.0
2026-03-26 22:00:00,El Prat de Llobregat,24.933333333333334,19.0,90.0
2026-03-26 22:15:00,El Prat de Llobregat,22.90625,19.0,64.0
2026-03-26 22:30:00,El Prat de Llobregat,16.11904761904762,16.0,84.0
2026-03-26 22:45:00,El Prat de Llobregat,9.774193548387096,7.0,62.0
2026-03-26 23:00:00,El Prat de Llobregat,3.8684210526315788,5.5,38.0
2026-03-26 23:15:00,El Prat de Llobregat,13.55,4.0,20.0
2026-03-26 23:30:00,El Prat de Llobregat,8.384615384615385,4.0,26.0
2026-03-26 23:45:00,El Prat de Llobregat,1.6666666666666667,2.0,12.0
2026-03-27 00:00:00,El Prat de Llobregat,,,
2026-03-27 00:15:00,El Prat de Llobregat,,,
2026-03-27 00:30:00,El Prat de Llobregat,,,
2026-03-27 00:45:00,El Prat de Llobregat,,,
2026-03-27 01:00:00,El Prat de Llobregat,,,
2026-03-27 01:15:00,El Prat de Llobregat,,,
2026-03-27 01:30:00,El Prat de Llobregat,,,
2026-03-27 01:45:00,El Prat de Llobregat,,,
2026-03-27 02:00:00,El Prat de Llobregat,,,
2026-03-27 02:15:00,El Prat de Llobregat,,,
2026-03-27 02:30:00,El Prat de Llobregat,,,
2026-03-27 02:45:00,El Prat de Llobregat,,,
2026-03-27 03:00:00,El Prat de Llobregat,,,
2026-03-27 03:15:00,El Prat de Llobregat,11.333333333333334,11.0,3.0
2026-03-27 03:30:00,El Prat de Llobregat,17.666666666666668,24.0,3.0
2026-03-27 03:45:00,El Prat de Llobregat,9.363636363636363,8.0,11.0
2026-03-27 04:00:00,El Prat de Llobregat,8.68421052631579,8.0,19.0
2026-03-27 04:15:00,El Prat de Llobregat,12.722222222222221,9.5,18.0
2026-03-27 04:30:00,El Prat de Llobregat,14.066666666666666,11.0,30.0
2026-03-27 04:45:00,El Prat de Llobregat,12.863636363636363,9.5,22.0
2026-03-27 05:00:00,El Prat de Llobregat,12.675675675675675,11.0,74.0
2026-03-27 05:15:00,El Prat de Llobregat,11.839285714285714,8.5,56.0
2026-03-27 05:30:00,El Prat de Llobregat,12.696,11.0,125.0
2026-03-27 05:45:00,El Prat de Llobregat,13.0,11.0,87.0
2026-03-27 06:00:00,El Prat de Llobregat,14.049504950495049,12.0,101.0
2026-03-27 06:15:00,El Prat de Llobregat,11.84070796460177,8.0,113.0
2026-03-27 06:30:00,El Prat de Llobregat,13.91156462585034,9.0,147.0
2026-03-27 06:45:00,El Prat de Llobregat,13.159090909090908,8.0,88.0
2026-03-27 07:00:00,El Prat de Llobregat,16.743119266055047,16.0,109.0
2026-03-27 07:15:00,El Prat de Llobregat,16.314285714285713,17.0,105.0
2026-03-27 07:30:00,El Prat de Llobregat,19.516393442622952,24.0,122.0
2026-03-27 07:45:00,El Prat de Llobregat,18.37837837837838,18.0,185.0
2026-03-27 08:00:00,El Prat de Llobregat,21.348148148148148,23.0,135.0
2026-03-27 08:15:00,El Prat de Llobregat,18.850574712643677,17.0,87.0
2026-03-27 08:30:00,El Prat de Llobregat,18.4527027027027,16.0,148.0
2026-03-27 08:45:00,El Prat de Llobregat,22.59550561797753,18.0,89.0
2026-03-27 09:00:00,El Prat de Llobregat,26.155038759689923,21.0,129.0
2026-03-27 09:15:00,El Prat de Llobregat,23.79746835443038,16.0,79.0
2026-03-27 09:30:00,El Prat de Llobregat,19.894736842105264,14.0,95.0
2026-03-27 09:45:00,El Prat de Llobregat,21.397959183673468,15.0,98.0
2026-03-27 10:00:00,El Prat de Llobregat,22.1125,16.0,80.0
2026-03-27 10:15:00,El Prat de Llobregat,24.08641975308642,18.0,81.0
2026-03-27 10:30:00,El Prat de Llobregat,26.123076923076923,20.0,65.0
2026-03-27 10:45:00,El Prat de Llobregat,18.842105263157894,14.0,95.0
2026-03-27 11:00:00,El Prat de Llobregat,25.3,18.0,90.0
2026-03-27 11:15:00,El Prat de Llobregat,25.74576271186441,14.0,59.0
2026-03-27 11:30:00,El Prat de Llobregat,30.593023255813954,32.5,86.0
2026-03-27 11:45:00,El Prat de Llobregat,23.942307692307693,18.0,52.0
2026-03-27 12:00:00,El Prat de Llobregat,33.29347826086956,37.0,92.0
2026-03-27 12:15:00,El Prat de Llobregat,22.747474747474747,18.0,99.0
2026-03-27 12:30:00,El Prat de Llobregat,21.79787234042553,15.0,94.0
2026-03-27 12:45:00,El Prat de Llobregat,22.807692307692307,15.0,104.0
2026-03-27 13:00:00,El Prat de Llobregat,28.693181818181817,21.0,88.0
2026-03-27 13:15:00,El Prat de Llobregat,26.20967741935484,17.0,62.0
2026-03-27 13:30:00,El Prat de Llobregat,26.095744680851062,16.0,94.0
2026-03-27 13:45:00,El Prat de Llobregat,31.186046511627907,29.0,43.0
2026-03-27 14:00:00,El Prat de Llobregat,26.305555555555557,16.0,72.0
2026-03-27 14:15:00,El Prat de Llobregat,22.321428571428573,15.0,56.0
2026-03-27 14:30:00,El Prat de Llobregat,21.352941176470587,12.0,68.0
2026-03-27 14:45:00,El Prat de Llobregat,23.79032258064516,15.5,62.0
2026-03-27 15:00:00,El Prat de Llobregat,21.453125,12.0,64.0
2026-03-27 15:15:00,El Prat de Llobregat,22.080645161290324,13.5,62.0
2026-03-27 15:30:00,El Prat de Llobregat,26.509090909090908,27.0,55.0
2026-03-27 15:45:00,El Prat de Llobregat,25.46153846153846,27.0,65.0
2026-03-27 16:00:00,El Prat de Llobregat,19.42,17.0,100.0
2026-03-27 16:15:00,El Prat de Llobregat,18.310344827586206,12.0,29.0
2026-03-27 16:30:00,El Prat de Llobregat,15.715328467153284,11.0,137.0
2026-03-27 16:45:00,El Prat de Llobregat,21.908045977011493,18.0,87.0
2026-03-27 17:00:00,El Prat de Llobregat,16.9,12.0,40.0
2026-03-27 17:15:00,El Prat de Llobregat,21.794117647058822,15.5,34.0
2026-03-27 17:30:00,El Prat de Llobregat,18.5979381443299,11.0,97.0
2026-03-27 17:45:00,El Prat de Llobregat,14.224489795918368,11.0,49.0
2026-03-27 18:00:00,El Prat de Llobregat,28.7,15.5,60.0
2026-03-27 18:15:00,El Prat de Llobregat,24.14864864864865,16.0,74.0
2026-03-27 18:30:00,El Prat de Llobregat,26.195402298850574,13.0,87.0
2026-03-27 18:45:00,El Prat de Llobregat,33.013513513513516,14.0,74.0
2026-03-27 19:00:00,El Prat de Llobregat,24.507246376811594,13.0,69.0
2026-03-27 19:15:00,El Prat de Llobregat,30.103896103896105,17.0,77.0
2026-03-27 19:30:00,El Prat de Llobregat,34.77777777777778,21.5,54.0
2026-03-27 19:45:00,El Prat de Llobregat,37.116504854368934,23.0,103.0
2026-03-27 20:00:00,El Prat de Llobregat,42.654761904761905,24.0,84.0
2026-03-27 20:15:00,El Prat de Llobregat,45.164556962025316,26.0,79.0
2026-03-27 20:30:00,El Prat de Llobregat,54.58181818181818,26.0,55.0
2026-03-27 20:45:00,El Prat de Llobregat,42.471698113207545,31.0,53.0
2026-03-27 21:00:00,El Prat de Llobregat,35.23076923076923,26.0,52.0
2026-03-27 21:15:00,El Prat de Llobregat,26.745098039215687,24.0,51.0
2026-03-27 21:30:00,El Prat de Llobregat,29.0,24.5,68.0
2026-03-27 21:45:00,El Prat de Llobregat,27.93103448275862,26.0,29.0
2026-03-27 22:00:00,El Prat de Llobregat,30.42105263157895,24.0,38.0
2026-03-27 22:15:00,El Prat de Llobregat,41.964285714285715,42.5,28.0
2026-03-27 22:30:00,El Prat de Llobregat,47.67857142857143,43.0,28.0
2026-03-27 22:45:00,El Prat de Llobregat,19.72,16.0,25.0
2026-03-27 23:00:00,El Prat de Llobregat,26.23076923076923,16.0,13.0
2026-03-27 23:15:00,El Prat de Llobregat,32.25,42.0,8.0
2026-03-27 23:30:00,El Prat de Llobregat,34.55555555555556,41.0,9.0
2026-03-27 23:45:00,El Prat de Llobregat,25.0,41.0,5.0
2026-03-28 00:00:00,El Prat de Llobregat,,,
2026-03-28 00:15:00,El Prat de Llobregat,,,
2026-03-28 00:30:00,El Prat de Llobregat,,,
2026-03-28 00:45:00,El Prat de Llobregat,,,
2026-03-28 01:00:00,El Prat de Llobregat,,,
2026-03-28 01:15:00,El Prat de Llobregat,,,
2026-03-28 01:30:00,El Prat de Llobregat,,,
2026-03-28 01:45:00,El Prat de Llobregat,,,
2026-03-28 02:00:00,El Prat de Llobregat,,,
2026-03-28 02:15:00,El Prat de Llobregat,,,
2026-03-28 02:30:00,El Prat de Llobregat,,,
2026-03-28 02:45:00,El Prat de Llobregat,,,
2026-03-28 03:00:00,El Prat de Llobregat,5.5,5.5,2.0
2026-03-28 03:15:00,El Prat de Llobregat,,,
2026-03-28 03:30:00,El Prat de Llobregat,7.5,5.5,4.0
2026-03-28 03:45:00,El Prat de Llobregat,4.5,4.5,8.0
2026-03-28 04:00:00,El Prat de Llobregat,5.166666666666667,5.5,6.0
2026-03-28 04:15:00,El Prat de Llobregat,7.5,5.5,4.0
2026-03-28 04:30:00,El Prat de Llobregat,14.5,15.0,10.0
2026-03-28 04:45:00,El Prat de Llobregat,9.616666666666667,7.0,60.0
2026-03-28 05:00:00,El Prat de Llobregat,7.216666666666667,4.0,60.0
2026-03-28 05:15:00,El Prat de Llobregat,7.580645161290323,4.0,62.0
2026-03-28 05:30:00,El Prat de Llobregat,7.071428571428571,5.0,56.0
2026-03-28 05:45:00,El Prat de Llobregat,7.9605263157894735,5.0,76.0
2026-03-28 06:00:00,El Prat de Llobregat,11.87037037037037,14.5,54.0
2026-03-28 06:15:00,El Prat de Llobregat,10.82,7.0,50.0
2026-03-28 06:30:00,El Prat de Llobregat,16.029411764705884,15.0,170.0
2026-03-28 06:45:00,El Prat de Llobregat,16.953333333333333,16.0,150.0
2026-03-28 07:00:00,El Prat de Llobregat,14.5625,15.0,128.0
2026-03-28 07:15:00,El Prat de Llobregat,17.102409638554217,15.0,166.0
2026-03-28 07:30:00,El Prat de Llobregat,16.708333333333332,15.0,120.0
2026-03-28 07:45:00,El Prat de Llobregat,13.511111111111111,13.0,90.0
2026-03-28 08:00:00,El Prat de Llobregat,18.375,16.5,192.0
2026-03-28 08:15:00,El Prat de Llobregat,16.91566265060241,14.0,166.0
2026-03-28 08:30:00,El Prat de Llobregat,18.90983606557377,19.0,122.0
2026-03-28 08:45:00,El Prat de Llobregat,16.86842105263158,14.0,114.0
2026-03-28 09:00:00,El Prat de Llobregat,16.754901960784313,13.0,102.0
2026-03-28 09:15:00,El Prat de Llobregat,18.52054794520548,16.0,146.0
2026-03-28 09:30:00,El Prat de Llobregat,19.12037037037037,13.0,108.0
2026-03-28 09:45:00,El Prat de Llobregat,22.692307692307693,17.0,156.0
2026-03-28 10:00:00,El Prat de Llobregat,21.697674418604652,18.0,172.0
2026-03-28 10:15:00,El Prat de Llobregat,22.064285714285713,17.5,140.0
2026-03-28 10:30:00,El Prat de Llobregat,19.78688524590164,17.5,122.0
2026-03-28 10:45:00,El Prat de Llobregat,19.519607843137255,16.0,102.0
2026-03-28 11:00:00,El Prat de Llobregat,19.668367346938776,17.0,196.0
2026-03-28 11:15:00,El Prat de Llobregat,18.137096774193548,11.0,124.0
2026-03-28 11:30:00,El Prat de Llobregat,21.93421052631579,12.0,76.0
2026-03-28 11:45:00,El Prat de Llobregat,16.537974683544302,9.0,158.0
2026-03-28 12:00:00,El Prat de Llobregat,24.245098039215687,19.0,102.0
2026-03-28 12:15:00,El Prat de Llobregat,15.430555555555555,7.5,72.0
2026-03-28 12:30:00,El Prat de Llobregat,21.385714285714286,17.0,70.0
2026-03-28 12:45:00,El Prat de Llobregat,18.838028169014084,12.5,142.0
2026-03-28 13:00:00,El Prat de Llobregat,27.26271186440678,22.0,118.0
2026-03-28 13:15:00,El Prat de Llobregat,22.054054054054053,19.0,74.0
2026-03-28 13:30:00,El Prat de Llobregat,20.91346153846154,16.5,104.0
2026-03-28 13:45:00,El Prat de Llobregat,19.52857142857143,13.0,140.0
2026-03-28 14:00:00,El Prat de Llobregat,17.0,11.0,68.0
2026-03-28 14:15:00,El Prat de Llobregat,10.064516129032258,9.0,62.0
2026-03-28 14:30:00,El Prat de Llobregat,10.068965517241379,11.0,58.0
2026-03-28 14:45:00,El Prat de Llobregat,12.336363636363636,10.0,110.0
2026-03-28 15:00:00,El Prat de Llobregat,23.714285714285715,21.5,126.0
2026-03-28 15:15:00,El Prat de Llobregat,22.25,17.0,96.0
2026-03-28 15:30:00,El Prat de Llobregat,20.58955223880597,17.0,134.0
2026-03-28 15:45:00,El Prat de Llobregat,21.75609756097561,17.0,82.0
2026-03-28 16:00:00,El Prat de Llobregat,19.945652173913043,12.0,92.0
2026-03-28 16:15:00,El Prat de Llobregat,23.81578947368421,19.0,76.0
2026-03-28 16:30:00,El Prat de Llobregat,19.855,13.0,200.0
2026-03-28 16:45:00,El Prat de Llobregat,20.39041095890411,17.0,146.0
2026-03-28 17:00:00,El Prat de Llobregat,21.983606557377048,17.0,122.0
2026-03-28 17:15:00,El Prat de Llobregat,21.133928571428573,18.0,112.0
2026-03-28 17:30:00,El Prat de Llobregat,19.1375,16.5,160.0
2026-03-28 17:45:00,El Prat de Llobregat,19.166666666666668,16.0,186.0
2026-03-28 18:00:00,El Prat de Llobregat,18.602739726027398,14.0,146.0
2026-03-28 18:15:00,El Prat de Llobregat,19.352941176470587,15.0,102.0
2026-03-28 18:30:00,El Prat de Llobregat,19.74561403508772,15.5,114.0
2026-03-28 18:45:00,El Prat de Llobregat,25.891304347826086,20.0,92.0
2026-03-28 19:00:00,El Prat de Llobregat,24.041095890410958,19.0,146.0
2026-03-28 19:15:00,El Prat de Llobregat,15.81159420289855,13.0,138.0
2026-03-28 19:30:00,El Prat de Llobregat,19.91,13.0,100.0
2026-03-28 19:45:00,El Prat de Llobregat,25.66896551724138,20.0,145.0
2026-03-28 20:00:00,El Prat de Llobregat,22.253521126760564,15.0,71.0
2026-03-28 20:15:00,El Prat de Llobregat,23.15740740740741,17.0,108.0
2026-03-28 20:30:00,El Prat de Llobregat,17.209876543209877,11.0,81.0
2026-03-28 20:45:00,El Prat de Llobregat,20.48148148148148,15.0,108.0
2026-03-28 21:00:00,El Prat de Llobregat,15.387096774193548,8.0,62.0
2026-03-28 21:15:00,El Prat de Llobregat,15.481927710843374,8.0,83.0
2026-03-28 21:30:00,El Prat de Llobregat,20.161290322580644,13.0,62.0
2026-03-28 21:45:00,El Prat de Llobregat,18.536585365853657,12.0,82.0
2026-03-28 22:00:00,El Prat de Llobregat,15.475,8.0,40.0
2026-03-28 22:15:00,El Prat de Llobregat,16.136363636363637,10.0,44.0
2026-03-28 22:30:00,El Prat de Llobregat,14.535714285714286,6.0,28.0
2026-03-28 22:45:00,El Prat de Llobregat,2.6666666666666665,4.0,42.0
2026-03-28 23:00:00,El Prat de Llobregat,3.9545454545454546,4.0,22.0
2026-03-28 23:15:00,El Prat de Llobregat,7.318181818181818,5.0,22.0
2026-03-28 23:30:00,El Prat de Llobregat,12.285714285714286,6.0,14.0
2026-03-28 23:45:00,El Prat de Llobregat,8.125,4.0,8.0
2026-03-29 00:00:00,El Prat de Llobregat,,,
2026-03-29 00:15:00,El Prat de Llobregat,,,
2026-03-29 00:30:00,El Prat de Llobregat,,,
2026-03-29 00:45:00,El Prat de Llobregat,,,
2026-03-29 01:00:00,El Prat de Llobregat,,,
2026-03-29 01:15:00,El Prat de Llobregat,,,
2026-03-29 01:30:00,El Prat de Llobregat,,,
2026-03-29 01:45:00,El Prat de Llobregat,,,
2026-03-29 02:00:00,El Prat de Llobregat,,,
2026-03-29 02:15:00,El Prat de Llobregat,,,
2026-03-29 02:30:00,El Prat de Llobregat,,,
2026-03-29 02:45:00,El Prat de Llobregat,,,
2026-03-29 03:00:00,El Prat de Llobregat,,,
2026-03-29 03:15:00,El Prat de Llobregat,,,
2026-03-29 03:30:00,El Prat de Llobregat,,,
2026-03-29 03:45:00,El Prat de Llobregat,,,
2026-03-29 04:00:00,El Prat de Llobregat,5.25,2.5,4.0
2026-03-29 04:15:00,El Prat de Llobregat,6.2,6.5,10.0
2026-03-29 04:30:00,El Prat de Llobregat,6.0588235294117645,4.0,17.0
2026-03-29 04:45:00,El Prat de Llobregat,3.5416666666666665,2.0,24.0
2026-03-29 05:00:00,El Prat de Llobregat,3.5,4.0,32.0
2026-03-29 05:15:00,El Prat de Llobregat,4.068965517241379,2.0,29.0
2026-03-29 05:30:00,El Prat de Llobregat,6.033333333333333,5.0,30.0
2026-03-29 05:45:00,El Prat de Llobregat,6.25,5.0,48.0
2026-03-29 06:00:00,El Prat de Llobregat,3.739130434782609,1.0,23.0
2026-03-29 06:15:00,El Prat de Llobregat,6.14,5.0,50.0
2026-03-29 06:30:00,El Prat de Llobregat,5.404761904761905,3.0,42.0
2026-03-29 06:45:00,El Prat de Llobregat,7.850746268656716,7.0,67.0
2026-03-29 07:00:00,El Prat de Llobregat,12.044776119402986,8.0,67.0
2026-03-29 07:15:00,El Prat de Llobregat,13.320754716981131,7.0,106.0
2026-03-29 07:30:00,El Prat de Llobregat,12.636363636363637,7.0,55.0
2026-03-29 07:45:00,El Prat de Llobregat,14.11111111111111,8.0,63.0
2026-03-29 08:00:00,El Prat de Llobregat,12.693181818181818,6.0,88.0
2026-03-29 08:15:00,El Prat de Llobregat,14.656716417910447,7.0,67.0
2026-03-29 08:30:00,El Prat de Llobregat,16.52747252747253,11.0,91.0
2026-03-29 08:45:00,El Prat de Llobregat,22.126126126126128,20.0,111.0
2026-03-29 09:00:00,El Prat de Llobregat,15.530303030303031,10.0,66.0
2026-03-29 09:15:00,El Prat de Llobregat,13.754098360655737,10.0,61.0
2026-03-29 09:30:00,El Prat de Llobregat,10.30952380952381,7.0,84.0
2026-03-29 09:45:00,El Prat de Llobregat,14.96875,10.0,64.0
2026-03-29 10:00:00,El Prat de Llobregat,18.45614035087719,13.0,57.0
2026-03-29 10:15:00,El Prat de Llobregat,20.068181818181817,16.0,88.0
2026-03-29 10:30:00,El Prat de Llobregat,17.732394366197184,11.0,71.0
2026-03-29 10:45:00,El Prat de Llobregat,12.854700854700855,7.0,117.0
2026-03-29 11:00:00,El Prat de Llobregat,14.592105263157896,11.0,76.0
2026-03-29 11:15:00,El Prat de Llobregat,14.170212765957446,11.0,47.0
2026-03-29 11:30:00,El Prat de Llobregat,12.341176470588236,10.0,85.0
2026-03-29 11:45:00,El Prat de Llobregat,15.117021276595745,10.5,94.0
2026-03-29 12:00:00,El Prat de Llobregat,17.125,10.0,56.0
2026-03-29 12:15:00,El Prat de Llobregat,20.24175824175824,13.0,91.0
2026-03-29 12:30:00,El Prat de Llobregat,20.653333333333332,20.0,75.0
2026-03-29 12:45:00,El Prat de Llobregat,18.576642335766422,18.0,137.0
2026-03-29 13:00:00,El Prat de Llobregat,14.645569620253164,13.0,79.0
2026-03-29 13:15:00,El Prat de Llobregat,16.076923076923077,13.0,65.0
2026-03-29 13:30:00,El Prat de Llobregat,13.623655913978494,13.0,93.0
2026-03-29 13:45:00,El Prat de Llobregat,13.945205479452055,12.0,73.0
2026-03-29 14:00:00,El Prat de Llobregat,14.855421686746988,12.0,83.0
2026-03-29 14:15:00,El Prat de Llobregat,13.742331288343559,11.0,163.0
2026-03-29 14:30:00,El Prat de Llobregat,17.423728813559322,12.0,59.0
2026-03-29 14:45:00,El Prat de Llobregat,18.166666666666668,16.0,102.0
2026-03-29 15:00:00,El Prat de Llobregat,18.591549295774648,17.0,71.0
2026-03-29 15:15:00,El Prat de Llobregat,17.295454545454547,17.0,88.0
2026-03-29 15:30:00,El Prat de Llobregat,15.366666666666667,17.0,90.0
2026-03-29 15:45:00,El Prat de Llobregat,13.181818181818182,12.0,121.0
2026-03-29 16:00:00,El Prat de Llobregat,15.476190476190476,17.0,126.0
2026-03-29 16:15:00,El Prat de Llobregat,14.56140350877193,17.0,57.0
2026-03-29 16:30:00,El Prat de Llobregat,12.454545454545455,11.0,99.0
2026-03-29 16:45:00,El Prat de Llobregat,11.563829787234043,10.0,94.0
2026-03-29 17:00:00,El Prat de Llobregat,12.26865671641791,11.0,67.0
2026-03-29 17:15:00,El Prat de Llobregat,14.205128205128204,11.0,78.0
2026-03-29 17:30:00,El Prat de Llobregat,12.848484848484848,10.0,66.0
2026-03-29 17:45:00,El Prat de Llobregat,14.119402985074627,10.0,67.0
2026-03-29 18:00:00,El Prat de Llobregat,17.285714285714285,19.0,84.0
2026-03-29 18:15:00,El Prat de Llobregat,18.140350877192983,19.0,57.0
2026-03-29 18:30:00,El Prat de Llobregat,13.563636363636364,9.0,55.0
2026-03-29 18:45:00,El Prat de Llobregat,19.181818181818183,19.0,77.0
2026-03-29 19:00:00,El Prat de Llobregat,15.403225806451612,13.0,62.0
2026-03-29 19:15:00,El Prat de Llobregat,14.54,11.0,50.0
2026-03-29 19:30:00,El Prat de Llobregat,18.529411764705884,19.0,51.0
2026-03-29 19:45:00,El Prat de Llobregat,19.488372093023255,19.0,86.0
2026-03-29 20:00:00,El Prat de Llobregat,20.506493506493506,19.0,77.0
2026-03-29 20:15:00,El Prat de Llobregat,15.647058823529411,13.0,51.0
2026-03-29 20:30:00,El Prat de Llobregat,17.386363636363637,19.0,44.0
2026-03-29 20:45:00,El Prat de Llobregat,18.5609756097561,15.0,41.0
2026-03-29 21:00:00,El Prat de Llobregat,19.170212765957448,15.0,47.0
2026-03-29 21:15:00,El Prat de Llobregat,21.227272727272727,16.5,44.0
2026-03-29 21:30:00,El Prat de Llobregat,13.825,9.0,40.0
2026-03-29 21:45:00,El Prat de Llobregat,13.583333333333334,8.0,48.0
2026-03-29 22:00:00,El Prat de Llobregat,19.545454545454547,18.0,33.0
2026-03-29 22:15:00,El Prat de Llobregat,12.34375,5.5,32.0
2026-03-29 22:30:00,El Prat de Llobregat,12.0,4.0,29.0
2026-03-29 22:45:00,El Prat de Llobregat,9.666666666666666,4.0,18.0
2026-03-29 23:00:00,El Prat de Llobregat,6.714285714285714,4.0,14.0
2026-03-29 23:15:00,El Prat de Llobregat,4.6923076923076925,4.0,13.0
2026-03-29 23:30:00,El Prat de Llobregat,0.6666666666666666,1.0,6.0
2026-03-29 23:45:00,El Prat de Llobregat,-1.5,-2.0,4.0
2026-03-30 00:00:00,El Prat de Llobregat,,,
2026-03-30 00:15:00,El Prat de Llobregat,,,
2026-03-30 00:30:00,El Prat de Llobregat,,,
2026-03-30 00:45:00,El Prat de Llobregat,,,
2026-03-30 01:00:00,El Prat de Llobregat,,,
2026-03-30 01:15:00,El Prat de Llobregat,,,
2026-03-30 01:30:00,El Prat de Llobregat,,,
2026-03-30 01:45:00,El Prat de Llobregat,,,
2026-03-30 02:00:00,El Prat de Llobregat,,,
2026-03-30 02:15:00,El Prat de Llobregat,,,
2026-03-30 02:30:00,El Prat de Llobregat,,,
2026-03-30 02:45:00,El Prat de Llobregat,,,
2026-03-30 03:00:00,El Prat de Llobregat,9.0,9.0,1.0
2026-03-30 03:15:00,El Prat de Llobregat,1.0,1.0,2.0
2026-03-30 03:30:00,El Prat de Llobregat,6.0,9.0,8.0
2026-03-30 03:45:00,El Prat de Llobregat,4.5,4.5,2.0
2026-03-30 04:00:00,El Prat de Llobregat,4.666666666666667,4.0,12.0
2026-03-30 04:15:00,El Prat de Llobregat,7.8,9.0,5.0
2026-03-30 04:30:00,El Prat de Llobregat,5.576923076923077,5.0,26.0
2026-03-30 04:45:00,El Prat de Llobregat,7.135135135135135,9.0,37.0
2026-03-30 05:00:00,El Prat de Llobregat,6.428571428571429,8.0,28.0
2026-03-30 05:15:00,El Prat de Llobregat,18.557377049180328,6.0,61.0
2026-03-30 05:30:00,El Prat de Llobregat,24.058139534883722,5.0,86.0
2026-03-30 05:45:00,El Prat de Llobregat,23.24468085106383,6.0,94.0
2026-03-30 06:00:00,El Prat de Llobregat,6.666666666666667,6.0,60.0
2026-03-30 06:15:00,El Prat de Llobregat,6.969387755102041,6.0,98.0
2026-03-30 06:30:00,El Prat de Llobregat,37.53921568627451,10.0,102.0
2026-03-30 06:45:00,El Prat de Llobregat,15.864077669902912,7.0,103.0
2026-03-30 07:00:00,El Prat de Llobregat,30.83,7.0,100.0
2026-03-30 07:15:00,El Prat de Llobregat,14.137142857142857,8.0,175.0
2026-03-30 07:30:00,El Prat de Llobregat,33.49664429530201,11.0,149.0
2026-03-30 07:45:00,El Prat de Llobregat,18.879310344827587,10.0,116.0
2026-03-30 08:00:00,El Prat de Llobregat,11.19078947368421,7.0,152.0
2026-03-30 08:15:00,El Prat de Llobregat,21.043478260869566,11.0,115.0
2026-03-30 08:30:00,El Prat de Llobregat,19.41860465116279,12.0,129.0
2026-03-30 08:45:00,El Prat de Llobregat,20.552,11.0,125.0
2026-03-30 09:00:00,El Prat de Llobregat,12.13888888888889,8.5,108.0
2026-03-30 09:15:00,El Prat de Llobregat,25.991150442477878,11.0,113.0
2026-03-30 09:30:00,El Prat de Llobregat,16.10112359550562,11.0,89.0
2026-03-30 09:45:00,El Prat de Llobregat,15.137931034482758,11.0,87.0
2026-03-30 10:00:00,El Prat de Llobregat,16.063291139240505,11.0,79.0
2026-03-30 10:15:00,El Prat de Llobregat,13.256410256410257,10.0,78.0
2026-03-30 10:30:00,El Prat de Llobregat,14.89655172413793,9.0,58.0
2026-03-30 10:45:00,El Prat de Llobregat,14.75,11.0,80.0
2026-03-30 11:00:00,El Prat de Llobregat,12.671875,11.0,64.0
2026-03-30 11:15:00,El Prat de Llobregat,13.742424242424242,11.0,66.0
2026-03-30 11:30:00,El Prat de Llobregat,,,
2026-03-30 11:45:00,El Prat de Llobregat,17.306451612903224,11.0,62.0
2026-03-30 12:00:00,El Prat de Llobregat,17.52,11.0,75.0
2026-03-30 12:15:00,El Prat de Llobregat,19.954545454545453,11.0,66.0
2026-03-30 12:30:00,El Prat de Llobregat,20.845238095238095,14.0,84.0
2026-03-30 12:45:00,El Prat de Llobregat,18.875,11.5,24.0
2026-03-30 13:00:00,El Prat de Llobregat,,,
2026-03-30 13:15:00,El Prat de Llobregat,21.347826086956523,18.0,46.0
2026-03-30 13:30:00,El Prat de Llobregat,21.375,16.0,96.0
2026-03-30 13:45:00,El Prat de Llobregat,22.158730158730158,16.0,63.0
2026-03-30 14:00:00,El Prat de Llobregat,15.746835443037975,16.0,79.0
2026-03-30 14:15:00,El Prat de Llobregat,15.178571428571429,11.0,56.0
2026-03-30 14:30:00,El Prat de Llobregat,,,
2026-03-30 14:45:00,El Prat de Llobregat,14.5,10.5,12.0
2026-03-30 15:00:00,El Prat de Llobregat,17.01298701298701,17.0,77.0
2026-03-30 15:15:00,El Prat de Llobregat,13.905882352941177,11.0,85.0
2026-03-30 15:30:00,El Prat de Llobregat,13.075471698113208,11.0,53.0
2026-03-30 15:45:00,El Prat de Llobregat,12.540229885057471,9.0,87.0
2026-03-30 16:00:00,El Prat de Llobregat,,,
2026-03-30 16:15:00,El Prat de Llobregat,,,
2026-03-30 16:30:00,El Prat de Llobregat,20.170731707317074,20.0,82.0
2026-03-30 16:45:00,El Prat de Llobregat,20.328358208955223,22.0,67.0
2026-03-30 17:00:00,El Prat de Llobregat,18.269662921348313,18.0,89.0
2026-03-30 17:15:00,El Prat de Llobregat,16.378947368421052,17.0,95.0
2026-03-30 17:30:00,El Prat de Llobregat,18.68,19.0,25.0
2026-03-30 17:45:00,El Prat de Llobregat,17.782608695652176,18.0,23.0
2026-03-30 18:00:00,El Prat de Llobregat,20.178571428571427,18.0,28.0
2026-03-30 18:15:00,El Prat de Llobregat,20.984615384615385,20.0,65.0
2026-03-30 18:30:00,El Prat de Llobregat,17.737704918032787,16.0,122.0
2026-03-30 18:45:00,El Prat de Llobregat,16.951612903225808,13.0,124.0
2026-03-30 19:00:00,El Prat de Llobregat,17.984375,16.0,64.0
2026-03-30 19:15:00,El Prat de Llobregat,11.785714285714286,9.0,14.0
2026-03-30 19:30:00,El Prat de Llobregat,14.3875,11.0,80.0
2026-03-30 19:45:00,El Prat de Llobregat,12.191489361702128,8.0,94.0
2026-03-30 20:00:00,El Prat de Llobregat,10.469696969696969,7.0,66.0
2026-03-30 20:15:00,El Prat de Llobregat,13.173076923076923,8.0,52.0
2026-03-30 20:30:00,El Prat de Llobregat,54.28169014084507,9.0,71.0
2026-03-30 20:45:00,El Prat de Llobregat,16.34,11.0,50.0
2026-03-30 21:00:00,El Prat de Llobregat,50.6578947368421,6.5,38.0
2026-03-30 21:15:00,El Prat de Llobregat,13.027777777777779,6.0,36.0
2026-03-30 21:30:00,El Prat de Llobregat,14.583333333333334,4.5,24.0
2026-03-30 21:45:00,El Prat de Llobregat,11.756756756756756,6.0,37.0
2026-03-30 22:00:00,El Prat de Llobregat,12.636363636363637,8.5,22.0
2026-03-30 22:15:00,El Prat de Llobregat,14.61111111111111,9.5,18.0
2026-03-30 22:30:00,El Prat de Llobregat,15.266666666666667,7.0,30.0
2026-03-30 22:45:00,El Prat de Llobregat,19.413793103448278,20.0,29.0
2026-03-30 23:00:00,El Prat de Llobregat,14.25,9.5,24.0
2026-03-30 23:15:00,El Prat de Llobregat,6.090909090909091,6.0,11.0
2026-03-30 23:30:00,El Prat de Llobregat,1.1428571428571428,2.0,7.0
2026-03-30 23:45:00,El Prat de Llobregat,2.0,3.0,4.0
2026-03-31 00:00:00,El Prat de Llobregat,,,
2026-03-31 00:15:00,El Prat de Llobregat,,,
2026-03-31 00:30:00,El Prat de Llobregat,,,
2026-03-31 00:45:00,El Prat de Llobregat,,,
2026-03-31 01:00:00,El Prat de Llobregat,,,
2026-03-31 01:15:00,El Prat de Llobregat,,,
2026-03-31 01:30:00,El Prat de Llobregat,,,
2026-03-31 01:45:00,El Prat de Llobregat,,,
2026-03-31 02:00:00,El Prat de Llobregat,,,
2026-03-31 02:15:00,El Prat de Llobregat,,,
2026-03-31 02:30:00,El Prat de Llobregat,,,
2026-03-31 02:45:00,El Prat de Llobregat,,,
2026-03-31 03:00:00,El Prat de Llobregat,,,
2026-03-31 03:15:00,El Prat de Llobregat,1.0,1.0,1.0
2026-03-31 03:30:00,El Prat de Llobregat,8.714285714285714,11.0,7.0
2026-03-31 03:45:00,El Prat de Llobregat,2.0,2.0,1.0
2026-03-31 04:00:00,El Prat de Llobregat,8.058823529411764,11.0,17.0
2026-03-31 04:15:00,El Prat de Llobregat,16.536585365853657,13.0,41.0
2026-03-31 04:30:00,El Prat de Llobregat,11.857142857142858,11.0,21.0
2026-03-31 04:45:00,El Prat de Llobregat,11.76,11.0,25.0
2026-03-31 05:00:00,El Prat de Llobregat,10.876404494382022,9.0,89.0
2026-03-31 05:15:00,El Prat de Llobregat,11.069767441860465,11.0,86.0
2026-03-31 05:30:00,El Prat de Llobregat,9.686274509803921,8.0,102.0
2026-03-31 05:45:00,El Prat de Llobregat,11.357142857142858,9.0,154.0
2026-03-31 06:00:00,El Prat de Llobregat,14.10204081632653,13.0,98.0
2026-03-31 06:15:00,El Prat de Llobregat,15.036697247706423,13.0,109.0
2026-03-31 06:30:00,El Prat de Llobregat,15.07638888888889,10.5,144.0
2026-03-31 06:45:00,El Prat de Llobregat,16.207142857142856,13.0,140.0
2026-03-31 07:00:00,El Prat de Llobregat,14.229665071770334,10.0,209.0
2026-03-31 07:15:00,El Prat de Llobregat,15.522580645161291,11.0,155.0
2026-03-31 07:30:00,El Prat de Llobregat,18.29585798816568,14.0,169.0
2026-03-31 07:45:00,El Prat de Llobregat,15.801587301587302,11.0,126.0
2026-03-31 08:00:00,El Prat de Llobregat,19.743119266055047,19.0,109.0
2026-03-31 08:15:00,El Prat de Llobregat,16.472602739726028,11.5,146.0
2026-03-31 08:30:00,El Prat de Llobregat,19.773333333333333,19.0,150.0
2026-03-31 08:45:00,El Prat de Llobregat,22.076023391812864,19.0,171.0
2026-03-31 09:00:00,El Prat de Llobregat,21.778761061946902,19.0,113.0
2026-03-31 09:15:00,El Prat de Llobregat,20.48051948051948,18.0,77.0
2026-03-31 09:30:00,El Prat de Llobregat,22.478632478632477,19.0,117.0
2026-03-31 09:45:00,El Prat de Llobregat,23.74074074074074,21.0,81.0
2026-03-31 10:00:00,El Prat de Llobregat,22.76984126984127,20.0,126.0
2026-03-31 10:15:00,El Prat de Llobregat,22.471153846153847,16.0,104.0
2026-03-31 10:30:00,El Prat de Llobregat,25.125,14.5,72.0
2026-03-31 10:45:00,El Prat de Llobregat,22.685714285714287,13.0,70.0
2026-03-31 11:00:00,El Prat de Llobregat,18.545454545454547,13.0,88.0
2026-03-31 11:15:00,El Prat de Llobregat,22.0873786407767,14.0,103.0
2026-03-31 11:30:00,El Prat de Llobregat,20.366197183098592,13.0,71.0
2026-03-31 11:45:00,El Prat de Llobregat,22.482758620689655,12.0,58.0
2026-03-31 12:00:00,El Prat de Llobregat,25.779411764705884,17.0,68.0
2026-03-31 12:15:00,El Prat de Llobregat,23.137254901960784,12.0,51.0
2026-03-31 12:30:00,El Prat de Llobregat,23.054545454545455,15.0,110.0
2026-03-31 12:45:00,El Prat de Llobregat,27.50537634408602,25.0,93.0
2026-03-31 13:00:00,El Prat de Llobregat,21.04,15.0,75.0
2026-03-31 13:15:00,El Prat de Llobregat,22.333333333333332,15.0,60.0
2026-03-31 13:30:00,El Prat de Llobregat,23.822033898305083,23.5,118.0
2026-03-31 13:45:00,El Prat de Llobregat,22.528735632183906,22.0,87.0
2026-03-31 14:00:00,El Prat de Llobregat,16.025316455696203,13.0,79.0
2026-03-31 14:15:00,El Prat de Llobregat,13.882352941176471,11.0,68.0
2026-03-31 14:30:00,El Prat de Llobregat,17.863636363636363,14.0,66.0
2026-03-31 14:45:00,El Prat de Llobregat,20.113636363636363,15.0,88.0
2026-03-31 15:00:00,El Prat de Llobregat,15.430555555555555,12.0,72.0
2026-03-31 15:15:00,El Prat de Llobregat,18.833333333333332,15.0,60.0
2026-03-31 15:30:00,El Prat de Llobregat,14.546511627906977,12.0,86.0
2026-03-31 15:45:00,El Prat de Llobregat,17.127906976744185,15.0,86.0
2026-03-31 16:00:00,El Prat de Llobregat,16.352941176470587,12.0,68.0
2026-03-31 16:15:00,El Prat de Llobregat,18.896907216494846,15.0,97.0
2026-03-31 16:30:00,El Prat de Llobregat,16.264705882352942,11.0,68.0
2026-03-31 16:45:00,El Prat de Llobregat,14.277310924369749,12.0,119.0
2026-03-31 17:00:00,El Prat de Llobregat,17.339130434782607,14.0,115.0
2026-03-31 17:15:00,El Prat de Llobregat,17.19148936170213,14.0,94.0
2026-03-31 17:30:00,El Prat de Llobregat,13.21111111111111,10.0,90.0
2026-03-31 17:45:00,El Prat de Llobregat,17.05,14.0,100.0
2026-03-31 18:00:00,El Prat de Llobregat,13.175,8.5,80.0
2026-03-31 18:15:00,El Prat de Llobregat,13.787610619469026,10.0,113.0
2026-03-31 18:30:00,El Prat de Llobregat,11.433333333333334,7.0,120.0
2026-03-31 18:45:00,El Prat de Llobregat,12.434426229508198,8.0,122.0
2026-03-31 19:00:00,El Prat de Llobregat,12.145833333333334,10.0,48.0
2026-03-31 19:15:00,El Prat de Llobregat,15.623529411764705,10.0,85.0
2026-03-31 19:30:00,El Prat de Llobregat,13.457831325301205,9.0,83.0
2026-03-31 19:45:00,El Prat de Llobregat,22.293478260869566,16.0,92.0
2026-03-31 20:00:00,El Prat de Llobregat,20.056451612903224,16.0,124.0
2026-03-31 20:15:00,El Prat de Llobregat,18.136986301369863,16.0,73.0
2026-03-31 20:30:00,El Prat de Llobregat,17.79746835443038,16.0,79.0
2026-03-31 20:45:00,El Prat de Llobregat,17.797101449275363,11.0,69.0
2026-03-31 21:00:00,El Prat de Llobregat,15.142857142857142,8.5,42.0
2026-03-31 21:15:00,El Prat de Llobregat,22.696202531645568,20.0,79.0
2026-03-31 21:30:00,El Prat de Llobregat,13.708333333333334,8.5,48.0
2026-03-31 21:45:00,El Prat de Llobregat,16.51851851851852,13.5,54.0
2026-03-31 22:00:00,El Prat de Llobregat,22.076923076923077,20.0,52.0
2026-03-31 22:15:00,El Prat de Llobregat,19.25,18.0,28.0
2026-03-31 22:30:00,El Prat de Llobregat,22.2,18.0,30.0
2026-03-31 22:45:00,El Prat de Llobregat,17.962962962962962,18.0,27.0
2026-03-31 23:00:00,El Prat de Llobregat,19.64,16.0,25.0
2026-03-31 23:15:00,El Prat de Llobregat,14.823529411764707,9.0,17.0
2026-03-31 23:30:00,El Prat de Llobregat,16.5,9.0,4.0
2026-03-31 23:45:00,El Prat de Llobregat,15.818181818181818,9.0,11.0
2026-04-01 00:00:00,El Prat de Llobregat,,,
2026-04-01 00:15:00,El Prat de Llobregat,,,
2026-04-01 00:30:00,El Prat de Llobregat,,,
2026-04-01 00:45:00,El Prat de Llobregat,,,
2026-04-01 01:00:00,El Prat de Llobregat,,,
2026-04-01 01:15:00,El Prat de Llobregat,,,
2026-04-01 01:30:00,El Prat de Llobregat,,,
2026-04-01 01:45:00,El Prat de Llobregat,,,
2026-04-01 02:00:00,El Prat de Llobregat,,,
2026-04-01 02:15:00,El Prat de Llobregat,,,
2026-04-01 02:30:00,El Prat de Llobregat,,,
2026-04-01 02:45:00,El Prat de Llobregat,8.0,8.0,2.0
2026-04-01 03:00:00,El Prat de Llobregat,,,
2026-04-01 03:15:00,El Prat de Llobregat,,,
2026-04-01 03:30:00,El Prat de Llobregat,3.75,3.0,8.0
2026-04-01 03:45:00,El Prat de Llobregat,10.0,13.0,3.0
2026-04-01 04:00:00,El Prat de Llobregat,8.818181818181818,10.0,11.0
2026-04-01 04:15:00,El Prat de Llobregat,9.93939393939394,8.0,33.0
2026-04-01 04:30:00,El Prat de Llobregat,10.444444444444445,7.0,54.0
2026-04-01 04:45:00,El Prat de Llobregat,12.64102564102564,8.0,39.0
2026-04-01 05:00:00,El Prat de Llobregat,10.150943396226415,6.0,53.0
2026-04-01 05:15:00,El Prat de Llobregat,12.413793103448276,9.0,58.0
2026-04-01 05:30:00,El Prat de Llobregat,11.218181818181819,6.0,55.0
2026-04-01 05:45:00,El Prat de Llobregat,16.86764705882353,10.0,136.0
2026-04-01 06:00:00,El Prat de Llobregat,16.617283950617285,10.0,81.0
2026-04-01 06:15:00,El Prat de Llobregat,14.271028037383177,7.0,107.0
2026-04-01 06:30:00,El Prat de Llobregat,14.900763358778626,7.0,131.0
2026-04-01 06:45:00,El Prat de Llobregat,18.292517006802722,10.0,147.0
2026-04-01 07:00:00,El Prat de Llobregat,13.529411764705882,7.5,136.0
2026-04-01 07:15:00,El Prat de Llobregat,22.130718954248366,19.0,153.0
2026-04-01 07:30:00,El Prat de Llobregat,23.311827956989248,19.0,93.0
2026-04-01 07:45:00,El Prat de Llobregat,20.223214285714285,12.0,112.0
2026-04-01 08:00:00,El Prat de Llobregat,27.25,19.0,120.0
2026-04-01 08:15:00,El Prat de Llobregat,25.07,16.0,100.0
2026-04-01 08:30:00,El Prat de Llobregat,23.883211678832115,17.0,137.0
2026-04-01 08:45:00,El Prat de Llobregat,24.948979591836736,19.0,98.0
2026-04-01 09:00:00,El Prat de Llobregat,25.895833333333332,19.0,96.0
2026-04-01 09:15:00,El Prat de Llobregat,27.481012658227847,20.0,79.0
2026-04-01 09:30:00,El Prat de Llobregat,26.8,19.5,120.0
2026-04-01 09:45:00,El Prat de Llobregat,30.53409090909091,30.0,88.0
2026-04-01 10:00:00,El Prat de Llobregat,24.403846153846153,14.0,104.0
2026-04-01 10:15:00,El Prat de Llobregat,32.206896551724135,29.0,58.0
2026-04-01 10:30:00,El Prat de Llobregat,33.91803278688525,41.0,61.0
2026-04-01 10:45:00,El Prat de Llobregat,26.11578947368421,16.0,95.0
2026-04-01 11:00:00,El Prat de Llobregat,30.78494623655914,27.0,93.0
2026-04-01 11:15:00,El Prat de Llobregat,29.677419354838708,32.0,93.0
2026-04-01 11:30:00,El Prat de Llobregat,26.546666666666667,16.0,75.0
2026-04-01 11:45:00,El Prat de Llobregat,21.096385542168676,14.0,83.0
2026-04-01 12:00:00,El Prat de Llobregat,32.05769230769231,33.0,52.0
2026-04-01 12:15:00,El Prat de Llobregat,19.4375,11.5,64.0
2026-04-01 12:30:00,El Prat de Llobregat,21.873417721518987,13.0,79.0
2026-04-01 12:45:00,El Prat de Llobregat,16.231884057971016,9.0,138.0
2026-04-01 13:00:00,El Prat de Llobregat,23.80597014925373,16.0,67.0
2026-04-01 13:15:00,El Prat de Llobregat,20.182795698924732,13.0,93.0
2026-04-01 13:30:00,El Prat de Llobregat,15.553846153846154,6.0,65.0
2026-04-01 13:45:00,El Prat de Llobregat,16.48,9.0,75.0
2026-04-01 14:00:00,El Prat de Llobregat,19.14864864864865,12.0,74.0
2026-04-01 14:15:00,El Prat de Llobregat,18.204301075268816,11.0,93.0
2026-04-01 14:30:00,El Prat de Llobregat,19.9875,23.0,80.0
2026-04-01 14:45:00,El Prat de Llobregat,18.761904761904763,10.0,105.0
2026-04-01 15:00:00,El Prat de Llobregat,16.51685393258427,11.0,89.0
2026-04-01 15:15:00,El Prat de Llobregat,17.365079365079364,12.0,63.0
2026-04-01 15:30:00,El Prat de Llobregat,19.225,24.0,80.0
2026-04-01 15:45:00,El Prat de Llobregat,16.95959595959596,11.0,99.0
2026-04-01 16:00:00,El Prat de Llobregat,18.80821917808219,11.0,73.0
2026-04-01 16:15:00,El Prat de Llobregat,17.313953488372093,11.0,86.0
2026-04-01 16:30:00,El Prat de Llobregat,16.571428571428573,11.0,56.0
2026-04-01 16:45:00,El Prat de Llobregat,20.09259259259259,12.0,54.0
2026-04-01 17:00:00,El Prat de Llobregat,15.609375,11.0,64.0
2026-04-01 17:15:00,El Prat de Llobregat,15.434343434343434,11.0,99.0
2026-04-01 17:30:00,El Prat de Llobregat,15.141176470588235,10.0,85.0
2026-04-01 17:45:00,El Prat de Llobregat,16.097345132743364,11.0,113.0
2026-04-01 18:00:00,El Prat de Llobregat,17.11214953271028,12.0,107.0
2026-04-01 18:15:00,El Prat de Llobregat,16.284313725490197,12.0,102.0
2026-04-01 18:30:00,El Prat de Llobregat,15.698630136986301,11.0,73.0
2026-04-01 18:45:00,El Prat de Llobregat,15.012987012987013,11.0,77.0
2026-04-01 19:00:00,El Prat de Llobregat,12.947368421052632,10.5,76.0
2026-04-01 19:15:00,El Prat de Llobregat,14.44186046511628,11.0,86.0
2026-04-01 19:30:00,El Prat de Llobregat,15.795180722891565,12.0,83.0
2026-04-01 19:45:00,El Prat de Llobregat,17.12,17.0,75.0
2026-04-01 20:00:00,El Prat de Llobregat,16.13978494623656,14.0,93.0
2026-04-01 20:15:00,El Prat de Llobregat,15.631578947368421,11.0,57.0
2026-04-01 20:30:00,El Prat de Llobregat,14.848837209302326,11.0,86.0
2026-04-01 20:45:00,El Prat de Llobregat,22.355263157894736,20.0,76.0
2026-04-01 21:00:00,El Prat de Llobregat,20.385714285714286,20.0,70.0
2026-04-01 21:15:00,El Prat de Llobregat,21.391304347826086,20.0,69.0
2026-04-01 21:30:00,El Prat de Llobregat,20.548387096774192,21.0,31.0
2026-04-01 21:45:00,El Prat de Llobregat,20.344827586206897,21.0,29.0
2026-04-01 22:00:00,El Prat de Llobregat,17.208333333333332,18.0,48.0
2026-04-01 22:15:00,El Prat de Llobregat,21.24390243902439,18.0,41.0
2026-04-01 22:30:00,El Prat de Llobregat,18.973684210526315,20.0,38.0
2026-04-01 22:45:00,El Prat de Llobregat,17.85,18.0,20.0
2026-04-01 23:00:00,El Prat de Llobregat,19.727272727272727,22.0,22.0
2026-04-01 23:15:00,El Prat de Llobregat,14.0,18.0,9.0
2026-04-01 23:30:00,El Prat de Llobregat,8.285714285714286,8.0,7.0
2026-04-01 23:45:00,El Prat de Llobregat,2.6666666666666665,2.0,6.0
2026-04-02 00:00:00,El Prat de Llobregat,,,
2026-04-02 00:15:00,El Prat de Llobregat,,,
2026-04-02 00:30:00,El Prat de Llobregat,,,
2026-04-02 00:45:00,El Prat de Llobregat,,,
2026-04-02 01:00:00,El Prat de Llobregat,,,
2026-04-02 01:15:00,El Prat de Llobregat,,,
2026-04-02 01:30:00,El Prat de Llobregat,,,
2026-04-02 01:45:00,El Prat de Llobregat,,,
2026-04-02 02:00:00,El Prat de Llobregat,,,
2026-04-02 02:15:00,El Prat de Llobregat,,,
2026-04-02 02:30:00,El Prat de Llobregat,,,
2026-04-02 02:45:00,El Prat de Llobregat,6.5,6.5,2.0
2026-04-02 03:00:00,El Prat de Llobregat,5.428571428571429,6.0,7.0
2026-04-02 03:15:00,El Prat de Llobregat,5.681818181818182,6.0,22.0
2026-04-02 03:30:00,El Prat de Llobregat,7.428571428571429,6.0,28.0
2026-04-02 03:45:00,El Prat de Llobregat,7.25,7.0,4.0
2026-04-02 04:00:00,El Prat de Llobregat,10.291666666666666,7.5,24.0
2026-04-02 04:15:00,El Prat de Llobregat,10.625,7.5,56.0
2026-04-02 04:30:00,El Prat de Llobregat,10.486486486486486,7.0,37.0
2026-04-02 04:45:00,El Prat de Llobregat,8.581395348837209,7.0,43.0
2026-04-02 05:00:00,El Prat de Llobregat,7.88421052631579,6.0,95.0
2026-04-02 05:15:00,El Prat de Llobregat,11.616666666666667,7.5,120.0
2026-04-02 05:30:00,El Prat de Llobregat,9.191011235955056,6.0,89.0
2026-04-02 05:45:00,El Prat de Llobregat,15.23728813559322,11.0,177.0
2026-04-02 06:00:00,El Prat de Llobregat,12.337837837837839,8.0,148.0
2026-04-02 06:15:00,El Prat de Llobregat,12.253658536585366,7.0,205.0
2026-04-02 06:30:00,El Prat de Llobregat,14.508108108108107,8.0,185.0
2026-04-02 06:45:00,El Prat de Llobregat,14.292817679558011,10.0,181.0
2026-04-02 07:00:00,El Prat de Llobregat,16.37091988130564,11.0,337.0
2026-04-02 07:15:00,El Prat de Llobregat,15.710900473933648,11.0,211.0
2026-04-02 07:30:00,El Prat de Llobregat,17.154285714285713,11.0,175.0
2026-04-02 07:45:00,El Prat de Llobregat,16.903225806451612,11.0,124.0
2026-04-02 08:00:00,El Prat de Llobregat,17.835249042145595,12.0,261.0
2026-04-02 08:15:00,El Prat de Llobregat,17.0,11.0,154.0
2026-04-02 08:30:00,El Prat de Llobregat,16.091397849462364,11.0,186.0
2026-04-02 08:45:00,El Prat de Llobregat,19.038834951456312,12.0,103.0
2026-04-02 09:00:00,El Prat de Llobregat,16.154545454545456,12.0,110.0
2026-04-02 09:15:00,El Prat de Llobregat,19.521472392638035,12.0,163.0
2026-04-02 09:30:00,El Prat de Llobregat,22.51685393258427,22.0,178.0
2026-04-02 09:45:00,El Prat de Llobregat,22.764705882352942,21.5,136.0
2026-04-02 10:00:00,El Prat de Llobregat,22.55223880597015,22.0,201.0
2026-04-02 10:15:00,El Prat de Llobregat,18.01360544217687,12.0,147.0
2026-04-02 10:30:00,El Prat de Llobregat,17.297142857142855,10.0,175.0
2026-04-02 10:45:00,El Prat de Llobregat,19.253968253968253,13.5,126.0
2026-04-02 11:00:00,El Prat de Llobregat,22.585106382978722,20.0,94.0
2026-04-02 11:15:00,El Prat de Llobregat,20.134615384615383,13.0,104.0
2026-04-02 11:30:00,El Prat de Llobregat,16.466666666666665,10.0,150.0
2026-04-02 11:45:00,El Prat de Llobregat,21.549295774647888,18.0,142.0
2026-04-02 12:00:00,El Prat de Llobregat,16.338709677419356,9.0,124.0
2026-04-02 12:15:00,El Prat de Llobregat,14.523809523809524,9.0,84.0
2026-04-02 12:30:00,El Prat de Llobregat,18.754545454545454,15.0,110.0
2026-04-02 12:45:00,El Prat de Llobregat,16.777027027027028,11.0,148.0
2026-04-02 13:00:00,El Prat de Llobregat,12.364197530864198,8.0,162.0
2026-04-02 13:15:00,El Prat de Llobregat,18.285714285714285,13.0,168.0
2026-04-02 13:30:00,El Prat de Llobregat,26.87704918032787,28.0,122.0
2026-04-02 13:45:00,El Prat de Llobregat,18.064102564102566,9.0,156.0
2026-04-02 14:00:00,El Prat de Llobregat,21.074626865671643,12.0,134.0
2026-04-02 14:15:00,El Prat de Llobregat,18.71938775510204,11.0,196.0
2026-04-02 14:30:00,El Prat de Llobregat,18.72142857142857,15.0,140.0
2026-04-02 14:45:00,El Prat de Llobregat,17.154255319148938,12.0,188.0
2026-04-02 15:00:00,El Prat de Llobregat,14.218181818181819,9.0,110.0
2026-04-02 15:15:00,El Prat de Llobregat,25.385964912280702,25.5,114.0
2026-04-02 15:30:00,El Prat de Llobregat,18.8,13.0,180.0
2026-04-02 15:45:00,El Prat de Llobregat,18.616071428571427,15.0,112.0
2026-04-02 16:00:00,El Prat de Llobregat,20.5375,17.0,80.0
2026-04-02 16:15:00,El Prat de Llobregat,18.442396313364057,10.0,217.0
2026-04-02 16:30:00,El Prat de Llobregat,22.563636363636363,23.0,165.0
2026-04-02 16:45:00,El Prat de Llobregat,20.974358974358974,16.0,156.0
2026-04-02 17:00:00,El Prat de Llobregat,17.149321266968325,9.0,221.0
2026-04-02 17:15:00,El Prat de Llobregat,22.235294117647058,17.0,170.0
2026-04-02 17:30:00,El Prat de Llobregat,16.761194029850746,7.5,134.0
2026-04-02 17:45:00,El Prat de Llobregat,17.234375,8.0,64.0
2026-04-02 18:00:00,El Prat de Llobregat,18.44927536231884,10.0,138.0
2026-04-02 18:15:00,El Prat de Llobregat,21.1005291005291,13.0,189.0
2026-04-02 18:30:00,El Prat de Llobregat,21.4,12.5,160.0
2026-04-02 18:45:00,El Prat de Llobregat,15.20183486238532,10.0,109.0
2026-04-02 19:00:00,El Prat de Llobregat,25.83916083916084,16.0,143.0
2026-04-02 19:15:00,El Prat de Llobregat,15.988235294117647,10.0,85.0
2026-04-02 19:30:00,El Prat de Llobregat,17.5,10.0,178.0
2026-04-02 19:45:00,El Prat de Llobregat,25.669014084507044,21.0,142.0
2026-04-02 20:00:00,El Prat de Llobregat,24.045454545454547,17.5,132.0
2026-04-02 20:15:00,El Prat de Llobregat,18.19371727748691,11.0,191.0
2026-04-02 20:30:00,El Prat de Llobregat,26.056962025316455,22.0,158.0
2026-04-02 20:45:00,El Prat de Llobregat,27.296296296296298,22.0,162.0
2026-04-02 21:00:00,El Prat de Llobregat,23.184782608695652,15.0,184.0
2026-04-02 21:15:00,El Prat de Llobregat,25.854545454545455,16.0,110.0
2026-04-02 21:30:00,El Prat de Llobregat,23.166666666666668,11.0,162.0
2026-04-02 21:45:00,El Prat de Llobregat,28.761363636363637,25.0,88.0
2026-04-02 22:00:00,El Prat de Llobregat,17.3625,9.0,80.0
2026-04-02 22:15:00,El Prat de Llobregat,19.62,11.5,50.0
2026-04-02 22:30:00,El Prat de Llobregat,23.61111111111111,11.0,36.0
2026-04-02 22:45:00,El Prat de Llobregat,23.076923076923077,11.0,52.0
2026-04-02 23:00:00,El Prat de Llobregat,23.43103448275862,22.0,58.0
2026-04-02 23:15:00,El Prat de Llobregat,19.75,5.0,24.0
2026-04-02 23:30:00,El Prat de Llobregat,17.0,4.0,14.0
2026-04-02 23:45:00,El Prat de Llobregat,3.875,4.0,8.0
2026-04-03 00:00:00,El Prat de Llobregat,,,
2026-04-03 00:15:00,El Prat de Llobregat,,,
2026-04-03 00:30:00,El Prat de Llobregat,,,
2026-04-03 00:45:00,El Prat de Llobregat,,,
2026-04-03 01:00:00,El Prat de Llobregat,,,
2026-04-03 01:15:00,El Prat de Llobregat,,,
2026-04-03 01:30:00,El Prat de Llobregat,,,
2026-04-03 01:45:00,El Prat de Llobregat,,,
2026-04-03 02:00:00,El Prat de Llobregat,,,
2026-04-03 02:15:00,El Prat de Llobregat,,,
2026-04-03 02:30:00,El Prat de Llobregat,,,
2026-04-03 02:45:00,El Prat de Llobregat,,,
2026-04-03 03:00:00,El Prat de Llobregat,-1.0,-1.0,1.0
2026-04-03 03:15:00,El Prat de Llobregat,5.0,5.0,4.0
2026-04-03 03:30:00,El Prat de Llobregat,,,
2026-04-03 03:45:00,El Prat de Llobregat,6.6,6.0,5.0
2026-04-03 04:00:00,El Prat de Llobregat,6.0,6.0,21.0
2026-04-03 04:15:00,El Prat de Llobregat,10.0,7.0,10.0
2026-04-03 04:30:00,El Prat de Llobregat,4.793103448275862,2.0,29.0
2026-04-03 04:45:00,El Prat de Llobregat,6.517241379310345,6.0,29.0
2026-04-03 05:00:00,El Prat de Llobregat,4.566666666666666,5.5,30.0
2026-04-03 05:15:00,El Prat de Llobregat,5.439024390243903,4.0,41.0
2026-04-03 05:30:00,El Prat de Llobregat,7.47457627118644,4.0,59.0
2026-04-03 05:45:00,El Prat de Llobregat,8.185185185185185,5.5,54.0
2026-04-03 06:00:00,El Prat de Llobregat,8.078947368421053,4.0,38.0
2026-04-03 06:15:00,El Prat de Llobregat,13.18867924528302,8.0,53.0
2026-04-03 06:30:00,El Prat de Llobregat,15.255813953488373,12.0,86.0
2026-04-03 06:45:00,El Prat de Llobregat,12.506666666666666,8.0,75.0
2026-04-03 07:00:00,El Prat de Llobregat,14.354430379746836,9.0,79.0
2026-04-03 07:15:00,El Prat de Llobregat,7.821428571428571,6.0,56.0
2026-04-03 07:30:00,El Prat de Llobregat,17.73469387755102,12.0,98.0
2026-04-03 07:45:00,El Prat de Llobregat,19.64,12.0,75.0
2026-04-03 08:00:00,El Prat de Llobregat,23.362903225806452,20.0,124.0
2026-04-03 08:15:00,El Prat de Llobregat,20.391752577319586,17.0,97.0
2026-04-03 08:30:00,El Prat de Llobregat,18.47222222222222,12.0,72.0
2026-04-03 08:45:00,El Prat de Llobregat,18.663265306122447,12.0,98.0
2026-04-03 09:00:00,El Prat de Llobregat,17.48235294117647,10.0,85.0
2026-04-03 09:15:00,El Prat de Llobregat,21.17948717948718,13.5,78.0
2026-04-03 09:30:00,El Prat de Llobregat,18.901408450704224,14.0,71.0
2026-04-03 09:45:00,El Prat de Llobregat,15.325,9.5,120.0
2026-04-03 10:00:00,El Prat de Llobregat,19.986486486486488,12.5,74.0
2026-04-03 10:15:00,El Prat de Llobregat,24.28787878787879,17.0,66.0
2026-04-03 10:30:00,El Prat de Llobregat,23.441558441558442,17.0,77.0
2026-04-03 10:45:00,El Prat de Llobregat,22.2875,10.0,80.0
2026-04-03 11:00:00,El Prat de Llobregat,25.390625,18.0,64.0
2026-04-03 11:15:00,El Prat de Llobregat,16.08823529411765,11.0,68.0
2026-04-03 11:30:00,El Prat de Llobregat,16.82456140350877,10.0,57.0
2026-04-03 11:45:00,El Prat de Llobregat,19.67241379310345,12.0,116.0
2026-04-03 12:00:00,El Prat de Llobregat,20.3,18.0,60.0
2026-04-03 12:15:00,El Prat de Llobregat,24.60810810810811,18.0,74.0
2026-04-03 12:30:00,El Prat de Llobregat,20.641509433962263,18.0,53.0
2026-04-03 12:45:00,El Prat de Llobregat,19.066666666666666,13.0,75.0
2026-04-03 13:00:00,El Prat de Llobregat,17.271186440677965,15.0,59.0
2026-04-03 13:15:00,El Prat de Llobregat,17.33823529411765,13.0,68.0
2026-04-03 13:30:00,El Prat de Llobregat,23.420289855072465,15.0,69.0
2026-04-03 13:45:00,El Prat de Llobregat,24.921875,21.0,64.0
2026-04-03 14:00:00,El Prat de Llobregat,28.691666666666666,27.0,120.0
2026-04-03 14:15:00,El Prat de Llobregat,25.0,15.0,63.0
2026-04-03 14:30:00,El Prat de Llobregat,23.5,20.5,104.0
2026-04-03 14:45:00,El Prat de Llobregat,24.878048780487806,24.0,82.0
2026-04-03 15:00:00,El Prat de Llobregat,23.28767123287671,13.0,73.0
2026-04-03 15:15:00,El Prat de Llobregat,22.442105263157895,24.0,95.0
2026-04-03 15:30:00,El Prat de Llobregat,17.032967032967033,11.0,91.0
2026-04-03 15:45:00,El Prat de Llobregat,18.74,11.5,50.0
2026-04-03 16:00:00,El Prat de Llobregat,17.963636363636365,14.0,55.0
2026-04-03 16:15:00,El Prat de Llobregat,22.524752475247524,24.0,101.0
2026-04-03 16:30:00,El Prat de Llobregat,21.5,24.0,50.0
2026-04-03 16:45:00,El Prat de Llobregat,19.23170731707317,20.0,82.0
2026-04-03 17:00:00,El Prat de Llobregat,24.767241379310345,23.0,116.0
2026-04-03 17:15:00,El Prat de Llobregat,20.90740740740741,20.0,54.0
2026-04-03 17:30:00,El Prat de Llobregat,22.96629213483146,20.0,89.0
2026-04-03 17:45:00,El Prat de Llobregat,14.53061224489796,7.0,49.0
2026-04-03 18:00:00,El Prat de Llobregat,22.307692307692307,13.0,52.0
2026-04-03 18:15:00,El Prat de Llobregat,27.49230769230769,22.0,65.0
2026-04-03 18:30:00,El Prat de Llobregat,32.674698795180724,30.0,83.0
2026-04-03 18:45:00,El Prat de Llobregat,28.1,19.5,50.0
2026-04-03 19:00:00,El Prat de Llobregat,23.716666666666665,16.0,60.0
2026-04-03 19:15:00,El Prat de Llobregat,28.46808510638298,24.0,47.0
2026-04-03 19:30:00,El Prat de Llobregat,21.225806451612904,16.0,93.0
2026-04-03 19:45:00,El Prat de Llobregat,24.580246913580247,16.0,81.0
2026-04-03 20:00:00,El Prat de Llobregat,17.57943925233645,10.0,107.0
2026-04-03 20:15:00,El Prat de Llobregat,22.129032258064516,13.0,62.0
2026-04-03 20:30:00,El Prat de Llobregat,10.222222222222221,2.0,45.0
2026-04-03 20:45:00,El Prat de Llobregat,13.159090909090908,9.0,44.0
2026-04-03 21:00:00,El Prat de Llobregat,14.036363636363637,6.0,55.0
2026-04-03 21:15:00,El Prat de Llobregat,22.789473684210527,8.0,57.0
2026-04-03 21:30:00,El Prat de Llobregat,23.10144927536232,9.0,69.0
2026-04-03 21:45:00,El Prat de Llobregat,29.21875,12.0,32.0
2026-04-03 22:00:00,El Prat de Llobregat,31.13953488372093,41.0,43.0
2026-04-03 22:15:00,El Prat de Llobregat,31.13888888888889,41.0,36.0
2026-04-03 22:30:00,El Prat de Llobregat,29.483870967741936,32.0,31.0
2026-04-03 22:45:00,El Prat de Llobregat,18.870967741935484,9.0,31.0
2026-04-03 23:00:00,El Prat de Llobregat,20.62962962962963,9.0,27.0
2026-04-03 23:15:00,El Prat de Llobregat,15.666666666666666,9.0,12.0
2026-04-03 23:30:00,El Prat de Llobregat,20.4,6.0,10.0
2026-04-03 23:45:00,El Prat de Llobregat,24.666666666666668,25.0,6.0
2026-04-04 00:00:00,El Prat de Llobregat,,,
2026-04-04 00:15:00,El Prat de Llobregat,,,
2026-04-04 00:30:00,El Prat de Llobregat,,,
2026-04-04 00:45:00,El Prat de Llobregat,,,
2026-04-04 01:00:00,El Prat de Llobregat,,,
2026-04-04 01:15:00,El Prat de Llobregat,,,
2026-04-04 01:30:00,El Prat de Llobregat,,,
2026-04-04 01:45:00,El Prat de Llobregat,,,
2026-04-04 02:00:00,El Prat de Llobregat,,,
2026-04-04 02:15:00,El Prat de Llobregat,,,
2026-04-04 02:30:00,El Prat de Llobregat,,,
2026-04-04 02:45:00,El Prat de Llobregat,,,
2026-04-04 03:00:00,El Prat de Llobregat,11.0,11.0,2.0
2026-04-04 03:15:00,El Prat de Llobregat,,,
2026-04-04 03:30:00,El Prat de Llobregat,6.25,6.5,4.0
2026-04-04 03:45:00,El Prat de Llobregat,2.0,2.0,1.0
2026-04-04 04:00:00,El Prat de Llobregat,11.0,11.0,1.0
2026-04-04 04:15:00,El Prat de Llobregat,14.0,11.0,5.0
2026-04-04 04:30:00,El Prat de Llobregat,5.117647058823529,2.0,17.0
2026-04-04 04:45:00,El Prat de Llobregat,8.733333333333333,11.0,15.0
2026-04-04 05:00:00,El Prat de Llobregat,4.88,1.0,25.0
2026-04-04 05:15:00,El Prat de Llobregat,6.166666666666667,5.5,30.0
2026-04-04 05:30:00,El Prat de Llobregat,7.0,6.0,40.0
2026-04-04 05:45:00,El Prat de Llobregat,8.608695652173912,9.0,46.0
2026-04-04 06:00:00,El Prat de Llobregat,13.75,12.0,60.0
2026-04-04 06:15:00,El Prat de Llobregat,16.504587155963304,13.0,109.0
2026-04-04 06:30:00,El Prat de Llobregat,15.907692307692308,13.0,65.0
2026-04-04 06:45:00,El Prat de Llobregat,15.64935064935065,13.0,77.0
2026-04-04 07:00:00,El Prat de Llobregat,17.916666666666668,16.0,48.0
2026-04-04 07:15:00,El Prat de Llobregat,16.97590361445783,15.0,83.0
2026-04-04 07:30:00,El Prat de Llobregat,15.75,12.0,92.0
2026-04-04 07:45:00,El Prat de Llobregat,14.761194029850746,11.0,67.0
2026-04-04 08:00:00,El Prat de Llobregat,19.109756097560975,13.0,82.0
2026-04-04 08:15:00,El Prat de Llobregat,16.768421052631577,11.0,95.0
2026-04-04 08:30:00,El Prat de Llobregat,18.016806722689076,13.0,119.0
2026-04-04 08:45:00,El Prat de Llobregat,18.11764705882353,13.0,85.0
2026-04-04 09:00:00,El Prat de Llobregat,19.029411764705884,13.0,102.0
2026-04-04 09:15:00,El Prat de Llobregat,18.67032967032967,13.0,91.0
2026-04-04 09:30:00,El Prat de Llobregat,20.680851063829788,12.0,94.0
2026-04-04 09:45:00,El Prat de Llobregat,17.23076923076923,11.0,117.0
2026-04-04 10:00:00,El Prat de Llobregat,21.291666666666668,10.0,96.0
2026-04-04 10:15:00,El Prat de Llobregat,30.85,17.0,100.0
2026-04-04 10:30:00,El Prat de Llobregat,22.296703296703296,10.0,91.0
2026-04-04 10:45:00,El Prat de Llobregat,30.01834862385321,14.0,109.0
2026-04-04 11:00:00,El Prat de Llobregat,18.53448275862069,10.0,58.0
2026-04-04 11:15:00,El Prat de Llobregat,32.825,14.0,120.0
2026-04-04 11:30:00,El Prat de Llobregat,36.71578947368421,12.0,95.0
2026-04-04 11:45:00,El Prat de Llobregat,38.51315789473684,20.0,76.0
2026-04-04 12:00:00,El Prat de Llobregat,36.91111111111111,20.0,90.0
2026-04-04 12:15:00,El Prat de Llobregat,30.424,9.0,125.0
2026-04-04 12:30:00,El Prat de Llobregat,36.30769230769231,9.0,78.0
2026-04-04 12:45:00,El Prat de Llobregat,42.134020618556704,39.0,97.0
2026-04-04 13:00:00,El Prat de Llobregat,34.6140350877193,9.0,57.0
2026-04-04 13:15:00,El Prat de Llobregat,47.5,49.5,102.0
2026-04-04 13:30:00,El Prat de Llobregat,45.25,46.5,104.0
2026-04-04 13:45:00,El Prat de Llobregat,40.0,40.0,121.0
2026-04-04 14:00:00,El Prat de Llobregat,41.40816326530612,37.0,49.0
2026-04-04 14:15:00,El Prat de Llobregat,36.42372881355932,31.0,59.0
2026-04-04 14:30:00,El Prat de Llobregat,38.44578313253012,45.0,83.0
2026-04-04 14:45:00,El Prat de Llobregat,30.887096774193548,13.0,62.0
2026-04-04 15:00:00,El Prat de Llobregat,23.883333333333333,10.5,60.0
2026-04-04 15:15:00,El Prat de Llobregat,30.507462686567163,17.0,67.0
2026-04-04 15:30:00,El Prat de Llobregat,26.61627906976744,16.0,86.0
2026-04-04 15:45:00,El Prat de Llobregat,28.42168674698795,22.0,83.0
2026-04-04 16:00:00,El Prat de Llobregat,32.09836065573771,45.0,61.0
2026-04-04 16:15:00,El Prat de Llobregat,28.434782608695652,31.0,92.0
2026-04-04 16:30:00,El Prat de Llobregat,21.58823529411765,12.0,68.0
2026-04-04 16:45:00,El Prat de Llobregat,22.322033898305083,13.0,59.0
2026-04-04 17:00:00,El Prat de Llobregat,21.060606060606062,11.0,99.0
2026-04-04 17:15:00,El Prat de Llobregat,28.16949152542373,22.0,59.0
2026-04-04 17:30:00,El Prat de Llobregat,27.393939393939394,16.0,66.0
2026-04-04 17:45:00,El Prat de Llobregat,26.62686567164179,17.0,67.0
2026-04-04 18:00:00,El Prat de Llobregat,25.94736842105263,19.0,57.0
2026-04-04 18:15:00,El Prat de Llobregat,25.363636363636363,17.0,55.0
2026-04-04 18:30:00,El Prat de Llobregat,28.25735294117647,19.0,136.0
2026-04-04 18:45:00,El Prat de Llobregat,22.06896551724138,15.0,87.0
2026-04-04 19:00:00,El Prat de Llobregat,29.77777777777778,34.0,90.0
2026-04-04 19:15:00,El Prat de Llobregat,30.4,36.0,65.0
2026-04-04 19:30:00,El Prat de Llobregat,25.938144329896907,17.0,97.0
2026-04-04 19:45:00,El Prat de Llobregat,27.984126984126984,12.0,63.0
2026-04-04 20:00:00,El Prat de Llobregat,28.64406779661017,17.0,59.0
2026-04-04 20:15:00,El Prat de Llobregat,31.28409090909091,22.0,88.0
2026-04-04 20:30:00,El Prat de Llobregat,27.645569620253166,17.0,79.0
2026-04-04 20:45:00,El Prat de Llobregat,27.47457627118644,17.0,59.0
2026-04-04 21:00:00,El Prat de Llobregat,18.333333333333332,11.0,57.0
2026-04-04 21:15:00,El Prat de Llobregat,21.62962962962963,17.0,54.0
2026-04-04 21:30:00,El Prat de Llobregat,13.51063829787234,8.0,47.0
2026-04-04 21:45:00,El Prat de Llobregat,18.823529411764707,8.0,34.0
2026-04-04 22:00:00,El Prat de Llobregat,16.155555555555555,7.0,45.0
2026-04-04 22:15:00,El Prat de Llobregat,19.585365853658537,7.0,41.0
2026-04-04 22:30:00,El Prat de Llobregat,17.5,7.0,28.0
2026-04-04 22:45:00,El Prat de Llobregat,22.13888888888889,11.0,36.0
2026-04-04 23:00:00,El Prat de Llobregat,23.4,30.0,25.0
2026-04-04 23:15:00,El Prat de Llobregat,10.625,11.0,8.0
2026-04-04 23:30:00,El Prat de Llobregat,7.0,11.0,6.0
2026-04-04 23:45:00,El Prat de Llobregat,6.6,11.0,5.0
2026-04-05 00:00:00,El Prat de Llobregat,,,
2026-04-05 00:15:00,El Prat de Llobregat,,,
2026-04-05 00:30:00,El Prat de Llobregat,,,
2026-04-05 00:45:00,El Prat de Llobregat,,,
2026-04-05 01:00:00,El Prat de Llobregat,,,
2026-04-05 01:15:00,El Prat de Llobregat,,,
2026-04-05 01:30:00,El Prat de Llobregat,,,
2026-04-05 01:45:00,El Prat de Llobregat,,,
2026-04-05 02:00:00,El Prat de Llobregat,,,
2026-04-05 02:15:00,El Prat de Llobregat,,,
2026-04-05 02:30:00,El Prat de Llobregat,,,
2026-04-05 02:45:00,El Prat de Llobregat,,,
2026-04-05 03:00:00,El Prat de Llobregat,10.25,10.5,4.0
2026-04-05 03:15:00,El Prat de Llobregat,10.25,10.5,4.0
2026-04-05 03:30:00,El Prat de Llobregat,9.3,6.5,10.0
2026-04-05 03:45:00,El Prat de Llobregat,2.347826086956522,2.0,23.0
2026-04-05 04:00:00,El Prat de Llobregat,3.5714285714285716,4.0,28.0
2026-04-05 04:15:00,El Prat de Llobregat,5.662337662337662,5.0,77.0
2026-04-05 04:30:00,El Prat de Llobregat,4.32183908045977,3.0,87.0
2026-04-05 04:45:00,El Prat de Llobregat,-0.8378378378378378,3.0,37.0
2026-04-05 05:00:00,El Prat de Llobregat,4.7153846153846155,3.0,130.0
2026-04-05 05:15:00,El Prat de Llobregat,6.360294117647059,5.0,136.0
2026-04-05 05:30:00,El Prat de Llobregat,6.223529411764706,5.0,170.0
2026-04-05 05:45:00,El Prat de Llobregat,11.128205128205128,8.0,156.0
2026-04-05 06:00:00,El Prat de Llobregat,8.313725490196079,8.0,306.0
2026-04-05 06:15:00,El Prat de Llobregat,11.544401544401545,12.0,259.0
2026-04-05 06:30:00,El Prat de Llobregat,12.905325443786982,15.0,169.0
2026-04-05 06:45:00,El Prat de Llobregat,11.933884297520661,9.5,242.0
2026-04-05 07:00:00,El Prat de Llobregat,11.278761061946902,10.0,226.0
2026-04-05 07:15:00,El Prat de Llobregat,13.811428571428571,13.0,175.0
2026-04-05 07:30:00,El Prat de Llobregat,10.020746887966805,9.0,241.0
2026-04-05 07:45:00,El Prat de Llobregat,12.187250996015937,10.0,251.0
2026-04-05 08:00:00,El Prat de Llobregat,14.735159817351597,13.0,219.0
2026-04-05 08:15:00,El Prat de Llobregat,13.939597315436242,12.0,149.0
2026-04-05 08:30:00,El Prat de Llobregat,15.396907216494846,13.0,194.0
2026-04-05 08:45:00,El Prat de Llobregat,11.973856209150327,10.0,306.0
2026-04-05 09:00:00,El Prat de Llobregat,12.698795180722891,9.0,166.0
2026-04-05 09:15:00,El Prat de Llobregat,13.567474048442907,11.0,289.0
2026-04-05 09:30:00,El Prat de Llobregat,13.932773109243698,11.5,238.0
2026-04-05 09:45:00,El Prat de Llobregat,15.604545454545455,15.0,220.0
2026-04-05 10:00:00,El Prat de Llobregat,15.619289340101522,15.0,197.0
2026-04-05 10:15:00,El Prat de Llobregat,13.795180722891565,10.0,166.0
2026-04-05 10:30:00,El Prat de Llobregat,17.808306709265175,14.0,313.0
2026-04-05 10:45:00,El Prat de Llobregat,15.138059701492537,11.0,268.0
2026-04-05 11:00:00,El Prat de Llobregat,23.130434782608695,27.0,184.0
2026-04-05 11:15:00,El Prat de Llobregat,17.288389513108616,14.0,267.0
2026-04-05 11:30:00,El Prat de Llobregat,17.627062706270628,14.0,303.0
2026-04-05 11:45:00,El Prat de Llobregat,15.392344497607656,11.0,209.0
2026-04-05 12:00:00,El Prat de Llobregat,14.368983957219251,11.0,187.0
2026-04-05 12:15:00,El Prat de Llobregat,16.918781725888326,13.0,197.0
2026-04-05 12:30:00,El Prat de Llobregat,12.846666666666666,7.0,150.0
2026-04-05 12:45:00,El Prat de Llobregat,10.018518518518519,5.0,162.0
2026-04-05 13:00:00,El Prat de Llobregat,18.859756097560975,13.0,164.0
2026-04-05 13:15:00,El Prat de Llobregat,16.146892655367232,10.0,177.0
2026-04-05 13:30:00,El Prat de Llobregat,20.602150537634408,15.0,186.0
2026-04-05 13:45:00,El Prat de Llobregat,18.21965317919075,13.0,173.0
2026-04-05 14:00:00,El Prat de Llobregat,18.60236220472441,12.0,254.0
2026-04-05 14:15:00,El Prat de Llobregat,16.65909090909091,9.5,176.0
2026-04-05 14:30:00,El Prat de Llobregat,20.130801687763714,14.0,237.0
2026-04-05 14:45:00,El Prat de Llobregat,19.964285714285715,14.0,252.0
2026-04-05 15:00:00,El Prat de Llobregat,20.81188118811881,16.0,202.0
2026-04-05 15:15:00,El Prat de Llobregat,20.916083916083917,16.0,143.0
2026-04-05 15:30:00,El Prat de Llobregat,18.151041666666668,12.5,192.0
2026-04-05 15:45:00,El Prat de Llobregat,21.705645161290324,15.5,248.0
2026-04-05 16:00:00,El Prat de Llobregat,26.228915662650603,20.5,166.0
2026-04-05 16:15:00,El Prat de Llobregat,27.533742331288344,25.0,163.0
2026-04-05 16:30:00,El Prat de Llobregat,30.67924528301887,25.0,159.0
2026-04-05 16:45:00,El Prat de Llobregat,23.635514018691588,15.0,214.0
2026-04-05 17:00:00,El Prat de Llobregat,21.917910447761194,14.0,268.0
2026-04-05 17:15:00,El Prat de Llobregat,22.064102564102566,17.0,156.0
2026-04-05 17:30:00,El Prat de Llobregat,18.533333333333335,12.0,180.0
2026-04-05 17:45:00,El Prat de Llobregat,16.993630573248407,11.0,157.0
2026-04-05 18:00:00,El Prat de Llobregat,19.75609756097561,13.0,205.0
2026-04-05 18:15:00,El Prat de Llobregat,20.103448275862068,15.0,174.0
2026-04-05 18:30:00,El Prat de Llobregat,23.930131004366814,14.0,229.0
2026-04-05 18:45:00,El Prat de Llobregat,23.516666666666666,16.0,180.0
2026-04-05 19:00:00,El Prat de Llobregat,22.01047120418848,14.0,191.0
2026-04-05 19:15:00,El Prat de Llobregat,22.533333333333335,14.0,225.0
2026-04-05 19:30:00,El Prat de Llobregat,28.515151515151516,17.0,132.0
2026-04-05 19:45:00,El Prat de Llobregat,22.304347826086957,13.0,184.0
2026-04-05 20:00:00,El Prat de Llobregat,26.45751633986928,17.0,153.0
2026-04-05 20:15:00,El Prat de Llobregat,23.510752688172044,15.0,186.0
2026-04-05 20:30:00,El Prat de Llobregat,22.440860215053764,15.0,186.0
2026-04-05 20:45:00,El Prat de Llobregat,15.110526315789473,9.0,190.0
2026-04-05 21:00:00,El Prat de Llobregat,17.85483870967742,16.5,124.0
2026-04-05 21:15:00,El Prat de Llobregat,20.2,17.5,140.0
2026-04-05 21:30:00,El Prat de Llobregat,16.067164179104477,9.0,134.0
2026-04-05 21:45:00,El Prat de Llobregat,17.63302752293578,10.0,109.0
2026-04-05 22:00:00,El Prat de Llobregat,17.82089552238806,10.0,67.0
2026-04-05 22:15:00,El Prat de Llobregat,17.963963963963963,6.0,111.0
2026-04-05 22:30:00,El Prat de Llobregat,18.106060606060606,6.0,66.0
2026-04-05 22:45:00,El Prat de Llobregat,15.166666666666666,5.5,60.0
2026-04-05 23:00:00,El Prat de Llobregat,16.714285714285715,4.0,49.0
2026-04-05 23:15:00,El Prat de Llobregat,12.272727272727273,4.0,44.0
2026-04-05 23:30:00,El Prat de Llobregat,0.6470588235294118,0.0,17.0
2026-04-05 23:45:00,El Prat de Llobregat,0.8,0.0,5.0
2026-04-06 00:00:00,El Prat de Llobregat,,,
2026-04-06 00:15:00,El Prat de Llobregat,,,
2026-04-06 00:30:00,El Prat de Llobregat,,,
2026-04-06 00:45:00,El Prat de Llobregat,,,
2026-04-06 01:00:00,El Prat de Llobregat,,,
2026-04-06 01:15:00,El Prat de Llobregat,,,
2026-04-06 01:30:00,El Prat de Llobregat,,,
2026-04-06 01:45:00,El Prat de Llobregat,,,
2026-04-06 02:00:00,El Prat de Llobregat,,,
2026-04-06 02:15:00,El Prat de Llobregat,,,
2026-04-06 02:30:00,El Prat de Llobregat,,,
2026-04-06 02:45:00,El Prat de Llobregat,,,
2026-04-06 03:00:00,El Prat de Llobregat,,,
2026-04-06 03:15:00,El Prat de Llobregat,,,
2026-04-06 03:30:00,El Prat de Llobregat,,,
2026-04-06 03:45:00,El Prat de Llobregat,3.0,1.5,10.0
2026-04-06 04:00:00,El Prat de Llobregat,4.214285714285714,3.0,14.0
2026-04-06 04:15:00,El Prat de Llobregat,4.37037037037037,3.0,27.0
2026-04-06 04:30:00,El Prat de Llobregat,-0.7045454545454546,3.0,44.0
2026-04-06 04:45:00,El Prat de Llobregat,0.0,3.0,52.0
2026-04-06 05:00:00,El Prat de Llobregat,-0.058823529411764705,2.0,34.0
2026-04-06 05:15:00,El Prat de Llobregat,5.4,5.0,95.0
2026-04-06 05:30:00,El Prat de Llobregat,6.085714285714285,3.0,70.0
2026-04-06 05:45:00,El Prat de Llobregat,7.363636363636363,5.0,66.0
2026-04-06 06:00:00,El Prat de Llobregat,8.422018348623853,8.0,109.0
2026-04-06 06:15:00,El Prat de Llobregat,9.885496183206106,8.0,131.0
2026-04-06 06:30:00,El Prat de Llobregat,9.160377358490566,10.0,106.0
2026-04-06 06:45:00,El Prat de Llobregat,12.46078431372549,12.0,102.0
2026-04-06 07:00:00,El Prat de Llobregat,10.416666666666666,8.0,84.0
2026-04-06 07:15:00,El Prat de Llobregat,13.017699115044248,12.0,113.0
2026-04-06 07:30:00,El Prat de Llobregat,12.071856287425149,11.0,167.0
2026-04-06 07:45:00,El Prat de Llobregat,12.37593984962406,12.0,133.0
2026-04-06 08:00:00,El Prat de Llobregat,13.38888888888889,12.0,108.0
2026-04-06 08:15:00,El Prat de Llobregat,13.1875,12.0,96.0
2026-04-06 08:30:00,El Prat de Llobregat,11.65625,9.5,160.0
2026-04-06 08:45:00,El Prat de Llobregat,11.666666666666666,10.0,126.0
2026-04-06 09:00:00,El Prat de Llobregat,13.421052631578947,12.0,95.0
2026-04-06 09:15:00,El Prat de Llobregat,13.836879432624114,12.0,141.0
2026-04-06 09:30:00,El Prat de Llobregat,12.105263157894736,11.0,95.0
2026-04-06 09:45:00,El Prat de Llobregat,12.468468468468469,12.0,111.0
2026-04-06 10:00:00,El Prat de Llobregat,14.662337662337663,15.0,154.0
2026-04-06 10:15:00,El Prat de Llobregat,14.049504950495049,12.0,101.0
2026-04-06 10:30:00,El Prat de Llobregat,12.114583333333334,9.0,96.0
2026-04-06 10:45:00,El Prat de Llobregat,17.87878787878788,15.0,132.0
2026-04-06 11:00:00,El Prat de Llobregat,19.45631067961165,15.0,103.0
2026-04-06 11:15:00,El Prat de Llobregat,17.329896907216494,14.0,97.0
2026-04-06 11:30:00,El Prat de Llobregat,15.045977011494253,11.0,87.0
2026-04-06 11:45:00,El Prat de Llobregat,14.04054054054054,11.0,148.0
2026-04-06 12:00:00,El Prat de Llobregat,17.53488372093023,14.0,86.0
2026-04-06 12:15:00,El Prat de Llobregat,13.55421686746988,7.0,83.0
2026-04-06 12:30:00,El Prat de Llobregat,15.885714285714286,8.0,105.0
2026-04-06 12:45:00,El Prat de Llobregat,11.728971962616823,7.0,107.0
2026-04-06 13:00:00,El Prat de Llobregat,13.034188034188034,7.0,117.0
2026-04-06 13:15:00,El Prat de Llobregat,13.573529411764707,11.5,136.0
2026-04-06 13:30:00,El Prat de Llobregat,13.565573770491802,8.0,122.0
2026-04-06 13:45:00,El Prat de Llobregat,15.666666666666666,13.0,105.0
2026-04-06 14:00:00,El Prat de Llobregat,18.24,10.0,100.0
2026-04-06 14:15:00,El Prat de Llobregat,18.25287356321839,9.0,87.0
2026-04-06 14:30:00,El Prat de Llobregat,17.054794520547944,8.0,73.0
2026-04-06 14:45:00,El Prat de Llobregat,16.330645161290324,8.0,124.0
2026-04-06 15:00:00,El Prat de Llobregat,15.129032258064516,10.0,93.0
2026-04-06 15:15:00,El Prat de Llobregat,19.72222222222222,16.5,72.0
2026-04-06 15:30:00,El Prat de Llobregat,15.07258064516129,10.5,124.0
2026-04-06 15:45:00,El Prat de Llobregat,15.185185185185185,10.5,108.0
2026-04-06 16:00:00,El Prat de Llobregat,19.136986301369863,16.0,146.0
2026-04-06 16:15:00,El Prat de Llobregat,18.19078947368421,16.0,152.0
2026-04-06 16:30:00,El Prat de Llobregat,16.43312101910828,12.0,157.0
2026-04-06 16:45:00,El Prat de Llobregat,15.535087719298245,11.0,114.0
2026-04-06 17:00:00,El Prat de Llobregat,16.971698113207548,12.0,106.0
2026-04-06 17:15:00,El Prat de Llobregat,22.477777777777778,17.0,90.0
2026-04-06 17:30:00,El Prat de Llobregat,17.155038759689923,13.0,129.0
2026-04-06 17:45:00,El Prat de Llobregat,15.618320610687023,12.0,131.0
2026-04-06 18:00:00,El Prat de Llobregat,16.02127659574468,14.0,94.0
2026-04-06 18:15:00,El Prat de Llobregat,22.458823529411763,21.0,85.0
2026-04-06 18:30:00,El Prat de Llobregat,15.106382978723405,12.0,141.0
2026-04-06 18:45:00,El Prat de Llobregat,16.99,12.0,100.0
2026-04-06 19:00:00,El Prat de Llobregat,20.607692307692307,13.5,130.0
2026-04-06 19:15:00,El Prat de Llobregat,21.121739130434783,13.0,115.0
2026-04-06 19:30:00,El Prat de Llobregat,20.061728395061728,9.0,81.0
2026-04-06 19:45:00,El Prat de Llobregat,26.183908045977013,23.0,87.0
2026-04-06 20:00:00,El Prat de Llobregat,23.847826086956523,15.5,92.0
2026-04-06 20:15:00,El Prat de Llobregat,20.16822429906542,16.0,107.0
2026-04-06 20:30:00,El Prat de Llobregat,25.208333333333332,24.0,48.0
2026-04-06 20:45:00,El Prat de Llobregat,22.51923076923077,15.5,104.0
2026-04-06 21:00:00,El Prat de Llobregat,24.5974025974026,29.0,77.0
2026-04-06 21:15:00,El Prat de Llobregat,22.32758620689655,23.0,58.0
2026-04-06 21:30:00,El Prat de Llobregat,21.108695652173914,20.0,46.0
2026-04-06 21:45:00,El Prat de Llobregat,19.614583333333332,18.0,96.0
2026-04-06 22:00:00,El Prat de Llobregat,18.08641975308642,16.0,81.0
2026-04-06 22:15:00,El Prat de Llobregat,17.895833333333332,16.0,48.0
2026-04-06 22:30:00,El Prat de Llobregat,14.612244897959183,5.0,49.0
2026-04-06 22:45:00,El Prat de Llobregat,12.666666666666666,4.0,27.0
2026-04-06 23:00:00,El Prat de Llobregat,14.555555555555555,1.0,18.0
2026-04-06 23:15:00,El Prat de Llobregat,14.869565217391305,1.0,23.0
2026-04-06 23:30:00,El Prat de Llobregat,-0.7142857142857143,-1.0,7.0
2026-04-06 23:45:00,El Prat de Llobregat,0.0,0.0,6.0
2026-04-07 00:00:00,El Prat de Llobregat,,,
2026-04-07 00:15:00,El Prat de Llobregat,,,
2026-04-07 00:30:00,El Prat de Llobregat,,,
2026-04-07 00:45:00,El Prat de Llobregat,,,
2026-04-07 01:00:00,El Prat de Llobregat,,,
2026-04-07 01:15:00,El Prat de Llobregat,,,
2026-04-07 01:30:00,El Prat de Llobregat,,,
2026-04-07 01:45:00,El Prat de Llobregat,,,
2026-04-07 02:00:00,El Prat de Llobregat,,,
2026-04-07 02:15:00,El Prat de Llobregat,,,
2026-04-07 02:30:00,El Prat de Llobregat,,,
2026-04-07 02:45:00,El Prat de Llobregat,,,
2026-04-07 03:00:00,El Prat de Llobregat,,,
2026-04-07 03:15:00,El Prat de Llobregat,17.666666666666668,26.0,3.0
2026-04-07 03:30:00,El Prat de Llobregat,22.0,22.0,4.0
2026-04-07 03:45:00,El Prat de Llobregat,18.294117647058822,18.0,17.0
2026-04-07 04:00:00,El Prat de Llobregat,14.857142857142858,18.0,14.0
2026-04-07 04:15:00,El Prat de Llobregat,13.444444444444445,13.5,18.0
2026-04-07 04:30:00,El Prat de Llobregat,10.941176470588236,11.0,34.0
2026-04-07 04:45:00,El Prat de Llobregat,11.292307692307693,10.0,65.0
2026-04-07 05:00:00,El Prat de Llobregat,12.5,14.5,54.0
2026-04-07 05:15:00,El Prat de Llobregat,15.066037735849056,18.0,106.0
2026-04-07 05:30:00,El Prat de Llobregat,12.621428571428572,12.0,140.0
2026-04-07 05:45:00,El Prat de Llobregat,13.752808988764045,16.0,89.0
2026-04-07 06:00:00,El Prat de Llobregat,10.48062015503876,9.0,129.0
2026-04-07 06:15:00,El Prat de Llobregat,11.89051094890511,11.0,137.0
2026-04-07 06:30:00,El Prat de Llobregat,12.38345864661654,12.0,133.0
2026-04-07 06:45:00,El Prat de Llobregat,10.475524475524475,7.0,143.0
2026-04-07 07:00:00,El Prat de Llobregat,13.821428571428571,12.0,140.0
2026-04-07 07:15:00,El Prat de Llobregat,15.387755102040817,13.0,147.0
2026-04-07 07:30:00,El Prat de Llobregat,16.015384615384615,14.0,130.0
2026-04-07 07:45:00,El Prat de Llobregat,15.847953216374268,14.0,171.0
2026-04-07 08:00:00,El Prat de Llobregat,15.182389937106919,10.0,159.0
2026-04-07 08:15:00,El Prat de Llobregat,20.29447852760736,18.0,163.0
2026-04-07 08:30:00,El Prat de Llobregat,20.818181818181817,18.0,121.0
2026-04-07 08:45:00,El Prat de Llobregat,16.537815126050422,14.0,119.0
2026-04-07 09:00:00,El Prat de Llobregat,19.058823529411764,14.0,170.0
2026-04-07 09:15:00,El Prat de Llobregat,22.481927710843372,17.0,83.0
2026-04-07 09:30:00,El Prat de Llobregat,20.275862068965516,17.0,87.0
2026-04-07 09:45:00,El Prat de Llobregat,21.826666666666668,15.0,75.0
2026-04-07 10:00:00,El Prat de Llobregat,18.75229357798165,15.0,109.0
2026-04-07 10:15:00,El Prat de Llobregat,16.608247422680414,14.0,97.0
2026-04-07 10:30:00,El Prat de Llobregat,19.237113402061855,17.0,97.0
2026-04-07 10:45:00,El Prat de Llobregat,18.354609929078013,14.0,141.0
2026-04-07 11:00:00,El Prat de Llobregat,17.94890510948905,14.0,137.0
2026-04-07 11:15:00,El Prat de Llobregat,14.482758620689655,9.0,116.0
2026-04-07 11:30:00,El Prat de Llobregat,13.583333333333334,8.0,72.0
2026-04-07 11:45:00,El Prat de Llobregat,12.95945945945946,7.5,74.0
2026-04-07 12:00:00,El Prat de Llobregat,12.7,7.0,80.0
2026-04-07 12:15:00,El Prat de Llobregat,14.02127659574468,8.0,47.0
2026-04-07 12:30:00,El Prat de Llobregat,10.897810218978103,8.0,137.0
2026-04-07 12:45:00,El Prat de Llobregat,9.744444444444444,7.0,90.0
2026-04-07 13:00:00,El Prat de Llobregat,9.056603773584905,8.0,106.0
2026-04-07 13:15:00,El Prat de Llobregat,9.47191011235955,8.0,89.0
2026-04-07 13:30:00,El Prat de Llobregat,8.636363636363637,8.0,77.0
2026-04-07 13:45:00,El Prat de Llobregat,9.9453125,10.0,128.0
2026-04-07 14:00:00,El Prat de Llobregat,10.0,10.0,96.0
2026-04-07 14:15:00,El Prat de Llobregat,9.843971631205674,9.0,141.0
2026-04-07 14:30:00,El Prat de Llobregat,8.801801801801801,6.0,111.0
2026-04-07 14:45:00,El Prat de Llobregat,11.256637168141593,9.0,113.0
2026-04-07 15:00:00,El Prat de Llobregat,13.213675213675213,10.0,117.0
2026-04-07 15:15:00,El Prat de Llobregat,14.767605633802816,12.0,142.0
2026-04-07 15:30:00,El Prat de Llobregat,13.733870967741936,11.0,124.0
2026-04-07 15:45:00,El Prat de Llobregat,15.25,15.0,84.0
2026-04-07 16:00:00,El Prat de Llobregat,15.581560283687944,13.0,141.0
2026-04-07 16:15:00,El Prat de Llobregat,14.833333333333334,13.0,102.0
2026-04-07 16:30:00,El Prat de Llobregat,16.486238532110093,12.0,109.0
2026-04-07 16:45:00,El Prat de Llobregat,15.85135135135135,11.0,148.0
2026-04-07 17:00:00,El Prat de Llobregat,19.63157894736842,15.0,57.0
2026-04-07 17:15:00,El Prat de Llobregat,20.477707006369428,16.0,157.0
2026-04-07 17:30:00,El Prat de Llobregat,17.859649122807017,15.0,57.0
2026-04-07 17:45:00,El Prat de Llobregat,18.625,14.5,160.0
2026-04-07 18:00:00,El Prat de Llobregat,20.133757961783438,16.0,157.0
2026-04-07 18:15:00,El Prat de Llobregat,19.055900621118013,15.0,161.0
2026-04-07 18:30:00,El Prat de Llobregat,20.431818181818183,18.0,132.0
2026-04-07 18:45:00,El Prat de Llobregat,21.586666666666666,21.0,75.0
2026-04-07 19:00:00,El Prat de Llobregat,18.06451612903226,14.0,124.0
2026-04-07 19:15:00,El Prat de Llobregat,20.338983050847457,17.0,118.0
2026-04-07 19:30:00,El Prat de Llobregat,21.418803418803417,20.0,117.0
2026-04-07 19:45:00,El Prat de Llobregat,22.68831168831169,20.0,77.0
2026-04-07 20:00:00,El Prat de Llobregat,21.526785714285715,20.0,112.0
2026-04-07 20:15:00,El Prat de Llobregat,26.22641509433962,20.0,106.0
2026-04-07 20:30:00,El Prat de Llobregat,19.991071428571427,17.0,112.0
2026-04-07 20:45:00,El Prat de Llobregat,18.970588235294116,15.0,68.0
2026-04-07 21:00:00,El Prat de Llobregat,21.598039215686274,18.0,102.0
2026-04-07 21:15:00,El Prat de Llobregat,21.096491228070175,18.0,114.0
2026-04-07 21:30:00,El Prat de Llobregat,19.393617021276597,15.0,94.0
2026-04-07 21:45:00,El Prat de Llobregat,22.93103448275862,16.0,58.0
2026-04-07 22:00:00,El Prat de Llobregat,23.13157894736842,16.0,38.0
2026-04-07 22:15:00,El Prat de Llobregat,24.527272727272727,15.0,55.0
2026-04-07 22:30:00,El Prat de Llobregat,29.636363636363637,32.0,22.0
2026-04-07 22:45:00,El Prat de Llobregat,23.966666666666665,14.0,30.0
2026-04-07 23:00:00,El Prat de Llobregat,22.8,14.0,15.0
2026-04-07 23:15:00,El Prat de Llobregat,31.6,32.0,15.0
2026-04-07 23:30:00,El Prat de Llobregat,32.470588235294116,32.0,17.0
2026-04-07 23:45:00,El Prat de Llobregat,27.533333333333335,32.0,15.0
2026-04-08 00:00:00,El Prat de Llobregat,,,
2026-04-08 00:15:00,El Prat de Llobregat,,,
2026-04-08 00:30:00,El Prat de Llobregat,,,
2026-04-08 00:45:00,El Prat de Llobregat,,,
2026-04-08 01:00:00,El Prat de Llobregat,,,
2026-04-08 01:15:00,El Prat de Llobregat,,,
2026-04-08 01:30:00,El Prat de Llobregat,,,
2026-04-08 01:45:00,El Prat de Llobregat,,,
2026-04-08 02:00:00,El Prat de Llobregat,,,
2026-04-08 02:15:00,El Prat de Llobregat,,,
2026-04-08 02:30:00,El Prat de Llobregat,,,
2026-04-08 02:45:00,El Prat de Llobregat,,,
2026-04-08 03:00:00,El Prat de Llobregat,11.0,11.0,2.0
2026-04-08 03:15:00,El Prat de Llobregat,8.4375,7.5,16.0
2026-04-08 03:30:00,El Prat de Llobregat,8.222222222222221,9.0,18.0
2026-04-08 03:45:00,El Prat de Llobregat,7.75,6.5,4.0
2026-04-08 04:00:00,El Prat de Llobregat,9.887096774193548,8.0,62.0
2026-04-08 04:15:00,El Prat de Llobregat,9.8875,8.0,80.0
2026-04-08 04:30:00,El Prat de Llobregat,7.037037037037037,6.0,54.0
2026-04-08 04:45:00,El Prat de Llobregat,8.164383561643836,7.0,146.0
2026-04-08 05:00:00,El Prat de Llobregat,10.506172839506172,8.0,162.0
2026-04-08 05:15:00,El Prat de Llobregat,9.31304347826087,8.0,230.0
2026-04-08 05:30:00,El Prat de Llobregat,10.692307692307692,9.0,234.0
2026-04-08 05:45:00,El Prat de Llobregat,10.481707317073171,8.5,164.0
2026-04-08 06:00:00,El Prat de Llobregat,10.757352941176471,9.0,272.0
2026-04-08 06:15:00,El Prat de Llobregat,10.418803418803419,8.0,234.0
2026-04-08 06:30:00,El Prat de Llobregat,10.848214285714286,9.0,224.0
2026-04-08 06:45:00,El Prat de Llobregat,11.051470588235293,9.0,272.0
2026-04-08 07:00:00,El Prat de Llobregat,12.859281437125748,10.0,334.0
2026-04-08 07:15:00,El Prat de Llobregat,14.026178010471204,10.0,382.0
2026-04-08 07:30:00,El Prat de Llobregat,12.30281690140845,10.0,284.0
2026-04-08 07:45:00,El Prat de Llobregat,13.942622950819672,12.0,244.0
2026-04-08 08:00:00,El Prat de Llobregat,14.766423357664234,12.0,274.0
2026-04-08 08:15:00,El Prat de Llobregat,13.42,10.0,150.0
2026-04-08 08:30:00,El Prat de Llobregat,14.775,11.0,200.0
2026-04-08 08:45:00,El Prat de Llobregat,14.424778761061948,12.0,226.0
2026-04-08 09:00:00,El Prat de Llobregat,12.867816091954023,11.0,174.0
2026-04-08 09:15:00,El Prat de Llobregat,16.489473684210527,15.0,190.0
2026-04-08 09:30:00,El Prat de Llobregat,15.121428571428572,12.0,140.0
2026-04-08 09:45:00,El Prat de Llobregat,16.016483516483518,13.0,182.0
2026-04-08 10:00:00,El Prat de Llobregat,13.293650793650794,11.0,252.0
2026-04-08 10:15:00,El Prat de Llobregat,13.198275862068966,11.0,232.0
2026-04-08 10:30:00,El Prat de Llobregat,12.08433734939759,10.0,166.0
2026-04-08 10:45:00,El Prat de Llobregat,10.201754385964913,8.0,228.0
2026-04-08 11:00:00,El Prat de Llobregat,10.4,9.0,200.0
2026-04-08 11:15:00,El Prat de Llobregat,9.14,8.0,100.0
2026-04-08 11:30:00,El Prat de Llobregat,10.040983606557377,7.0,244.0
2026-04-08 11:45:00,El Prat de Llobregat,9.52247191011236,7.0,178.0
2026-04-08 12:00:00,El Prat de Llobregat,9.993333333333334,7.5,300.0
2026-04-08 12:15:00,El Prat de Llobregat,10.601190476190476,8.0,168.0
2026-04-08 12:30:00,El Prat de Llobregat,9.927631578947368,8.0,304.0
2026-04-08 12:45:00,El Prat de Llobregat,10.474789915966387,9.0,238.0
2026-04-08 13:00:00,El Prat de Llobregat,9.644329896907216,8.0,194.0
2026-04-08 13:15:00,El Prat de Llobregat,9.005208333333334,8.0,192.0
2026-04-08 13:30:00,El Prat de Llobregat,11.040909090909091,9.0,220.0
2026-04-08 13:45:00,El Prat de Llobregat,10.341176470588236,9.0,170.0
2026-04-08 14:00:00,El Prat de Llobregat,10.486206896551725,8.0,290.0
2026-04-08 14:15:00,El Prat de Llobregat,12.176724137931034,10.0,232.0
2026-04-08 14:30:00,El Prat de Llobregat,12.926966292134832,12.0,178.0
2026-04-08 14:45:00,El Prat de Llobregat,13.303030303030303,12.0,330.0
2026-04-08 15:00:00,El Prat de Llobregat,11.964601769911505,11.0,226.0
2026-04-08 15:15:00,El Prat de Llobregat,13.215,11.0,200.0
2026-04-08 15:30:00,El Prat de Llobregat,13.5,11.0,170.0
2026-04-08 15:45:00,El Prat de Llobregat,15.343137254901961,12.0,204.0
2026-04-08 16:00:00,El Prat de Llobregat,14.307407407407407,12.5,270.0
2026-04-08 16:15:00,El Prat de Llobregat,14.166666666666666,13.0,192.0
2026-04-08 16:30:00,El Prat de Llobregat,13.673333333333334,12.5,150.0
2026-04-08 16:45:00,El Prat de Llobregat,17.170454545454547,14.0,176.0
2026-04-08 17:00:00,El Prat de Llobregat,17.644144144144143,14.0,222.0
2026-04-08 17:15:00,El Prat de Llobregat,19.921768707482993,16.0,294.0
2026-04-08 17:30:00,El Prat de Llobregat,20.92361111111111,18.0,144.0
2026-04-08 17:45:00,El Prat de Llobregat,24.725609756097562,24.0,164.0
2026-04-08 18:00:00,El Prat de Llobregat,23.595070422535212,23.0,284.0
2026-04-08 18:15:00,El Prat de Llobregat,24.566666666666666,23.0,210.0
2026-04-08 18:30:00,El Prat de Llobregat,25.985576923076923,24.0,208.0
2026-04-08 18:45:00,El Prat de Llobregat,24.296511627906977,24.0,172.0
2026-04-08 19:00:00,El Prat de Llobregat,22.653846153846153,21.0,208.0
2026-04-08 19:15:00,El Prat de Llobregat,23.009345794392523,19.0,214.0
2026-04-08 19:30:00,El Prat de Llobregat,25.173333333333332,24.0,300.0
2026-04-08 19:45:00,El Prat de Llobregat,20.12987012987013,17.5,154.0
2026-04-08 20:00:00,El Prat de Llobregat,22.429864253393664,21.0,221.0
2026-04-08 20:15:00,El Prat de Llobregat,22.315384615384616,23.0,130.0
2026-04-08 20:30:00,El Prat de Llobregat,23.310924369747898,23.0,238.0
2026-04-08 20:45:00,El Prat de Llobregat,18.376884422110553,17.0,199.0
2026-04-08 21:00:00,El Prat de Llobregat,20.398230088495577,17.0,226.0
2026-04-08 21:15:00,El Prat de Llobregat,19.116564417177916,17.0,163.0
2026-04-08 21:30:00,El Prat de Llobregat,18.586466165413533,17.0,133.0
2026-04-08 21:45:00,El Prat de Llobregat,18.653846153846153,17.0,156.0
2026-04-08 22:00:00,El Prat de Llobregat,17.636363636363637,14.0,99.0
2026-04-08 22:15:00,El Prat de Llobregat,17.079545454545453,12.0,88.0
2026-04-08 22:30:00,El Prat de Llobregat,16.93617021276596,14.5,94.0
2026-04-08 22:45:00,El Prat de Llobregat,16.535714285714285,14.5,56.0
2026-04-08 23:00:00,El Prat de Llobregat,15.74,14.0,50.0
2026-04-08 23:15:00,El Prat de Llobregat,18.069767441860463,16.0,43.0
2026-04-08 23:30:00,El Prat de Llobregat,18.0,15.0,26.0
2026-04-08 23:45:00,El Prat de Llobregat,14.5,10.0,18.0
2026-04-09 00:00:00,El Prat de Llobregat,,,
2026-04-09 00:15:00,El Prat de Llobregat,,,
2026-04-09 00:30:00,El Prat de Llobregat,,,
2026-04-09 00:45:00,El Prat de Llobregat,,,
2026-04-09 01:00:00,El Prat de Llobregat,,,
2026-04-09 01:15:00,El Prat de Llobregat,,,
2026-04-09 01:30:00,El Prat de Llobregat,,,
2026-04-09 01:45:00,El Prat de Llobregat,,,
2026-04-09 02:00:00,El Prat de Llobregat,,,
2026-04-09 02:15:00,El Prat de Llobregat,,,
2026-04-09 02:30:00,El Prat de Llobregat,,,
2026-04-09 02:45:00,El Prat de Llobregat,,,
2026-04-09 03:00:00,El Prat de Llobregat,,,
2026-04-09 03:15:00,El Prat de Llobregat,8.0,8.0,3.0
2026-04-09 03:30:00,El Prat de Llobregat,11.4,12.0,5.0
2026-04-09 03:45:00,El Prat de Llobregat,12.083333333333334,13.5,12.0
2026-04-09 04:00:00,El Prat de Llobregat,11.586206896551724,11.0,29.0
2026-04-09 04:15:00,El Prat de Llobregat,11.631578947368421,15.0,19.0
2026-04-09 04:30:00,El Prat de Llobregat,9.8,10.5,30.0
2026-04-09 04:45:00,El Prat de Llobregat,11.329268292682928,10.0,82.0
2026-04-09 05:00:00,El Prat de Llobregat,11.08,10.0,50.0
2026-04-09 05:15:00,El Prat de Llobregat,11.28169014084507,12.0,71.0
2026-04-09 05:30:00,El Prat de Llobregat,11.729166666666666,10.5,96.0
2026-04-09 05:45:00,El Prat de Llobregat,13.48913043478261,12.0,92.0
2026-04-09 06:00:00,El Prat de Llobregat,13.181818181818182,14.0,77.0
2026-04-09 06:15:00,El Prat de Llobregat,13.687074829931973,14.0,147.0
2026-04-09 06:30:00,El Prat de Llobregat,13.62962962962963,10.5,162.0
2026-04-09 06:45:00,El Prat de Llobregat,14.533333333333333,12.0,120.0
2026-04-09 07:00:00,El Prat de Llobregat,15.166666666666666,13.5,138.0
2026-04-09 07:15:00,El Prat de Llobregat,17.11320754716981,15.0,106.0
2026-04-09 07:30:00,El Prat de Llobregat,15.544554455445544,14.0,101.0
2026-04-09 07:45:00,El Prat de Llobregat,17.333333333333332,15.0,78.0
2026-04-09 08:00:00,El Prat de Llobregat,17.906779661016948,16.0,118.0
2026-04-09 08:15:00,El Prat de Llobregat,16.935714285714287,15.0,140.0
2026-04-09 08:30:00,El Prat de Llobregat,17.048275862068966,16.0,145.0
2026-04-09 08:45:00,El Prat de Llobregat,16.99342105263158,16.5,152.0
2026-04-09 09:00:00,El Prat de Llobregat,18.6875,17.0,176.0
2026-04-09 09:15:00,El Prat de Llobregat,18.233766233766232,18.0,77.0
2026-04-09 09:30:00,El Prat de Llobregat,17.229357798165136,16.0,109.0
2026-04-09 09:45:00,El Prat de Llobregat,22.243243243243242,19.0,37.0
2026-04-09 10:00:00,El Prat de Llobregat,17.4070796460177,16.0,113.0
2026-04-09 10:15:00,El Prat de Llobregat,16.58450704225352,16.0,142.0
2026-04-09 10:30:00,El Prat de Llobregat,16.68695652173913,16.0,115.0
2026-04-09 10:45:00,El Prat de Llobregat,17.308823529411764,16.0,68.0
2026-04-09 11:00:00,El Prat de Llobregat,15.950495049504951,16.0,101.0
2026-04-09 11:15:00,El Prat de Llobregat,13.522388059701493,11.0,67.0
2026-04-09 11:30:00,El Prat de Llobregat,14.907692307692308,14.0,65.0
2026-04-09 11:45:00,El Prat de Llobregat,14.284313725490197,14.0,102.0
2026-04-09 12:00:00,El Prat de Llobregat,14.369047619047619,12.0,84.0
2026-04-09 12:15:00,El Prat de Llobregat,16.043478260869566,17.0,69.0
2026-04-09 12:30:00,El Prat de Llobregat,12.380952380952381,10.0,105.0
2026-04-09 12:45:00,El Prat de Llobregat,14.416666666666666,14.0,96.0
2026-04-09 13:00:00,El Prat de Llobregat,14.815384615384616,13.0,65.0
2026-04-09 13:15:00,El Prat de Llobregat,13.413333333333334,11.0,75.0
2026-04-09 13:30:00,El Prat de Llobregat,14.6125,12.5,80.0
2026-04-09 13:45:00,El Prat de Llobregat,13.401785714285714,11.0,112.0
2026-04-09 14:00:00,El Prat de Llobregat,13.873417721518987,13.0,79.0
2026-04-09 14:15:00,El Prat de Llobregat,16.75206611570248,17.0,121.0
2026-04-09 14:30:00,El Prat de Llobregat,17.851063829787233,18.0,94.0
2026-04-09 14:45:00,El Prat de Llobregat,18.04201680672269,18.0,119.0
2026-04-09 15:00:00,El Prat de Llobregat,15.149425287356323,13.0,87.0
2026-04-09 15:15:00,El Prat de Llobregat,16.181818181818183,12.0,77.0
2026-04-09 15:30:00,El Prat de Llobregat,18.28125,18.5,64.0
2026-04-09 15:45:00,El Prat de Llobregat,17.78048780487805,15.5,82.0
2026-04-09 16:00:00,El Prat de Llobregat,20.0873786407767,16.0,103.0
2026-04-09 16:15:00,El Prat de Llobregat,16.987179487179485,14.0,78.0
2026-04-09 16:30:00,El Prat de Llobregat,17.73846153846154,15.0,130.0
2026-04-09 16:45:00,El Prat de Llobregat,15.548672566371682,14.0,113.0
2026-04-09 17:00:00,El Prat de Llobregat,15.725806451612904,13.0,62.0
2026-04-09 17:15:00,El Prat de Llobregat,18.941176470588236,16.0,68.0
2026-04-09 17:30:00,El Prat de Llobregat,18.0,16.0,112.0
2026-04-09 17:45:00,El Prat de Llobregat,18.125,15.0,96.0
2026-04-09 18:00:00,El Prat de Llobregat,20.493589743589745,17.0,156.0
2026-04-09 18:15:00,El Prat de Llobregat,19.614285714285714,16.0,70.0
2026-04-09 18:30:00,El Prat de Llobregat,21.0625,18.5,112.0
2026-04-09 18:45:00,El Prat de Llobregat,18.95959595959596,15.0,99.0
2026-04-09 19:00:00,El Prat de Llobregat,14.833333333333334,14.0,78.0
2026-04-09 19:15:00,El Prat de Llobregat,19.703703703703702,15.0,135.0
2026-04-09 19:30:00,El Prat de Llobregat,21.362068965517242,17.0,116.0
2026-04-09 19:45:00,El Prat de Llobregat,22.75728155339806,21.0,103.0
2026-04-09 20:00:00,El Prat de Llobregat,24.52212389380531,22.0,113.0
2026-04-09 20:15:00,El Prat de Llobregat,21.714285714285715,19.0,112.0
2026-04-09 20:30:00,El Prat de Llobregat,21.991525423728813,19.0,118.0
2026-04-09 20:45:00,El Prat de Llobregat,20.52542372881356,19.0,118.0
2026-04-09 21:00:00,El Prat de Llobregat,21.487603305785125,18.0,121.0
2026-04-09 21:15:00,El Prat de Llobregat,17.483516483516482,17.0,91.0
2026-04-09 21:30:00,El Prat de Llobregat,17.06896551724138,17.0,58.0
2026-04-09 21:45:00,El Prat de Llobregat,20.47887323943662,20.0,71.0
2026-04-09 22:00:00,El Prat de Llobregat,14.793103448275861,12.0,58.0
2026-04-09 22:15:00,El Prat de Llobregat,16.09090909090909,20.0,33.0
2026-04-09 22:30:00,El Prat de Llobregat,13.028571428571428,10.0,35.0
2026-04-09 22:45:00,El Prat de Llobregat,12.688888888888888,14.0,45.0
2026-04-09 23:00:00,El Prat de Llobregat,13.35,14.0,20.0
2026-04-09 23:15:00,El Prat de Llobregat,15.0,15.0,18.0
2026-04-09 23:30:00,El Prat de Llobregat,16.09090909090909,16.0,11.0
2026-04-09 23:45:00,El Prat de Llobregat,9.0,10.0,7.0
