Price,Close,High,Low,Open,Volume
Ticker,ENR.DE,ENR.DE,ENR.DE,ENR.DE,ENR.DE
Date,,,,,
2020-09-29,21.79415512084961,23.151337430210827,21.358271489371955,21.64555898656247,10261596
2020-09-30,22.78479766845703,22.953207118108327,21.368177337184772,21.784247631058427,5914951
2020-10-01,22.398447036743164,23.547593186389655,22.398447036743164,23.18105431078584,4359302
2020-10-02,22.210224151611328,22.755077242457045,21.774340545233404,22.19041083098,4092751
2020-10-05,21.546491622924805,22.566854894943848,21.546491622924805,22.34891216120072,3199904
2020-10-06,20.813417434692383,21.695089429531777,20.654914646620185,21.695089429531777,4579540
2020-10-07,20.803510665893555,21.269112367242737,20.427067018558382,20.902575380298263,3128761
2020-10-08,20.70444679260254,20.99173428709696,20.35772122285154,20.86294958628831,3609813
2020-10-09,20.843137741088867,21.387990847396797,20.35772081935713,20.496412178210043,3123835
2020-10-12,21.150236129760742,21.18986088164928,20.51622309402377,20.942200041463565,2654532
2020-10-13,21.506866455078125,21.66537113114136,20.803510575901587,21.090798057482264,3883149
2020-10-14,21.625743865966797,22.140878852182297,21.526679154848093,21.64555718609098,3126356
2020-10-15,21.298831939697266,21.665370809110247,21.06107776338975,21.348363351197996,2139903
2020-10-16,21.00164031982422,21.41771061318213,21.00164031982422,21.100703145788536,2182302
2020-10-19,21.07098388671875,21.32855137686484,20.902574446604085,21.041263906874217,1575415
2020-10-20,20.724258422851562,21.2294867450559,20.724258422851562,21.001639233915373,2002759
2020-10-21,20.60538101196289,20.942199903557672,20.328002082062895,20.645007653092748,2048589
2020-10-22,20.219032287597656,20.585571188667117,20.219032287597656,20.506319789719992,1745183
2020-10-23,20.22893714904785,20.38743993284139,20.06052770507944,20.06052770507944,1567884
2020-10-26,19.55034637451172,20.139778465158596,19.525578780100417,20.01099566592981,1791934
2020-10-27,19.24324607849121,19.565205919035723,19.109510890667348,19.515674507952976,1981501
2020-10-28,18.455684661865234,19.0104462947823,18.33185424390196,18.91633396784879,2626525
2020-10-29,18.425966262817383,18.842036535798822,18.20802352156384,18.406152942793934,2152088
2020-10-30,18.624094009399414,18.624094009399414,18.188212300868237,18.326901763627955,2381153
2020-11-02,19.367076873779297,19.367076873779297,18.65381433695163,18.69839336359725,1853487
2020-11-03,19.664270401000977,19.84258650201947,19.312592473715725,19.61473710099462,2150878
2020-11-04,18.856897354125977,19.53548756796634,18.430920381079407,19.282874327172546,2299198
2020-11-05,20.03080940246582,20.248752165564905,18.926242208721654,19.040165976022365,2582055
2020-11-06,20.060527801513672,20.258657226959144,19.66427084012496,20.07043446173617,1481804
2020-11-09,20.971920013427734,21.48705501427156,20.516223085142112,20.684632531975588,2249061
2020-11-10,20.30818748474121,20.902573837804795,20.11005807055264,20.605379716521938,2074641
2020-11-11,21.269113540649414,21.2889268625239,20.51622431494027,20.80351181361321,2465078
2020-11-12,21.992284774780273,22.121067588555412,20.95210804558658,21.100704181327856,2069021
2020-11-13,22.656015396118164,22.665920167359054,21.774341484994395,22.012095674324815,1903756
2020-11-16,22.982925415039062,23.08198823386509,22.55694849187939,22.65601320020757,2038863
2020-11-17,23.250398635864258,23.26030529605833,22.78479694375613,22.78479694375613,1538668
2020-11-18,23.65656089782715,23.745718944951673,23.12161450458214,23.25039730070527,1796127
2020-11-19,23.96366310119629,24.082539244755743,23.270212002257946,23.309838643112585,1244697
2020-11-20,24.78589630126953,24.81561439156582,24.023100491961767,24.082538562056527,1643673
2020-11-23,24.83542823791504,25.231685196117272,24.330199907643856,25.112809053407712,1755848
2020-11-24,25.30103302001953,25.400095847153228,24.676926627864297,25.24159305633654,1808115
2020-11-25,24.82552146911621,25.380283097673487,24.528329224140837,25.291125046280435,1657338
2020-11-26,25.00383949279785,25.33075174318636,24.8750566806155,25.33075174318636,935265
2020-11-27,24.686832427978516,25.013744658830667,24.5283296426867,24.86514853380737,1219865
2020-11-30,24.667020797729492,25.132624414743788,24.28067046829412,24.567956077758215,3525418
2020-12-01,24.766084671020508,25.23168638261486,24.726458028585768,24.766084671020508,982265
2020-12-02,24.567955017089844,24.865149164172962,24.280669420028683,24.756177787958922,936675
2020-12-03,24.270761489868164,24.676925102415986,24.14197868885391,24.647205122411684,1155493
2020-12-04,24.667020797729492,24.74627219580604,24.36982852731803,24.54814464536586,1818740
2020-12-07,25.360469818115234,25.360469818115234,24.87505480947639,25.023650932202205,1512708
2020-12-08,25.439722061157227,26.18270458916064,25.291125933457,25.301032593903983,1560625
2020-12-09,24.736364364624023,25.77654104085992,24.736364364624023,25.677476325575224,1617351
2020-12-10,25.26140594482422,25.469440145644032,24.756177599187463,25.013745102227904,1518468
2020-12-11,24.865148544311523,25.320843579842442,24.756177170814023,25.320843579842442,1377618
2020-12-14,25.410001754760742,25.449628396041764,24.75617728964192,24.884961984302986,1095300
2020-12-15,25.538785934448242,25.756726788592456,25.449627882866015,25.687382057251217,1058490
2020-12-16,25.935043334960938,26.30158031817188,25.687382496222963,25.756727228749238,1517270
2020-12-17,25.637849807739258,26.20251812074416,25.588318394608336,26.113360065506665,1075237
2020-12-18,26.17279815673828,26.668119846389267,25.75672786185136,26.04401534881003,7495159
2020-12-21,25.697288513183594,26.063825487218317,25.27131157889821,25.86569795488939,1469654
2020-12-22,27.10400390625,27.123815338138765,25.4298160387493,25.558598848786744,1215661
2020-12-23,27.946048736572266,28.42155899318585,27.30213091992126,27.61913649799546,1296261
2020-12-28,29.451828002929688,29.62023745750708,28.728658770127723,29.223980473060962,1537601
2020-12-29,29.620235443115234,30.39293792736253,29.620235443115234,29.699486834614788,1352835
2020-12-30,29.719301223754883,30.19480958985441,29.630143168923436,29.887710672936254,753781
2021-01-04,29.84808349609375,30.9080734745932,29.63014263791282,30.33350040347779,1693265
2021-01-05,29.80845832824707,30.11555723537445,29.58061081294296,29.87780305990465,1310223
2021-01-06,30.462284088134766,30.55144214394315,29.848084358066156,30.115558525491306,1907028
2021-01-07,31.561899185180664,31.690681995214273,30.72975858180285,30.739665242498102,2015815
2021-01-08,33.117210388183594,33.78093967678981,32.06712698493555,32.09684885775712,2767418
2021-01-11,32.98842239379883,33.642246845603694,31.74021345090025,33.206365137401924,1844153
2021-01-12,32.04730987548828,34.157381204227796,31.92843373526481,33.40449394413999,2045977
2021-01-13,33.384681701660156,33.74131391284418,31.20526557253907,31.88880812463879,1614817
2021-01-14,32.37422561645508,33.95925349599816,32.36431706651787,33.58281173648453,2027637
2021-01-15,30.34340476989746,31.76993171312201,29.709393634909766,30.828821670812424,4077046
2021-01-18,31.373676300048828,31.551992412928225,30.254250098475957,30.42265766119281,1473481
2021-01-19,31.205265045166016,31.948247546241397,30.967510871562162,31.898716135303925,1494481
2021-01-20,31.264705657958984,31.76993402650472,30.73966585712895,31.28451897974565,1181275
2021-01-21,31.839279174804688,31.86899726836645,31.2349879685194,31.462835503504053,1405464
2021-01-22,31.591615676879883,32.51291429032643,30.987324521110242,32.09684589922384,1299312
2021-01-25,32.5327262878418,33.52336959285646,31.85908853811148,33.28561353689105,2449910
2021-01-26,32.4039421081543,33.47383870826791,32.13646795812589,32.7902923985272,1687313
2021-01-27,31.294424057006836,32.54263303436408,30.323594012616862,32.54263303436408,2278046
2021-01-28,31.264705657958984,31.78974734829138,29.0753846170965,31.026951465026116,2177034
2021-01-29,30.293872833251953,31.482645580243098,30.254248082753417,30.729756425749,1740241
2021-02-01,30.967510223388672,31.20526439201615,30.492001886133707,30.908072153607343,1189854
2021-02-02,30.858539581298828,31.660960155511127,30.452375964135676,31.651055384899337,1642816
2021-02-03,30.90807342529297,31.492553155780083,30.630692605730566,31.373675121824125,1296156
2021-02-04,30.858539581298828,31.591615424215302,30.670316818137152,31.10620041564232,1624932
2021-02-05,30.68022346496582,31.452925948003717,30.452375950949,31.165638473328602,1372956
2021-02-08,31.52227210998535,31.70058822104912,31.00713709791275,31.205266530095226,1465308
2021-02-09,30.868446350097656,31.839276370661818,30.65050549532883,31.65105549633965,1717159
2021-02-10,30.957605361938477,31.383582314039113,30.521721749381744,31.106201489775323,1347139
2021-02-11,31.660961151123047,31.740214434527296,30.789195818201357,30.957605266430832,1137024
2021-02-12,31.01704216003418,31.760026547678226,30.7991013074667,31.69067992733647,1566369
2021-02-15,31.40339469909668,31.49255275104224,30.89816636790591,31.215171935044694,1485440
2021-02-16,32.621883392333984,32.82001280340366,31.225076523848866,31.373672637400073,2159709
2021-02-17,32.7902946472168,33.24599347796293,32.19591012572828,32.28506818185202,1542328
2021-02-18,32.205814361572266,33.315337659116715,32.166191498734975,32.69123127662353,1626428
2021-02-19,32.01759338378906,32.661513085241474,31.631243074519436,32.19590949252959,1397121
2021-02-22,31.135921478271484,31.89871732804482,31.135921478271484,31.89871732804482,1179210
2021-02-23,30.036306381225586,31.700587528808388,29.24379244880628,31.234985829699827,2358958
2021-02-24,30.105649948120117,31.413298830717313,29.897615757480647,30.21462131817061,2018977
2021-02-25,30.194808959960938,30.98732477642978,30.184902299686076,30.610879243993963,1461881
2021-02-26,30.957605361938477,31.036856756084948,29.39238891041896,29.798552541607407,1850125
2021-03-01,31.294424057006836,31.977966618535262,31.205266002980995,31.522271577516314,1508344
2021-03-02,30.373125076293945,31.482646463928965,30.373125076293945,31.185452324088146,1556788
2021-03-03,29.768831253051758,31.423205686528146,29.689579862385315,31.12601344390454,2443753
2021-03-04,29.035757064819336,29.986775696290074,28.639500088999156,29.897617640542745,4008802
2021-03-05,28.233335494995117,29.402294951143343,28.233335494995117,28.996131328515872,2657877
2021-03-08,29.342857360839844,29.422108754616833,28.372025425193886,28.6692195689843,1935360
2021-03-09,30.858539581298828,31.145827056098344,29.491452607103717,29.570703998513547,2467820
2021-03-10,30.779287338256836,31.0269481657478,30.174994314538186,31.0269481657478,1645087
2021-03-11,32.09684371948242,32.10674848950078,30.343402774402627,30.809006324353845,1954605
2021-03-12,31.898717880249023,32.05722067132212,31.353862882620728,31.997780707542976,1136635
2021-03-15,32.14637756347656,32.43366504283289,31.849185313351338,31.997779548911705,1131886
2021-03-16,31.135921478271484,32.35441237211578,30.858540653944193,32.265254317492804,1937721
2021-03-17,30.135372161865234,31.126015557206628,29.848084670255115,31.0566708218531,2079882
2021-03-18,30.452377319335938,30.660413411983708,29.818366159842363,30.28396786890767,2146963
2021-03-19,29.659862518310547,30.333500300680672,29.620235877228897,30.234435587478785,10020335
2021-03-22,29.422107696533203,30.283966336675846,28.679125198029862,29.62023522909944,3087121
2021-03-23,29.749021530151367,29.78864628300801,29.01594565203155,29.41220262810952,1546457
2021-03-24,29.105100631713867,29.8778031206894,28.986224488488237,29.75892697746377,1368129
2021-03-25,28.996131896972656,29.194259437295834,28.629593018646247,28.98622523653116,1961242
2021-03-26,29.80845832824707,30.01649252321981,29.06547582134062,29.144727213163886,1862628
2021-03-29,29.699487686157227,30.135371296653506,29.6796743653387,29.86789713411018,885580
2021-03-30,30.056119918823242,30.095744670979048,29.521171593452856,29.80845907696709,1667004
2021-03-31,30.32359504699707,31.10620234963918,29.85799144020145,29.986776140188365,2965021
2021-04-01,30.809009552001953,31.05667039745293,29.739114775233826,30.33350118221663,2170660
2021-04-06,29.758928298950195,32.28506818394728,29.739114977698677,32.11665684281167,4406889
2021-04-07,29.9471492767334,30.234436767279096,29.29332478939073,29.719301750129627,2287551
2021-04-08,29.986774444580078,30.145277228291917,29.75892692918209,29.996681104749847,1802218
2021-04-09,30.105649948120117,30.254247958007948,29.90752241743998,29.986773807612472,1423220
2021-04-12,29.253698348999023,30.12546365200765,29.253698348999023,30.036305600739446,1934968
2021-04-13,29.223979949951172,29.61033026668267,29.223979949951172,29.223979949951172,1640204
2021-04-14,29.927335739135742,29.957055720891923,29.204166521922794,29.35276265169908,1910582
2021-04-15,29.223979949951172,29.877804434959387,29.184353307464704,29.877804434959387,2522930
2021-04-16,29.223979949951172,29.669770230412368,29.08529048025316,29.174448536345402,6358723
2021-04-19,28.490903854370117,29.313137784733446,28.490903854370117,29.223979729314337,2067047
2021-04-20,27.629043579101562,28.78809642251882,27.52007409091862,28.689031705486975,3214074
2021-04-21,27.995580673217773,28.08473872388902,27.47053902920954,27.757826501261835,1585218
2021-04-22,28.80790901184082,28.966411799263422,28.064926487234022,28.20361595385323,3046470
2021-04-23,28.877254486083984,29.04566393822934,28.51071748932795,28.65931362016154,1374870
2021-04-26,28.63949966430664,29.095196596869087,28.530528289008654,28.97631856113471,1100924
2021-04-27,28.669218063354492,28.906972232199255,28.500808624235017,28.689029493631594,1630822
2021-04-28,28.480995178222656,28.80790739512304,28.094644891750068,28.639497956749985,1554631
2021-04-29,27.77764129638672,28.609779997670763,27.74792131475067,28.51071717122187,1337034
2021-04-30,27.539884567260742,28.064926226662227,27.46063317428526,27.747920654760293,1865657
2021-05-03,27.767732620239258,27.846984009347057,27.104001527898117,27.698386001455543,1722173
2021-05-04,26.68793296813965,27.89651720164104,26.499710198417354,27.89651720164104,2670638
2021-05-05,27.00493812561035,27.104002839163297,25.915230055532458,26.66811923323169,3001287
2021-05-06,25.75672721862793,27.272412231329536,25.5784111124863,27.252598910757744,4494131
2021-05-07,25.984575271606445,26.370927472700707,25.796354390806517,26.252049436325024,2704883
2021-05-10,25.439722061157227,26.20251791005461,25.132623145309786,26.073733213746074,2083327
2021-05-11,24.78589630126953,25.32084271112672,24.488702171791374,25.172246591138734,2753700
2021-05-12,24.340106964111328,24.96421333675648,24.300482212397014,24.815615321696608,3049751
2021-05-13,24.03300666809082,24.419356950182483,23.59712308733219,24.28066749291925,2210289
2021-05-14,24.964214324951172,24.964214324951172,23.874506211889386,24.38964123108257,2528029
2021-05-17,24.320293426513672,25.201967290693318,24.211323943144862,25.17224731004606,2605289
2021-05-18,24.83542823791504,25.291125156974275,24.468891260141305,24.657112134348477,3437715
2021-05-19,24.518423080444336,24.766083919640742,24.092446134706154,24.726457278408237,2551284
2021-05-20,25.291126251220703,25.340657664575676,24.48870375045355,24.726457935661568,2276836
2021-05-21,25.67747688293457,25.875606317804593,25.16234186387437,25.23168659922818,2402862
2021-05-25,25.518972396850586,26.073732132357584,25.2514982443821,25.99448074157087,2236550
2021-05-26,25.54869270324707,25.816164969629305,25.370376599324096,25.756726898155723,1206068
2021-05-27,25.6180362701416,26.034106530544207,25.459533493750335,25.647754359776126,3721676
2021-05-28,25.875606536865234,25.994482687191784,25.53878762843611,25.835979893754825,1829706
2021-05-31,25.75672721862793,26.162890842838422,25.65766250527122,25.93504332476956,1216629
2021-06-01,26.192609786987305,26.469988706004685,25.70719478920472,26.004387028009674,2073493
2021-06-02,25.310937881469727,26.321394593659328,25.201968393333267,26.182705123575296,2337627
2021-06-03,25.221778869628906,25.509066349064888,24.81561524591077,25.370376884234965,1945656
2021-06-04,25.152435302734375,25.30103332422621,24.785898303127095,25.241593359828542,1837547
2021-06-07,24.865148544311523,25.14252747393826,24.647205797316524,25.14252747393826,1753934
2021-06-08,25.04346466064453,25.221778877120723,24.825521913558774,24.934493287101652,1541354
2021-06-09,25.09299659729004,25.11280991825805,24.77599101981102,25.033558523888296,1308835
2021-06-10,24.49860954284668,25.221778733414624,24.47879622240591,25.221778733414624,2802291
2021-06-11,24.16179084777832,24.61748777407155,23.884411917384593,24.53823638117302,3626461
2021-06-14,25.192062377929688,25.439723231995846,24.35992175710722,24.35992175710722,2238039
2021-06-15,25.410001754760742,25.796353949241684,25.2217789876804,25.50906646846104,2322754
2021-06-16,25.99448013305664,26.113358161204953,25.281217632673233,25.489251820055085,1968157
2021-06-17,25.647756576538086,26.063826872902077,25.14252822456022,26.014295459562057,2221106
2021-06-18,25.320842742919922,25.816164403169935,25.12271521252123,25.657661623050107,3988260
2021-06-21,25.192062377929688,25.400096588384123,24.934494862960605,25.261407114747833,1618102
2021-06-22,24.934494018554688,25.162341543098933,24.756177907345347,25.12271679033147,1532452
2021-06-23,24.667020797729492,25.112811092849057,24.488704679681668,25.112811092849057,1572899
2021-06-24,25.271312713623047,25.469440254848234,24.726457723873633,24.875055741670383,1899779
2021-06-25,25.13262176513672,25.39018736460486,24.845334296457537,25.39018736460486,1592535
2021-06-28,25.112810134887695,25.429815715101288,25.00383875812591,25.112810134887695,1299162
2021-06-29,26.01429557800293,26.172798368815403,25.132623567920753,25.261406376892523,2278767
2021-06-30,25.182153701782227,25.984574275680842,25.172247041672094,25.93504286463239,2786123
2021-07-01,25.627944946289062,25.845885808599345,25.271312726597426,25.271312726597426,2012527
2021-07-02,25.766633987426758,26.053919578918613,25.61803786151702,25.746820666771523,1818546
2021-07-05,26.024202346801758,26.192611798927896,25.400095952068646,25.85579289467562,1475417
2021-07-06,26.786996841430664,26.82662159252038,25.89541632313426,25.97466771481592,2656329
2021-07-07,26.410551071166992,27.39128774278021,26.400644411110026,26.84643466616249,2949489
2021-07-08,25.935043334960938,26.430365012436884,25.64775585506381,26.3709269402004,2524472
2021-07-09,25.637849807739258,26.083640083926735,25.31093756836921,25.984575368162595,2179848
2021-07-12,25.935043334960938,26.08363946030327,25.509066390011263,25.657662515353596,1434069
2021-07-13,25.99448013305664,26.103451501400748,25.598223188399192,25.895415424516738,1242871
2021-07-14,25.538785934448242,25.915229571515926,25.449627882866015,25.8260715199337,1772595
2021-07-15,22.705547332763672,24.17169914545377,22.081442807599096,24.17169914545377,12863936
2021-07-16,22.48760414123535,23.11170860204927,22.210223331150175,22.814516361566866,5381301
2021-07-19,21.87340545654297,22.43807187312252,21.576213202396556,22.408353781409243,3562675
2021-07-20,21.7446231842041,22.190411576369748,21.378084298221296,22.041815445647863,3078424
2021-07-21,22.814517974853516,22.85414272795214,21.744623188158172,21.813967923207507,2556870
2021-07-22,22.87395477294922,23.121615606879374,22.576762528033917,22.982926144519194,1987790
2021-07-23,22.517324447631836,23.012646156851204,22.467793032510848,22.963114741730212,1792067
2021-07-26,22.566856384277344,22.83432865502013,22.309288884356448,22.438071689565767,1460084
2021-07-27,22.329103469848633,22.556951001703652,22.11116070937656,22.477699604123544,1278056
2021-07-28,23.04236602783203,23.11171076446593,22.37863486511817,22.398448186871384,1583837
2021-07-29,22.87395477294922,23.359369780712054,22.87395477294922,23.17114701786452,1287198
2021-07-30,22.725358963012695,23.081989283915025,22.477698125676685,22.78479703491271,1948705
2021-08-02,23.081989288330078,23.458434819274068,22.943299824036103,22.98292646497852,1992769
2021-08-03,23.349464416503906,23.448529133474477,23.032458833799936,23.0621788157418,1456635
2021-08-04,22.705547332763672,23.359371840841753,22.428166494078095,23.131524307012015,2691463
2021-08-05,22.95320701599121,22.9730203369214,22.33900729367128,22.586668136791815,1726836
2021-08-06,23.41880989074707,23.59712600902218,22.9036767473441,22.992832916979282,1830874
2021-08-09,23.706096649169922,23.844786119270466,23.44852914076726,23.48815389386642,1686532
2021-08-10,23.587217330932617,23.894318125922634,23.418807888019526,23.795253414296894,1456794
2021-08-11,23.309839248657227,23.616938165249596,23.21077453344935,23.428715395304856,1936811
2021-08-12,23.37918472290039,23.537687516452067,23.25040002220069,23.37918472290039,1195417
2021-08-13,23.66646957397461,23.834879022947945,23.29002592365307,23.379183978374382,1401676
2021-08-16,23.3593692779541,23.577310126901153,23.11170844935429,23.4980587373293,1192560
2021-08-17,23.062177658081055,23.22068044147662,22.83432825363549,23.091895749028836,1284223
2021-08-18,23.6169376373291,23.745720441569002,23.11170930161458,23.21077401460802,1429349
2021-08-19,23.567407608032227,23.6565637765037,23.14143063982448,23.428716245904972,1463968
2021-08-20,23.339557647705078,23.68628321074425,23.052272048274205,23.517873759525358,1041453
2021-08-23,23.438621520996094,23.666469038124006,23.091895970430613,23.49805959296376,1542572
2021-08-24,24.023101806640625,24.09244654046314,23.488153478005884,23.626844835153197,1490970
2021-08-25,24.082538604736328,24.548142174893275,24.082538604736328,24.13207190448823,1735426
2021-08-26,24.09244728088379,24.241043413570516,23.716003618777254,24.05282252726842,1155925
2021-08-27,24.05282211303711,24.082540205361255,23.74572130267069,24.023102131210656,1446988
2021-08-30,24.48870277404785,24.48870277404785,24.072632494147665,24.102352474677044,1103759
2021-08-31,24.350013732910156,24.79580400107154,24.31038898101929,24.548143160871273,1996378
2021-09-01,24.855243682861328,25.043466462660266,24.558051411180802,24.577862843657755,1644608
2021-09-02,24.954307556152344,25.12271700825509,24.637301973253606,24.865149499774287,1590782
2021-09-03,25.04346466064453,25.36047023149409,24.815615253281944,25.073182751972773,1528769
2021-09-06,24.775991439819336,25.211875060993332,24.7462714578635,25.182155079037496,1092947
2021-09-07,24.726457595825195,24.766084237566393,24.250949231944467,24.766084237566393,1641138
2021-09-08,22.725358963012695,24.161790685860197,22.66591900161044,24.161790685860197,6081550
2021-09-09,22.705547332763672,22.8343301463841,22.358821756782294,22.556951197200902,2778164
2021-09-10,22.566856384277344,22.913580048111,22.299382224032307,22.814517223874102,2523257
2021-09-13,23.052270889282227,23.072084209488843,22.547042561026753,22.56685588123337,1753618
2021-09-14,22.844236373901367,23.17114862173747,22.774891637921336,23.081990564191045,1534664
2021-09-15,22.28947639465332,22.963114205789882,22.28947639465332,22.91358090232259,2128876
2021-09-16,22.586668014526367,22.76498412292826,22.22013102681338,22.339007172746463,1862392
2021-09-17,22.685731887817383,22.992830791174782,22.398446304548127,22.784796598755893,5185641
2021-09-20,22.220130920410156,22.428165119547995,22.031908152498115,22.2894756534561,2368986
2021-09-21,22.675825119018555,22.774889829481943,22.20031677619692,22.289474826663753,1593300
2021-09-22,23.250398635864258,23.349463348302773,22.755076963173906,22.903674976582796,2007282
2021-09-23,23.775440216064453,23.815066856718964,23.398996577357746,23.57731079179636,2239365
2021-09-24,23.081989288330078,23.924036513334016,23.081989288330078,23.775440388804437,2189259
2021-09-27,23.844783782958984,23.894317081357563,23.408900204562165,23.468340162640455,1719328
2021-09-28,23.45843505859375,24.003288150594805,23.220680879020442,23.89431866589595,2077793
2021-09-29,23.36927604675293,23.725908246239467,23.260304677020446,23.63675019636783,1604812
2021-09-30,23.012643814086914,23.498058812964736,22.953205744092248,23.47824738263463,1825496
2021-10-01,22.497509002685547,23.23058672591152,22.23003674097033,22.84423454431898,2399982
2021-10-04,22.051721572875977,22.596574668843918,21.952656858290275,22.487605183351693,2598010
2021-10-05,22.002187728881836,22.081441010200074,21.625744090131327,21.99228295821928,2656403
2021-10-06,21.43752098083496,21.774339863005384,21.061077348145652,21.764433203000113,3347033
2021-10-07,21.95265769958496,22.071535739544032,21.64555877315234,21.784248245185974,2211456
2021-10-08,21.804061889648438,22.091347498758424,21.496962958668142,22.041816083585026,1991503
2021-10-11,22.329103469848633,22.378634884772815,21.952657914216342,22.12106737026187,2586326
2021-10-12,22.715452194213867,22.79470358620253,22.091345828988697,22.23994384228189,2000948
2021-10-13,23.20086669921875,23.290024749445,22.56685557716736,22.685731717800902,1918884
2021-10-14,23.32965087890625,23.65656311922651,23.22068139180103,23.379184181683442,2144470
2021-10-15,23.686283111572266,23.7556278459893,23.210774741710633,23.438622266081545,2986855
2021-10-18,23.45843505859375,23.86459868488594,23.43862173792041,23.706095898503733,1256517
2021-10-19,23.765535354614258,23.80516199826794,23.47824974613453,23.517874500285846,1283951
2021-10-20,24.082538604736328,24.211323294589086,23.64665690393271,23.73581306448176,1613205
2021-10-21,23.8745059967041,24.052822108625495,23.646658471250014,23.8645993360971,1126014
2021-10-22,23.686283111572266,24.241042876410834,23.686283111572266,23.84478590152614,1366925
2021-10-25,23.478248596191406,23.844785584523486,23.091896397500648,23.795254171884753,1506298
2021-10-26,24.439172744750977,24.46889272696108,23.53768740223684,23.577312155681312,2197570
2021-10-27,24.538236618041992,24.61748801170554,24.250949135072716,24.389640491110622,1183037
2021-10-28,24.99393081665039,25.033557456897427,24.429264419645552,24.548142450884455,1820864
2021-10-29,24.5877685546875,24.954307439134308,24.429265763981398,24.914680796706627,1971893
2021-11-01,24.79580307006836,24.894865890827166,24.617486969499005,24.676925039854726,1163534
2021-11-02,24.280670166015625,24.91468134273498,24.151885464805535,24.845336606469093,1914002
2021-11-03,22.69563865661621,23.70609531192703,22.447977822834275,23.567405849649855,6076612
2021-11-04,23.151336669921875,23.785347829794024,22.89376916384824,22.973020558832257,3615028
2021-11-05,22.606481552124023,23.101803240433497,22.45788542353164,23.081989919420568,4622735
2021-11-08,23.73581314086914,23.864597831136358,22.774889796616,22.784796456598265,3745805
2021-11-09,24.350013732910156,24.379733713955,23.488153177632235,23.62684453300592,2978858
2021-11-10,25.21187400817871,25.31093683155679,24.280668730307273,24.429264854876635,3654649
2021-11-11,24.09244728088379,25.35056485733595,24.01319588415071,25.31093821421824,3910680
2021-11-12,24.221229553222656,24.508515129014963,23.894317338285394,24.13207150464866,2257371
2021-11-15,24.201417922973633,24.241042675382346,23.91413043762574,24.211324583451383,1705387
2021-11-16,24.40945053100586,24.657111358275003,24.082538314590682,24.181603023398768,1800186
2021-11-17,24.36982536315918,24.49860815974912,24.221229247247052,24.350012043836994,1490470
2021-11-18,24.25094985961914,24.59767542581964,24.132073710323287,24.419359312373537,1297978
2021-11-19,24.0726318359375,24.449077354341046,23.706094866941715,24.250947935233686,3066443
2021-11-22,23.706096649169922,24.12216694897387,23.389091066367357,24.04291555327323,1985053
2021-11-23,23.4881534576416,23.607031493735906,22.844235643345023,23.458435365744737,2823394
2021-11-24,23.557498931884766,23.83487785340513,23.23058671044849,23.686281732661765,1718282
2021-11-25,24.280670166015625,24.340108241457475,23.5971256851761,23.666470421441986,1860895
2021-11-26,23.953758239746094,24.350015230537526,23.41880988505088,23.735815477684024,3003160
2021-11-29,23.864599227905273,24.389640900682135,23.765534511786694,23.9240373017755,1928698
2021-11-30,23.220680236816406,23.62684385187551,22.86404803256853,23.57731055156208,3682426
2021-12-01,23.448528289794922,23.706095788850185,23.319745485018416,23.438621629504077,1954210
2021-12-02,22.982925415039062,23.31974428965359,22.65601320020757,23.29993097008752,3069326
2021-12-03,22.646106719970703,23.37918254420788,22.537135350995527,23.18105312598068,2422519
2021-12-06,22.844236373901367,22.963114413797378,22.477699372434824,22.784798298704533,1399749
2021-12-07,22.844236373901367,22.844236373901367,22.844236373901367,22.844236373901367,0
2021-12-08,22.66592025756836,23.597125586612076,22.63620216472274,23.379184717900714,2193317
2021-12-09,22.893770217895508,23.01264637109354,22.38854184304791,22.735267420629878,1825441
2021-12-10,22.44797706604004,22.81451591906106,22.44797706604004,22.685731231714964,1583040
2021-12-13,21.992284774780273,22.67582737709062,21.913033376418102,22.48760648691945,1977913
2021-12-14,21.73471450805664,22.25975424721957,21.655463119720604,22.071533380860323,2338246
2021-12-15,21.605932235717773,22.051722525867653,21.487056084679377,21.724810276258527,2002503
2021-12-16,22.180505752563477,22.31919711737189,21.98237820062664,22.012096294190854,2812409
2021-12-17,22.220130920410156,22.299382313820132,21.913032007134284,22.299382313820132,2848382
2021-12-20,21.605932235717773,21.764435030103876,21.31864662945635,21.7149036154216,2290484
2021-12-21,22.170597076416016,22.408353140333965,21.75452679881293,21.863498170650136,1832667
2021-12-22,22.457883834838867,22.517321904170657,22.08144020973467,22.140878279066456,1270122
2021-12-23,22.566856384277344,22.685732529162525,22.230037491265573,22.54704306362906,1286019
2021-12-27,22.556949615478516,22.70554574062153,22.47769822276876,22.51732297437251,832970
2021-12-28,22.656015396118164,22.804611528261884,22.556950678188237,22.626295413888485,1187371
2021-12-29,22.53713607788086,22.774890253720436,22.44797802575324,22.76498359353934,1025582
2021-12-30,22.279569625854492,22.547043794773046,22.160693477114457,22.50741715219149,1020022
2022-01-03,23.101802825927734,23.23058752069875,22.39844694810939,22.408353608438105,2627879
2022-01-04,23.230588912963867,23.765535376259223,23.101804210474473,23.131524193241802,2487628
2022-01-05,23.32965087890625,23.418808934402893,23.04236528080774,23.349464200017128,1763539
2022-01-06,22.606481552124023,23.081989919420568,22.47769874454457,22.94330045133465,2479475
2022-01-07,22.378633499145508,22.695639069837778,22.15078598139822,22.547042944763557,2145365
2022-01-10,21.843687057495117,22.51732489782191,21.813968963629318,22.477700142833378,2441041
2022-01-11,22.249849319458008,22.249849319458008,21.823874254931997,21.982377043942208,1723046
2022-01-12,22.180505752563477,22.497511347264325,21.92293823449344,22.467793253700115,2103574
2022-01-13,22.517324447631836,22.88386334383521,22.041816060261812,22.101254136307475,2210741
2022-01-14,22.11115837097168,22.368725858243117,22.041813641610553,22.28947446904438,2238600
2022-01-17,22.398447036743164,22.626294556698426,22.121066214948325,22.249849020726696,1705979
2022-01-18,22.220130920410156,22.398447027958166,21.704995918494184,22.388540367594135,3306130
2022-01-19,22.190410614013672,22.517322843225173,21.903125025677376,21.962563097487948,2260007
2022-01-20,22.725358963012695,22.725358963012695,22.21022396787326,22.30928868070811,2194320
2022-01-21,18.946054458618164,21.60593137904196,18.77764501007258,21.4177104991104,21235798
2022-01-24,17.87120819091797,19.064933435580002,17.638406382744513,18.931196347235826,9464957
2022-01-25,18.35662269592285,18.876710097744112,17.98017714962202,18.168399922772437,5304058
2022-01-26,19.218481063842773,19.510720934542157,18.45568521293221,18.50026424031016,5327978
2022-01-27,19.49586296081543,19.902026615040555,18.604284253723755,18.827177513369882,4498746
2022-01-28,19.208574295043945,19.67913027260145,18.629048831901088,19.664271226726694,4008319
2022-01-31,19.57511329650879,19.68903705777577,19.213528691747772,19.57511329650879,2868879
2022-02-01,19.466142654418945,19.981277681782775,19.352218888858122,19.812868226279306,2303684
2022-02-02,19.426517486572266,19.753429729760015,19.178856639020868,19.560254570990296,3035592
2022-02-03,19.471094131469727,19.624642628875932,19.228385699195602,19.352216107814584,3454248
2022-02-04,19.114463806152344,19.38193796822343,18.80736489201643,19.322498005872788,3352630
2022-02-07,18.886615753173828,19.352217441446772,18.554749252663733,19.352217441446772,3003360
2022-02-08,18.926240921020508,19.059978001231475,18.66372103551505,18.842037142463003,2312406
2022-02-09,19.124370574951172,19.471096132619603,18.812317384099355,19.144183895847032,2779224
2022-02-10,19.119417190551758,19.61473889900649,18.70830115507556,19.317546629734597,3610567
2022-02-11,18.648860931396484,19.05997691952587,18.3912934459229,18.728112320042037,3875842
2022-02-14,18.48540496826172,18.638955369463797,17.80681479492128,18.22783746761739,3670389
2022-02-15,19.21352767944336,19.248200044545555,18.366528092800234,18.435872823004626,3051333
2022-02-16,18.90147590637207,19.451283293073125,18.79250452825047,19.40670426470541,2188711
2022-02-17,18.787551879882812,19.233342157324923,18.67362811775923,19.11941650569904,2143355
2022-02-18,18.247650146484375,18.757830854900984,18.16344448120562,18.698392784382108,2496317
2022-02-21,18.198118209838867,18.619140855553777,17.866251722573562,18.495310443343257,2215814
2022-02-22,18.04952049255371,18.6141887684557,17.737469209228866,17.83157964379478,2914711
2022-02-23,17.975223541259766,18.366528107149925,17.975223541259766,18.079240636647626,2106563
2022-02-24,19.30268669128418,19.3868904708699,16.959815345280713,17.14308383988079,9049601
2022-02-25,19.35247230529785,19.61634832289131,18.769957312142296,19.457027885485545,5047160
2022-02-28,21.33900260925293,21.398747300903217,18.98404527989702,19.128428126447755,11385929
2022-03-01,20.592187881469727,21.49832364324382,20.542399054353286,21.34896096039361,4396678
2022-03-02,20.084352493286133,20.900870235127545,19.925032050939002,20.393035612927513,4378311
2022-03-03,19.40226173400879,20.29345986502069,19.352472908736107,20.13413942264708,3516233
2022-03-04,19.063705444335938,19.855329728499715,18.919320698971276,19.138385833861125,3746275
2022-03-07,19.735837936401367,19.964860830493944,18.346761075677744,18.660424021478118,5582172
2022-03-08,20.91082763671875,21.10002137093605,19.53668837054699,19.59643306057634,5606368
2022-03-09,20.6419734954834,21.936454429374315,20.24367240015136,21.62776941864873,5649707
2022-03-10,20.402992248535156,21.35891674895046,20.193884891748628,20.44282330654176,4777514
2022-03-11,21.289213180541992,21.6875161782617,20.701720247329273,20.741549407551574,5035067
2022-03-14,21.368873596191406,21.91653927345344,21.299171140726113,21.577982861836755,3683129
2022-03-15,21.060190200805664,21.269299463684295,20.622058044642845,21.18963924431373,2723583
2022-03-16,21.229469299316406,21.607856781714837,20.79133712468384,21.468449967502483,4003785
2022-03-17,20.7116756439209,21.58793993996144,20.482652754893028,21.37883068096904,3038358
2022-03-18,21.358917236328125,21.358917236328125,19.934989167339662,20.622057840387,12506299
2022-03-21,21.259342193603516,21.66760106478482,20.870996953291197,21.259342193603516,2438403
2022-03-22,21.30912971496582,21.56802591599035,20.940701893728654,21.40870546909057,2778180
2022-03-23,20.98052978515625,21.378830878282848,20.741549129280294,21.309128424391872,1960125
2022-03-24,21.139850616455078,21.508280321495626,20.6917625905538,20.980530176234698,2212601
2022-03-25,20.512527465820312,21.34896076107169,20.45278277308794,21.229469476357405,1668012
2022-03-28,20.47269630432129,20.950659541590102,20.273546696438018,20.67184781145409,1860817
2022-03-29,20.671846389770508,20.990487259869187,20.373119149615945,20.711675548908143,2081085
2022-03-30,20.492610931396484,20.731591589869833,20.243672508080564,20.56231338604503,1803827
2022-03-31,20.632015228271484,20.88095364419814,20.29345883067128,20.661888521912463,1556442
2022-04-01,20.821208953857422,20.97057162354698,20.432865632814693,20.7415487367397,1737171
2022-04-04,20.821208953857422,21.040274076118813,20.303416592967523,20.950657993704592,1424140
2022-04-05,21.04027557373047,21.70743065179691,20.751507978343245,20.77142350885258,2624286
2022-04-06,19.691028594970703,20.980529683451056,19.481921234311443,20.861040305717026,3680741
2022-04-07,19.088598251342773,19.85034921396168,19.083620318578678,19.696008608032034,2590291
2022-04-08,19.50681495666504,19.531708419087643,19.118471624973978,19.218045474664397,2086718
2022-04-11,19.33255958557129,19.63626287794566,18.889447580214597,19.29770645770095,2344274
2022-04-12,19.292728424072266,19.347495182833423,19.018896529515978,19.20809026907739,1567689
2022-04-13,18.90438461303711,19.123449743432193,18.605657363317132,18.969107236114397,2627315
2022-04-14,18.9442138671875,19.003958557727334,18.65544628020375,18.869533478825076,2009363
2022-04-19,19.47694206237793,19.51179329033551,18.695275550901645,18.959151575901235,2186557
2022-04-20,19.173236846923828,19.596433313147223,18.142631909199576,18.81974473575743,4055642
2022-04-21,19.173236846923828,19.173236846923828,19.173236846923828,19.173236846923828,0
2022-04-22,19.173236846923828,19.173236846923828,19.173236846923828,19.173236846923828,0
2022-04-25,18.685317993164062,18.94421418889922,18.311910347262305,18.471230790907097,1646540
2022-04-26,18.685317993164062,18.685317993164062,18.685317993164062,18.685317993164062,0
2022-04-27,18.685317993164062,18.685317993164062,18.685317993164062,18.685317993164062,0
2022-04-28,18.082887649536133,18.511062058847482,17.928545137104276,18.406508372643415,1273069
2022-04-29,18.351741790771484,18.545913466812546,18.162548047776546,18.202379109143706,1477454
2022-05-02,18.351741790771484,18.351741790771484,18.351741790771484,18.351741790771484,0
2022-05-03,17.789138793945312,17.903650236201262,17.161814827836764,17.196666053773384,1781833
2022-05-04,17.729394912719727,17.883735520528926,17.594967935458858,17.80407530058724,1491426
2022-05-05,17.27632713317871,18.18744078414512,17.181729315839675,17.923566660514048,1765548
2022-05-06,17.27632713317871,17.27632713317871,17.27632713317871,17.27632713317871,0
2022-05-09,17.27632713317871,17.27632713317871,17.27632713317871,17.27632713317871,0
2022-05-10,16.61414909362793,16.98257877924698,16.554404406507047,16.833216111820093,1631355
2022-05-11,16.61414909362793,16.61414909362793,16.61414909362793,16.61414909362793,0
2022-05-12,15.5586519241333,15.78269689169072,15.006008303908166,15.70801460275508,2634176
2022-05-13,15.5586519241333,15.5586519241333,15.5586519241333,15.5586519241333,0
2022-05-16,16.494661331176758,16.668917476994157,16.320403286109812,16.320403286109812,1449992
2022-05-17,16.728660583496094,16.967643131166902,16.549426521617033,16.678873660626802,1847595
2022-05-18,16.952707290649414,17.61488444903705,16.758535612400276,16.927813826636626,3696191
2022-05-19,16.952707290649414,16.952707290649414,16.952707290649414,16.952707290649414,0
2022-05-20,16.863088607788086,17.375903061774494,16.863088607788086,17.271347478418363,1921894
2022-05-23,16.738618850708008,17.485434111676085,16.36023328748726,17.2066242964343,3582452
2022-05-24,17.1767520904541,17.41075482814188,16.509597005753438,16.808322369365865,2932981
2022-05-25,17.1767520904541,17.1767520904541,17.1767520904541,17.1767520904541,0
2022-05-26,17.430667877197266,17.430667877197266,16.86308856574818,16.907897558717817,1034123
2022-05-27,17.430667877197266,17.430667877197266,17.430667877197266,17.430667877197266,0
2022-05-30,17.430667877197266,17.430667877197266,17.430667877197266,17.430667877197266,0
2022-05-31,17.858842849731445,18.018163296678765,17.644755643036696,17.923567374819275,5583461
2022-06-01,17.769224166870117,18.22229202628949,17.674628248705446,18.087866947568443,1226298
2022-06-02,17.769224166870117,17.769224166870117,17.769224166870117,17.769224166870117,0
2022-06-03,17.769224166870117,17.769224166870117,17.769224166870117,17.769224166870117,0
2022-06-06,18.560848236083984,18.73510627196802,18.19242043312815,18.351740872122473,887876
2022-06-07,18.695276260375977,18.760000785860374,18.381613297604947,18.39157106300636,1489824
2022-06-08,18.37165641784668,18.889446895405523,18.321867593586585,18.77493544848148,1556128
2022-06-09,17.14687728881836,18.496124937404836,17.032365846179907,18.182462003678157,3511367
2022-06-10,16.773469924926758,17.45556255786153,16.733640765647387,17.236495534452065,2601529
2022-06-13,15.90716552734375,16.614149733370414,15.762780786930046,16.614149733370414,2133441
2022-06-14,15.538736343383789,16.340318391791676,15.538736343383789,16.146146720289046,1573090
2022-06-15,15.75780200958252,15.902186750958695,15.568609225653958,15.73788742951754,1334828
2022-06-16,15.284819602966309,15.897207897676347,14.90643308479087,15.732908575934028,2011111
2022-06-17,15.244989395141602,15.4889489349711,15.08566800723025,15.185243755971754,3480015
2022-06-20,15.613418579101562,15.658227572315482,15.020944851870098,15.384394730494337,1287005
2022-06-21,15.703036308288574,15.956952666174901,15.409288890753709,15.668184131096103,1309265
2022-06-22,15.543715476989746,15.742866983888206,15.24499011589158,15.508864248169944,1245594
2022-06-23,15.15537166595459,15.459075900434357,14.896475474574515,15.459075900434357,1294590
2022-06-24,15.633333206176758,15.673163316971644,15.070732772495885,15.235032098227887,1253131
2022-06-27,15.578567504882812,16.001762078890376,15.399331530256243,15.722951301401629,1567761
2022-06-28,15.52380084991455,15.837462857984852,15.518821967294418,15.66818464739937,1119383
2022-06-29,14.547961235046387,15.54869381887102,14.438428669761375,15.434182371124228,2850087
2022-06-30,13.925615310668945,14.498174454366376,13.567144316465766,14.498174454366376,3935253
2022-07-01,14.159618377685547,14.408556811437139,13.592038102987075,13.895743296043943,2322295
2022-07-04,14.035148620605469,14.338852852348184,13.761315784243516,14.299022742465956,1513295
2022-07-05,13.313226699829102,14.209405589155589,13.30326893503526,14.164596597208028,2899124
2022-07-06,13.746379852294922,13.796166776580721,13.323184348492662,13.527313776863508,1637310
2022-07-07,14.338852882385254,14.338852882385254,13.801145923036426,13.940551782728614,1605649
2022-07-08,14.776985168457031,14.826773043747602,14.065021115788657,14.348810770432753,2356134
2022-07-11,14.378683090209961,14.97613569338582,14.274129406947791,14.408556385106069,1583316
2022-07-12,14.378683090209961,14.378683090209961,14.378683090209961,14.378683090209961,0
2022-07-13,14.244256973266602,14.533025508096861,13.960467320888123,14.358768420783404,1233465
2022-07-14,14.094893455505371,14.388640875015659,13.92063636687007,14.199448088536444,1576362
2022-07-15,14.114809036254883,14.21936272003745,13.875828373644948,14.174553727094995,1652348
2022-07-18,14.47327995300293,14.597749166151734,14.308980629631499,14.308980629631499,1645071
2022-07-19,14.811836242675781,14.831751772435382,14.189490182059151,14.338852856757251,1109219
2022-07-20,14.931326866149902,15.19022306037043,14.607707098186618,14.826773181728965,1341087
2022-07-21,14.921368598937988,15.125498027997347,14.727196934619261,14.931326363678618,1171297
2022-07-22,15.22009563446045,15.483970715180194,14.861624632975401,14.871582398200621,1510589
2022-07-25,14.911412239074707,15.12052055688856,14.697325038738533,15.090647261754622,1191620
2022-07-26,14.363747596740723,15.030902664916358,13.9903399518495,14.896475684845578,1960450
2022-07-27,14.831751823425293,14.866603050999682,14.353789553423683,14.403577428369124,1382325
2022-07-28,15.777717590332031,16.026655064885865,14.936305450713576,14.936305450713576,3699168
2022-07-29,16.116273880004883,16.205891869267152,15.782697286056083,15.917123320324713,1763354
2022-08-01,15.459075927734375,16.13618875265502,15.379415707111328,16.13618875265502,1811818
2022-08-02,15.235032081604004,15.354522413858282,14.577834779393102,14.632600588160846,1774126
2022-08-03,15.389373779296875,15.523800760390966,15.185244341172407,15.344564785598845,989288
2022-08-04,15.389373779296875,15.389373779296875,15.389373779296875,15.389373779296875,0
2022-08-05,16.46976661682129,16.49466007872652,16.071463629339988,16.15112384698637,2468665
2022-08-08,16.30048942565918,16.917855675811484,15.747844850991143,16.464787803800697,2162909
2022-08-09,15.747844696044922,16.290531500145153,15.53873637643396,16.180997982962186,1377178
2022-08-10,16.624107360839844,16.76351226808816,15.588523573050136,15.63333256455844,2382068
2022-08-11,16.489681243896484,16.858110959820134,16.290531637363028,16.683852917447652,1589336
2022-08-12,16.285551071166992,16.554405022082328,16.056528179312934,16.429935811389978,1652983
2022-08-15,16.429935455322266,16.554404663317133,16.051549898687604,16.330359709076493,1625172
2022-08-16,16.400062561035156,16.539469368873718,16.23576419009075,16.489680544913718,1091893
2022-08-17,16.215848922729492,16.44487181890065,16.101337474643913,16.365211598525924,1315599
2022-08-18,16.290531158447266,16.519554053890115,16.12623088611905,16.171039878640432,1033646
2022-08-19,15.832483291625977,16.33036013664094,15.817547594035348,16.16606176539571,1245661
2022-08-22,15.140435218811035,15.80759028639583,15.110562873141122,15.703036601738761,1158643
2022-08-23,15.22009563446045,15.414267308228421,15.065754071968593,15.070732954581203,812358
2022-08-24,15.309713363647461,15.38439470232567,15.065753817498779,15.185244149308863,848633
2022-08-25,15.349543571472168,15.523800662574867,15.289797930376336,15.44911932342364,766448
2022-08-26,15.284819602966309,15.573588136623258,15.210137316117752,15.498905849774701,1048323
2022-08-29,15.090646743774414,15.309712819113559,14.856644971005704,15.135455735312528,958017
2022-08-30,15.19022274017334,15.43418228163781,15.090646990764496,15.090646990764496,936270
2022-08-31,14.612686157226562,15.349543688485493,14.612686157226562,15.289798046934205,2306543
2022-09-01,13.935572624206543,14.483237337603356,13.920635977156051,14.483237337603356,2523956
2022-09-02,14.089914321899414,14.164596608286907,13.796166907624416,14.139702196282837,1850427
2022-09-05,14.094893455505371,14.149660213265683,13.616932132005417,13.746380227859506,1874245
2022-09-06,14.079957962036133,14.587791638220002,14.025191203480865,14.040127851166325,1708295
2022-09-07,13.611952781677246,13.736421990763816,13.178799516221114,13.442674581349534,6997708
2022-09-08,13.781231880187988,13.81110422642076,13.363015234430133,13.791189645473834,2982931
2022-09-09,13.9405517578125,14.00527533028175,13.681655568686047,13.840976008263947,2528658
2022-09-12,14.348811149597168,14.473280366300301,13.955488918620144,14.050084839584697,2247011
2022-09-13,13.626890182495117,14.478259163926566,13.616932417307382,14.478259163926566,2214820
2022-09-14,13.427738189697266,13.791189008855154,13.283354398216506,13.547228518737292,2250993
2022-09-15,12.969691276550293,13.567143863220913,12.964713343829864,13.50739822470397,2849620
2022-09-16,12.247770309448242,12.805391831880609,12.123301100916501,12.651050279196166,19786926
2022-09-19,12.113344192504883,12.227855644537918,11.998832740471848,12.163132069361565,1946496
2022-09-20,12.098406791687012,12.287600522044091,11.829553792791039,12.197982539203865,2302250
2022-09-21,12.28760051727295,12.337388391012043,11.859426132591325,11.859426132591325,1621188
2022-09-22,11.944066047668457,12.197983366393249,11.829554594995935,11.91917258391348,2390591
2022-09-23,11.401379585266113,11.914193078591572,11.401379585266113,11.879341851306053,2216678
2022-09-26,11.640360832214355,11.844491223085576,11.276910944104799,11.30180535744264,1948105
2022-09-27,11.759851455688477,12.013767810082458,11.7498936909133,11.814617262702514,1975504
2022-09-28,11.779766082763672,11.874362949257046,11.341634876774135,11.530827660136163,1843504
2022-09-29,11.271931648254395,11.844490788915069,11.112611207231323,11.799681796174237,2055035
2022-09-30,11.33665657043457,11.436231374770598,11.0727814871758,11.281889810793656,1963266
2022-10-03,11.510912895202637,11.510912895202637,11.003078293291189,11.256995594246913,1598402
2022-10-04,12.143216133117676,12.143216133117676,11.759851678264694,11.834533016242561,2460719
2022-10-05,11.461125373840332,12.098407137357258,11.232101527857886,12.038662446839913,2030401
2022-10-06,11.296826362609863,11.729978704515105,11.207208374732982,11.635382783644852,1718757
2022-10-07,10.744182586669922,11.286868439325438,10.744182586669922,11.192271570155048,2432740
2022-10-10,10.878609657287598,11.152441552359868,10.634650108130089,10.694394799959609,2052580
2022-10-11,10.58984088897705,10.848737080392153,10.47532944072124,10.754140212447263,1512149
2022-10-12,10.291114807128906,10.83380066434547,10.236348048260798,10.589841115171243,3259787
2022-10-13,10.764098167419434,10.823842859031522,10.206475664499683,10.281157003827168,2767910
2022-10-14,10.823843002319336,11.132527078484042,10.754140544640917,10.983163448227018,2287059
2022-10-17,11.142483711242676,11.222144882513728,10.81388505954549,10.87363070059259,1472568
2022-10-18,11.306782722473145,11.490997573419797,11.22214457025071,11.271931495175737,1389940
2022-10-19,11.261975288391113,11.585595066010876,11.252017523018253,11.41631685317135,1502049
2022-10-20,11.018013954162598,11.167377574619715,10.793969947913974,11.152440927686595,2424351
2022-10-21,10.978184700012207,11.092697102832174,10.779034140189097,10.93337570534891,1745541
2022-10-24,11.182313919067383,11.291847436999765,10.993121128422437,11.142483807898723,1340831
2022-10-25,11.197250366210938,11.396400918485472,10.759119151206962,11.351591925520609,2185935
2022-10-26,11.615467071533203,11.705085058008665,11.152441441159814,11.20222931693782,1938430
2022-10-27,11.66027545928955,11.695126685637018,11.326697943410709,11.570657477467668,1280938
2022-10-28,11.665254592895508,11.665254592895508,11.341634834607856,11.466104045458854,1505695
2022-10-31,11.764829635620117,11.859426503722258,11.670233717142715,11.79968181306545,1595822
2022-11-01,12.053598403930664,12.202962032686317,11.834533267821982,11.90921460738743,1917870
2022-11-02,12.018747329711914,12.441942858847849,11.71504308496417,11.939087106536299,2370681
2022-11-03,11.9390869140625,11.9390869140625,11.590573680693868,11.854447809599806,1665762
2022-11-04,12.21789836883545,12.25772847889615,11.88929877380375,12.03368351628925,1599785
2022-11-07,12.387175559997559,12.446921199590472,12.118322555891261,12.138237136005749,1632463
2022-11-08,12.914925575256348,12.979649147021203,12.19300377294794,12.357303093177649,2443511
2022-11-09,12.890031814575195,12.939819691323072,12.586327570700195,12.835266004814818,2055968
2022-11-10,13.9405517578125,14.060042087495924,12.725731981593915,12.795435386127792,3950795
2022-11-11,14.274129867553711,14.274129867553711,13.880806685352265,14.089915008248969,2325633
2022-11-14,14.25919246673584,14.418512904411703,13.895742599584684,14.34881045033469,1602523
2022-11-15,14.423492431640625,14.552940530445834,13.995318973650052,14.388641203043983,2447641
2022-11-16,14.458344459533691,15.543715215846703,14.204427147166392,14.592770489919529,4451390
2022-11-17,14.328896522521973,14.607707301142952,14.02519133086579,14.538004843893898,2718184
2022-11-18,14.612686157226562,14.831752243414943,14.388641188440179,14.388641188440179,3295991
2022-11-21,14.662473678588867,14.811836354413733,14.403577487509347,14.647537031156487,1736362
2022-11-22,15.020944595336914,15.020944595336914,14.58779131820816,14.632600310656814,1819171
2022-11-23,15.424224853515625,15.663205517764636,15.090647320225434,15.110562850391892,2680793
2022-11-24,16.061506271362305,16.151124255889545,15.474012388752659,15.598481600679442,2415799
2022-11-25,16.066486358642578,16.305467021428385,15.946995077624935,16.18597574041074,2192188
2022-11-28,15.633333206176758,16.2706159285197,15.633333206176758,16.001761968435652,1959527
2022-11-29,15.603460311889648,15.782696278977314,15.50388456359101,15.673162765923868,1838469
2022-11-30,15.742866516113281,15.862356846927028,15.633333000648793,15.633333000648793,3571376
2022-12-01,15.91214370727539,16.171039897788877,15.742866451535512,16.031634987223715,2333811
2022-12-02,16.161081314086914,16.205890304391197,15.742865653954757,15.912142901118541,1775618
2022-12-05,16.619129180908203,16.683851801596795,16.13121011354743,16.156103575292995,2537537
2022-12-06,16.50461769104004,16.658958292977914,16.345297257217428,16.57929807606661,1550162
2022-12-07,16.320402145385742,16.400062363512877,16.106314953059805,16.210870532491818,2099621
2022-12-08,16.43989372253418,16.51955394211659,16.22580652629718,16.32040244353584,1551703
2022-12-09,16.863088607788086,16.863088607788086,16.474745267249403,16.58925671640185,2617326
2022-12-12,16.90789794921875,16.94772901022257,16.604192756437953,16.82823772646063,2546862
2022-12-13,17.67960548400879,17.873779044026957,16.912876605492258,16.977599226248923,3580741
2022-12-14,17.47547721862793,17.649735261095437,17.286285377205402,17.585010736793247,1897586
2022-12-15,16.793386459350586,17.29126332526403,16.653981544654666,17.236496566133628,2858110
2022-12-16,16.50461769104004,16.922834304636737,16.464786632959694,16.72368281273378,3308121
2022-12-19,16.83819580078125,16.902920326475734,16.524532836992133,16.653981888381097,1563525
2022-12-20,16.763513565063477,16.987558539939123,16.668917642004676,16.668917642004676,1621865
2022-12-21,17.35100746154785,17.440625446481338,16.7635126266503,16.952706361426493,2036296
2022-12-22,17.301219940185547,17.64973410300319,17.18670849654892,17.39581585468987,1607245
2022-12-23,17.28130531311035,17.480456816329944,17.186709393668266,17.415732292896152,1095269
2022-12-27,17.649734497070312,17.719436951340214,17.4704985293766,17.51032768928107,1250024
2022-12-28,17.390838623046875,17.71445933711882,17.390838623046875,17.6845860422162,973351
2022-12-29,17.664670944213867,17.664670944213867,17.36594558488114,17.375903350092166,917781
2022-12-30,17.5003719329834,17.64973460724404,17.475476571232086,17.575052320488997,516249
2023-01-02,17.117006301879883,17.669649898511388,17.012450721983804,17.59994554549753,1297063
2023-01-03,17.580032348632812,17.823990942821517,17.16679364934454,17.17675141430625,2180401
2023-01-04,17.953439712524414,18.092844621349798,17.674627995624206,17.6895636932128,2245459
2023-01-05,17.629819869995117,18.1227188063852,17.629819869995117,17.95344059481431,1724350
2023-01-06,18.252164840698242,18.3119095295849,17.669649850742168,17.669649850742168,1586157
2023-01-09,18.102802276611328,18.212335789596693,17.754288107407426,18.023142057871816,2406126
2023-01-10,17.589990615844727,18.07292988515547,17.495392795632167,17.968376198946398,2243737
2023-01-11,18.530977249145508,18.819744838967363,17.868800116843666,17.968375868221695,3866162
2023-01-12,18.635530471801758,18.75004191831256,18.232249543372838,18.660423934217246,2729276
2023-01-13,18.71021270751953,18.9940023566347,18.580763664511196,18.715190640289343,1759409
2023-01-16,19.252897262573242,19.297706255938596,18.635531019816675,18.884469449790984,1898470
2023-01-17,19.34749412536621,19.34749412536621,18.804808298870757,19.163280228078587,1860697
2023-01-18,19.088598251342773,19.67609307847678,19.02387372991291,19.32757890825754,1834365
2023-01-19,18.660423278808594,19.05872436121525,18.57578512971878,18.959150515050617,2543731
2023-01-20,18.799829483032227,18.849618308807305,18.0281207263888,18.177483405215025,4025472
2023-01-23,19.053747177124023,19.28277007109873,18.600679321978642,19.02885371460494,1757090
2023-01-24,18.859575271606445,19.35247228068829,18.859575271606445,19.168258381281397,2129823
2023-01-25,18.700254440307617,19.008937543477277,18.550889871734167,18.919319562032957,1898990
2023-01-26,18.760000228881836,18.89442720893547,18.446337275423364,18.74506453084793,1821788
2023-01-27,18.760000228881836,18.760000228881836,18.760000228881836,18.760000228881836,0
2023-01-30,18.924299240112305,18.924299240112305,18.291997278296346,18.76995862391688,2783675
2023-01-31,19.0388126373291,19.0388126373291,18.76995866757364,18.89940582009503,2359628
2023-02-01,18.730127334594727,19.33753772430538,18.675360574965136,19.09357722211436,2103243
2023-02-02,19.457027435302734,19.59643233999497,18.929277311575955,18.929277311575955,3076526
2023-02-03,19.013916015625,19.39728141395921,18.85459557725876,19.39728141395921,2337501
2023-02-06,18.545913696289062,18.894427890565883,18.4363801754236,18.829703364668152,2390349
2023-02-07,18.122718811035156,18.69527607145894,17.629819874518603,18.32186841930231,5586237
2023-02-08,18.38161277770996,18.994002987454184,18.157569709888342,18.282038925011243,3004782
2023-02-09,18.86953353881836,19.073662973123806,18.70523326524961,18.81476678096211,2355505
2023-02-10,18.83468246459961,18.979065310103604,18.525997444937094,18.73510671307136,2579651
2023-02-13,19.023874282836914,19.13838573223373,18.829702612153206,18.834682444311476,1287868
2023-02-14,18.919321060180664,19.17821726049308,18.864554300600215,19.093577204982516,1897895
2023-02-15,19.088598251342773,19.193151932633715,18.929277813399597,19.063704789023422,1572829
2023-02-16,19.38234519958496,19.44706971946094,19.003957744117038,19.23796046264985,2089978
2023-02-17,19.118471145629883,19.267833815670084,18.87948859446629,19.128427010949757,2034866
2023-02-20,18.83468246459961,19.173236980996467,18.720169115829957,19.133407819934863,1073270
2023-02-21,18.33680534362793,18.784893370214267,18.26212305623881,18.784893370214267,2045519
2023-02-22,18.192420959472656,18.25714358395267,17.759266722878426,18.19739889241362,1820972
2023-02-23,18.730127334594727,18.77493632890534,18.182463536797915,18.23225046414325,2256349
2023-02-24,18.665403366088867,18.979064404448557,18.580763316591444,18.794850507423906,2594914
2023-02-27,18.8048095703125,18.88944772640395,18.595700297719713,18.769958341421958,1348214
2023-02-28,18.889446258544922,19.033830995157068,18.530976232205354,18.819743806180266,2407500
2023-03-01,19.47694206237793,19.581497645500153,19.068683192661,19.22302570165134,3120978
2023-03-02,19.392303466796875,19.40723916436718,19.053747060707398,19.247918726119124,1725364
2023-03-03,19.820478439331055,19.835414137340322,19.22302582871699,19.442090962934035,2423838
2023-03-06,20.14409637451172,20.183927433121937,19.805539973322496,19.905115720598634,1937895
2023-03-07,19.820478439331055,20.303417701042434,19.730860452776472,19.99473458027081,1952438
2023-03-08,19.91507339477539,20.094309359208275,19.601410457017845,19.78562625337909,1480755
2023-03-09,20.293458938598633,20.34324776159839,19.745795180347088,19.915073380047467,2005290
2023-03-10,19.77566909790039,20.034565287916898,19.53668843771195,19.94494730294005,2195638
2023-03-13,19.058725357055664,19.840391865637134,18.46625258472146,19.765711477111523,2907852
2023-03-14,19.496856689453125,19.79060409666926,19.013915554051326,19.03881091508187,2125518
2023-03-15,18.147611618041992,19.486899664922248,18.067951397767505,19.46698413504126,3711019
2023-03-16,19.07366371154785,19.25289779067613,17.97335437745054,18.10280342816766,8934641
2023-03-17,18.2471866607666,19.153322343477175,17.86382127204299,19.028853135420782,6269726
2023-03-20,18.90936279296875,19.038811839313823,17.69454394613132,18.172505272829703,3259452
2023-03-21,19.148344039916992,19.616349515082895,18.899405603934973,19.073663648672113,3621669
2023-03-22,18.90936279296875,19.28277043556114,18.764978048679815,19.223025744536216,2027903
2023-03-23,19.33255958557129,19.33255958557129,18.75004266573131,18.824724955204225,7887331
2023-03-24,18.461275100708008,19.26783509174151,18.242208064174562,19.16825933870354,2550848
2023-03-27,18.924299240112305,19.312644495272355,18.67038286876688,19.06370605702213,1966438
2023-03-28,19.28277015686035,19.471963891495868,19.173236642189877,19.32757914929378,1961117
2023-03-29,19.54166603088379,19.91009572930141,19.347494366558738,19.466983744951342,3805927
2023-03-30,19.97481918334961,20.27354644027428,19.75575404767112,19.77068974578003,3407659
2023-03-31,20.154054641723633,20.21379933187934,19.805540467191342,19.93498951165307,3165767
2023-04-03,21.030319213867188,21.50828053936998,20.462738003176955,20.462738003176955,4947275
2023-04-04,20.930744171142578,21.33900305456333,20.870997578995972,21.109980149083306,2689814
2023-04-05,20.781381607055664,20.980531217591086,20.532443169449223,20.950659820598027,2460626
2023-04-06,20.7116756439209,21.000445120803402,20.273545395150034,20.731591173205775,2294938
2023-04-11,21.119935989379883,21.279258335659907,20.880955318834157,20.980531073040595,2490982
2023-04-12,21.299171447753906,21.47840742110519,21.0004460916681,21.149808769711,2318093
2023-04-13,21.219511032104492,21.538151915481553,21.1796818713071,21.408704768828176,2155641
2023-04-14,21.60785675048828,21.647685912170306,21.30912949125025,21.38878971386382,2450534
2023-04-17,21.448535919189453,21.807005964873337,21.22946888650818,21.707430213586346,1596629
2023-04-18,21.209552764892578,21.717387372968805,21.15976584026232,21.647684918786673,2805120
2023-04-19,21.26930046081543,21.26930046081543,20.7515080610073,21.109980014605163,1758821
2023-04-20,21.119935989379883,21.28921420175596,20.851083922046907,21.269300570314307,1974794
2023-04-21,21.189640045166016,21.269300267547298,20.900870552002917,21.2294692067319,1967646
2023-04-24,20.91082763671875,21.279257340273553,20.831167416929798,21.1498082960856,1887294
2023-04-25,21.04027557373047,21.080106634749132,20.62205892928211,20.910828423918858,1685022
2023-04-26,21.05023193359375,21.20955236853254,20.870995969475263,20.960613951534505,1650474
2023-04-27,21.67755889892578,21.69747442910772,20.910828080166468,21.00044606673571,2187102
2023-04-28,22.085817337036133,22.125646497367182,21.53815166330089,21.79704785282582,2504412
2023-05-02,22.4343318939209,22.4343318939209,22.00615749237644,22.016115257441363,2796619
2023-05-03,22.055944442749023,22.57373683119876,21.956368691239536,22.404458623407482,2450848
2023-05-04,21.866750717163086,22.006157529054946,21.617812287873438,22.006157529054946,2116385
2023-05-05,22.424373626708984,22.464202786827315,21.876707955898702,22.006156999594538,2315195
2023-05-08,22.633481979370117,22.852549016963806,22.23518086454004,22.46420376816114,1834647
2023-05-09,22.14556312561035,22.643439999565395,22.14556312561035,22.523950613395932,2594289
2023-05-10,22.11568832397461,22.60360929857619,21.966325651805487,22.23517960125956,2086659
2023-05-11,21.568025588989258,22.185393735802908,21.45849207118776,22.155520440243542,2133963
2023-05-12,21.568025588989258,21.568025588989258,21.568025588989258,21.568025588989258,0
2023-05-15,22.832632064819336,23.181146230815262,22.06590127947818,22.105732338106016,4571145
2023-05-16,23.50974464416504,23.708894237664158,22.733056101545124,22.842589612481742,4278954
2023-05-17,23.798513412475586,23.868215868656872,23.310594319957094,23.499788057627363,2839515
2023-05-18,23.927961349487305,24.48558287233019,23.74872538518974,24.38600712558161,2040924
2023-05-19,24.137069702148438,24.27647461378663,23.918004569681347,24.107196407119048,2604102
2023-05-22,24.04745101928711,24.14702676724936,23.748725674649773,23.987706330209527,1532182
2023-05-23,23.878173828125,23.918004888695442,23.569490705702062,23.778598075948388,1594170
2023-05-24,23.3205509185791,23.708894240307664,23.151272719498813,23.698936475744187,1902148
2023-05-25,23.67902374267578,24.027536019349846,23.30063627193042,23.400212022087064,1689424
2023-05-26,24.057409286499023,24.057409286499023,23.728810640834695,23.898088846131436,1775473
2023-05-29,24.04745101928711,24.216729221048112,23.97774856548836,24.14702676724936,626479
2023-05-30,24.34617805480957,24.70464808545656,23.927961436346912,24.206771249155747,2492105
2023-05-31,23.639192581176758,24.10719613587453,23.27076477620708,24.097240270226234,4788358
2023-06-01,23.967790603637695,24.07732411542023,23.56948951431404,23.59936280823184,2170002
2023-06-02,24.296390533447266,24.435797346570602,24.067367632297543,24.236645841679838,1792144
2023-06-05,24.097240447998047,24.535370711234762,23.81842872655239,24.33622110955884,1435142
2023-06-06,24.26651954650879,24.326264239283972,23.87817429534626,24.216730719821523,1406367
2023-06-07,24.206771850585938,24.395965584870698,24.05740917583458,24.296389835286643,1832585
2023-06-08,23.698938369750977,24.18685937610868,23.46991546423584,24.156986080030798,1699628
2023-06-09,23.619277954101562,23.987707672401946,23.57944879223774,23.78855616533425,1105347
2023-06-12,23.788555145263672,24.007622173494294,23.649150235843784,23.83834396952038,1598669
2023-06-13,23.599363327026367,24.047451350147455,22.83263252619209,23.918004205490107,3460228
2023-06-14,23.599363327026367,23.708894941967372,23.390254063503633,23.599363327026367,1648572
2023-06-15,22.97203826904297,23.619277814307928,22.64343961380079,23.59936418311864,2799196
2023-06-16,22.91229248046875,23.18114643077757,22.69322735387421,23.11144207757758,6114519
2023-06-19,22.752971649169922,22.88241879008713,22.563777920829946,22.733056120028998,1274782
2023-06-20,22.533905029296875,22.85254780349049,22.35467096157784,22.67331183652203,1586695
2023-06-21,22.88241958618164,23.0317822614362,22.374584970916583,22.5040340155868,1701127
2023-06-22,23.28072166442871,23.310594960434123,22.69322870365197,22.782844793169122,1499750
2023-06-23,14.587791442871094,17.06721794796971,14.438428766515655,14.95622115051402,34211648
2023-06-26,14.289066314697266,14.956221385534683,13.716507163879886,14.647537313358143,12731838
2023-06-27,14.617664337158203,14.99605084979476,14.045105211032343,14.338852622820923,8301501
2023-06-28,15.603460311889648,15.703036060188287,14.547960988497987,14.557918753252794,8883283
2023-06-29,15.633333206176758,15.633333206176758,15.06575388994343,15.503885108687188,6241963
2023-06-30,16.111295700073242,16.29550960884554,15.56363095712565,15.782697044229637,5931680
2023-07-03,16.275592803955078,16.449850833094473,15.922100712321386,16.41499960711647,4468981
2023-07-04,15.991804122924805,16.16108233035814,15.792653569951687,16.141166800248456,3305223
2023-07-05,15.090646743774414,15.932058868671021,15.060774399290574,15.832483120891943,5782881
2023-07-06,14.861624717712402,15.235032369164347,14.772006729423973,14.951242706000832,4730195
2023-07-07,14.846687316894531,14.931326418249803,14.488216331544109,14.791920560245615,4139750
2023-07-10,15.055795669555664,15.170307115925079,14.722218145626492,14.752090490413138,2174222
2023-07-11,15.210137367248535,15.379415571991458,15.040859162505612,15.215116249696825,2293925
2023-07-12,15.503885269165039,15.60346102199532,15.17030773169578,15.23503225592289,2730538
2023-07-13,15.623374938964844,15.80261090659389,15.42920327378319,15.548693602327647,2612518
2023-07-14,15.379415512084961,15.66818404558782,15.279840712381226,15.474012378984522,2352617
2023-07-17,15.379415512084961,15.394352159371646,15.135455970817436,15.25494630023675,1626528
2023-07-18,15.498906135559082,15.528779430699228,15.269883237233078,15.404310216489511,1790122
2023-07-19,15.513842582702637,15.63831179530431,15.264904157499288,15.533758112538774,2329275
2023-07-20,15.424224853515625,15.568609598348203,15.339585749557674,15.394352507890686,1874840
2023-07-21,15.349543571472168,15.439161558303542,15.13545636951383,15.20515977572976,3994001
2023-07-24,15.478991508483887,15.568609494385006,15.100604984470682,15.200180735388535,2419425
2023-07-25,15.762781143188477,15.827505666086687,15.349543391789336,15.57856723874685,3471217
2023-07-26,15.862357139587402,15.8922294854358,15.553673067071449,15.76278138725974,2679805
2023-07-27,15.79265308380127,15.97686793314612,15.68312052044402,15.922101176655138,2554786
2023-07-28,15.727930068969727,15.817548055627633,15.528779515077014,15.757802414647445,1331373
2023-07-31,15.324649810791016,15.852399006788934,15.19520171561705,15.74784437430719,5419961
2023-08-01,15.399331092834473,15.563630415033614,15.23503177063533,15.364479865341432,3025603
2023-08-02,15.65324878692627,15.663205602438579,15.195202036493798,15.215116617143167,3097511
2023-08-03,15.61839771270752,15.86235726322458,15.518821959603725,15.633333410935757,3202693
2023-08-04,15.488948822021484,15.683120486064277,15.210137107428327,15.588523620412145,2778905
2023-08-07,14.538004875183105,16.290531672393488,14.274129794190568,14.786943308322373,13530065
2023-08-08,14.323917388916016,14.717239611732449,14.159618064261728,14.33885308685066,3942922
2023-08-09,13.935572624206543,14.4633218082027,13.855912405853338,14.239277800193578,5218551
2023-08-10,13.502420425415039,14.065020841229337,13.298290045745997,14.040127378882358,6390633
2023-08-11,13.72148609161377,13.840976424893997,13.218630345544002,13.442675313959903,5030181
2023-08-14,13.636846542358398,13.816082511249109,13.621910844700654,13.651783189640865,1995939
2023-08-15,13.363015174865723,13.736422824797607,13.24850372346322,13.626890256015836,3277322
2023-08-16,13.477526664733887,13.497442195273646,13.273397224825173,13.303269571010048,2192370
2023-08-17,13.392887115478516,13.512377445884026,13.283354550012982,13.437696108083674,1876689
2023-08-18,13.064288139343262,13.34807778558852,12.944797811957084,13.223608575858165,3328432
2023-08-21,12.835265159606934,13.03939458616893,12.775519521518806,12.974670065771399,3941948
2023-08-22,13.138969421386719,13.213651706618501,12.939818876559608,12.954755523530904,2721780
2023-08-23,12.964714050292969,13.477526614664738,12.82530818590684,13.203694718133683,5024484
2023-08-24,12.890031814575195,13.20867365598675,12.870117233650902,13.109097902490996,2384861
2023-08-25,12.865138053894043,13.00952184854111,12.825307943340567,12.845222523804933,2215094
2023-08-28,13.064288139343262,13.238545222890702,12.914925467516717,12.944797811957084,2721620
2023-08-29,13.417781829833984,13.417781829833984,13.024458652474681,13.20867350951158,2161177
2023-08-30,12.969691276550293,13.343098905813255,12.934840049759037,13.338120973092824,3674333
2023-08-31,13.104118347167969,13.268417667264501,12.934840144689758,12.999564666026865,2874251
2023-09-01,12.984628677368164,13.183779234611205,12.984628677368164,13.143949123162596,1641474
2023-09-04,12.97467041015625,13.188757607019538,12.97467041015625,13.059309512413254,2121037
2023-09-05,12.506667137145996,12.979649584224076,12.402112502773637,12.944798355974871,4937053
2023-09-06,12.58632755279541,12.805392690774815,12.521603028227815,12.661008892998606,3609985
2023-09-07,12.352324485778809,12.591306097489715,12.143216169047227,12.531560457155804,2811472
2023-09-08,12.168110847473145,12.446921626000625,11.9490447609606,12.446921626000625,3026365
2023-09-11,12.342367172241211,12.36726063409448,12.193003552247497,12.247770307874328,3109741
2023-09-12,12.18802547454834,12.551475359497651,12.123301899682271,12.431985025389306,3427039
2023-09-13,12.342367172241211,12.466836380756957,12.023725352696106,12.073513226027345,3100526
2023-09-14,12.860158920288086,12.875095567563292,12.237812861525356,12.25772839122563,4764004
2023-09-15,12.845222473144531,13.183778886326202,12.780498899859676,12.994586099349542,7825668
2023-09-18,12.531560897827148,12.939819780653597,12.461858439673785,12.745648104583644,2711741
2023-09-19,12.496708869934082,12.576369088338666,12.417048651529498,12.44692099602504,2086815
2023-09-20,12.571390151977539,12.621178025672688,12.431984295556061,12.451899824884004,2438059
2023-09-21,12.183046340942383,12.481772644871596,12.058577126773939,12.466836946931219,3434440
2023-09-22,12.292579650878906,12.377218753078042,12.028704579405195,12.048620109157804,2877038
2023-09-25,12.382197380065918,12.40709084211839,12.033683213583075,12.237812641212404,1929473
2023-09-26,11.869383811950684,12.337388302334771,11.76482918288762,12.317472773132398,3656956
2023-09-27,12.138236999511719,12.222876100702159,11.854447351292215,11.864405116049847,3366998
2023-09-28,12.058576583862305,12.20296132161696,11.909213913434805,12.158152330563771,3604341
2023-09-29,12.327430725097656,12.551474734281399,12.083471186408845,12.138236993298356,3399614
2023-10-02,12.083471298217773,12.536539152778497,11.959002086533514,12.377218713762602,2660299
2023-10-03,11.685169219970703,11.968959819540697,11.675212404777238,11.963980937131602,3257625
2023-10-04,11.555721282958984,11.804659709042115,11.421295254588893,11.565679047912246,2767319
2023-10-05,11.525849342346191,11.74989431353614,11.426274538192143,11.595552749841268,1993549
2023-10-06,11.40635871887207,11.610488154289486,10.988142082986451,11.585594691287262,4287041
2023-10-09,11.535806655883789,11.695127095990774,11.28188934835401,11.421295208259986,3133429
2023-10-10,11.934107780456543,11.96398107525599,11.481039921870304,11.505934334203177,2755741
2023-10-11,12.148195266723633,12.267685599883238,11.834533260882761,11.944065828872878,3131564
2023-10-12,11.949044227600098,12.456878835183034,11.944065345216965,12.13325907727714,2859819
2023-10-13,11.540785789489746,11.824575448309208,11.38644422848043,11.824575448309208,4409887
2023-10-16,11.610487937927246,11.655296930196025,11.396400741448572,11.545764365552746,1960081
2023-10-17,11.560700416564941,11.729978625948624,11.361549861297302,11.61048829278804,1949870
2023-10-18,11.381464958190918,11.570657741083872,11.242059100000251,11.550743161127901,2580515
2023-10-19,11.197250366210938,11.406358683505383,11.162399138265986,11.256996006705668,2298497
2023-10-20,10.823843002319336,11.14746277677241,10.764098309916339,11.07278143645628,5062484
2023-10-23,10.639628410339355,10.848736719585546,10.370774462897952,10.823842307993914,4420974
2023-10-24,10.78899097442627,11.027971625588416,10.440476812596286,10.729245336823386,5033041
2023-10-25,10.604776382446289,10.888566980812216,10.330944498481015,10.87363033364831,3548256
2023-10-26,6.840827941894531,10.26622127020874,6.374815265546515,9.857961447356805,39849532
2023-10-27,7.456203460693359,7.647388079590971,6.836844930993159,7.183367260475487,22561484
2023-10-30,8.400177955627441,8.700895614011996,7.585651601017037,8.696912887958803,20751845
2023-10-31,8.334458351135254,8.643142415825327,7.95009774218947,8.364330696226316,10397445
2023-11-01,8.218951225280762,8.424076825985749,8.105435927482672,8.282679594906334,8110034
2023-11-02,8.744709014892578,8.947843250735279,8.24683214031216,8.312551872562778,8052379
2023-11-03,9.505464553833008,9.768344425141398,8.93191114719354,8.973732621165984,12616161
2023-11-06,9.34614372253418,9.957536801201877,9.178857833585765,9.857961053339974,8100250
2023-11-07,9.284407615661621,9.433770286947562,8.730767866264058,8.961783068149355,5781162
2023-11-08,9.067333221435547,9.90974057820341,9.051401367209682,9.37203361330109,8476571
2023-11-09,9.638895988464355,9.790250024607962,9.00161328728809,9.00161328728809,7929738
2023-11-10,9.350127220153809,9.6906749798674,9.242585072645813,9.628937979383592,4909326
2023-11-13,9.913723945617676,10.002345772265715,9.39593157719714,9.459659941743107,8255376
2023-11-14,10.206475257873535,10.335923350708848,9.913724001538114,10.271198829478836,11401649
2023-11-15,11.102653503417969,11.30180500541853,10.390690397377503,10.44545620576539,14938803
2023-11-16,10.813884735107422,11.237080243422167,10.58486184215163,11.137505444164104,7535950
2023-11-17,11.630403518676758,11.700105973789634,10.79397025882333,10.79397025882333,10623278
2023-11-20,11.869383811950684,12.038662011672061,11.600529865466834,11.824574820870042,6150590
2023-11-21,10.928397178649902,12.038662320276371,10.475329323553456,11.82955400641457,7710121
2023-11-22,10.83877944946289,11.05286665079503,10.594819902482584,10.82882168437192,4168346
2023-11-23,10.793970108032227,11.142483328352627,10.634649670214362,10.739203351423066,2152238
2023-11-24,10.793970108032227,10.83877909987159,10.629670787829463,10.684436594813906,2588124
2023-11-27,10.759119033813477,10.8736304814188,10.62469205638563,10.744182386446584,2006874
2023-11-28,10.480307579040527,10.7541404232757,10.320987134930848,10.654564670894773,3137724
2023-11-29,10.71928882598877,10.933375071879167,10.425541411159848,10.43052029357005,3847352
2023-11-30,10.833800315856934,10.923418300349386,10.709331103978464,10.779033558750495,4430230
2023-12-01,11.28686809539795,11.396400659251217,10.853714823132139,10.853714823132139,4621927
2023-12-04,11.2520170211792,11.530827791810928,11.247038138714828,11.451167571630435,3014033
2023-12-05,11.585594177246094,11.625424286057276,11.17235644222081,11.212186551031992,2853558
2023-12-06,11.799681663513184,11.909214228078913,11.466104137762185,11.64036027465659,3830161
2023-12-07,11.570657730102539,11.655296831490702,11.431251872044177,11.550743150165468,3281183
2023-12-08,11.316740989685059,11.441210206772553,10.843758534527437,10.933375573145632,5462088
2023-12-11,11.03792953491211,11.396400516357433,10.6943942508449,11.167377626729097,3097158
2023-12-12,10.574904441833496,11.192271637161845,10.569925559255273,11.037930075735945,3253572
2023-12-13,10.236348152160645,10.624692451519886,10.111878935015026,10.515159882296658,4320972
2023-12-14,11.197250366210938,11.296826117160574,10.634649937332284,10.634649937332284,6995061
2023-12-15,11.326698303222656,11.461125280225781,11.142483451445253,11.30180484064788,9542557
2023-12-18,10.958270072937012,11.386444486981617,10.928397726494877,11.142483983892408,2721562
2023-12-19,11.042908668518066,11.162398998385404,10.784012478993136,10.988141911219596,3679302
2023-12-20,11.361549377441406,11.486018587885988,10.97320604861413,11.013036157971408,4253438
2023-12-21,11.366528511047363,11.396400856319408,11.04290874666346,11.10265343720755,3001873
2023-12-22,11.2520170211792,11.515891144417813,11.2520170211792,11.281889366340703,2507339
2023-12-27,11.864405632019043,11.934108089104313,11.371507650577287,11.406358879119923,3886637
2023-12-28,11.749894142150879,11.988874808184516,11.749894142150879,11.859426710010109,2510744
2023-12-29,11.949044227600098,11.949044227600098,11.620445587311071,11.690148041425497,1310202
2024-01-02,11.834532737731934,12.237812713021524,11.70508464512515,11.978916527807957,2746041
2024-01-03,11.077759742736816,11.819596123913438,11.042908515710856,11.63040334164764,3804479
2024-01-04,11.351592063903809,11.376486476757067,11.067802404749926,11.102653633119736,2260838
2024-01-05,11.47606086730957,11.545764271171617,11.202228983127453,11.242059092638028,1947542
2024-01-08,12.078492164611816,12.083471046930613,11.401379363250737,11.406358245569534,3931638
2024-01-09,11.963980674743652,12.183045798191007,11.934107380944258,12.098406698342124,2863064
2024-01-10,12.202961921691895,12.307515606207584,11.72997852603824,11.904235616522467,4858003
2024-01-11,11.959002494812012,12.506667234844885,11.959002494812012,12.297558914091415,3976450
2024-01-12,12.392154693603516,12.581348431461821,12.103386153905083,12.103386153905083,4212738
2024-01-15,12.073513984680176,12.441942751082454,11.874363428466072,12.422028170273423,3882082
2024-01-16,11.685169219970703,12.038662274018561,11.560700008617534,11.92912876026795,2967703
2024-01-17,11.281888961791992,11.510912798817069,11.207207626753812,11.40137928777802,3566508
2024-01-18,11.670233726501465,11.839511932872734,11.376486306599837,11.451167644793104,3253825
2024-01-19,11.779766082763672,11.93908652130532,11.620445644222022,11.799681612393737,3667775
2024-01-22,11.914193153381348,12.00879002062495,11.585594508876971,11.919172035828351,2848559
2024-01-23,12.362281799316406,12.675943788146856,12.038662045856492,12.048619810485956,6828147
2024-01-24,13.50739860534668,13.960467415274756,13.12403415021482,13.333142466479805,9418479
2024-01-25,13.422759056091309,13.507398156280484,13.138969411228985,13.417781123396095,3965904
2024-01-26,13.666720390319824,13.706550501727826,13.158885757649252,13.372972962576538,4333943
2024-01-29,13.696592330932617,13.75633702146328,13.422759492188758,13.641825573258899,3040405
2024-01-30,13.870849609375,13.920636535624574,13.487484199654896,13.791189387825986,3156500
2024-01-31,13.90570068359375,14.099872352765928,13.671697954463445,13.746380242260194,4452134
2024-02-01,13.831019401550293,14.089914644955591,13.691613540005331,13.791189291055266,2792826
2024-02-02,13.821061134338379,14.33885255196,13.806124487336183,14.089914133004967,4363322
2024-02-05,13.736422538757324,13.95548862138391,13.67667689817744,13.811103877263623,2630576
2024-02-06,14.179533004760742,14.219363116305725,13.816083118209674,13.910679989238297,3953204
2024-02-07,14.308980941772461,14.57285602126909,14.154639379996011,14.388641163955452,4621579
2024-02-08,13.850934028625488,14.557919204511375,13.572123254221472,14.43842887262394,4503959
2024-02-09,13.661741256713867,13.880806390621089,13.646804609100979,13.850934045020058,2493017
2024-02-12,14.443408012390137,14.503152704585524,13.990340139805275,14.01025472066215,4590492
2024-02-13,14.134723663330078,14.413535386920323,13.915658530026699,14.338853098686485,3023414
2024-02-14,14.020212173461914,14.214383843206942,13.95050971757903,14.089914629344797,1777480
2024-02-15,13.776252746582031,14.244257260618674,13.651783531650725,14.154639273928174,3272693
2024-02-16,13.83599853515625,14.03017020864017,13.686634905870747,13.925615573177842,2571692
2024-02-19,13.9405517578125,13.9455306402524,13.711528863325448,13.731443443460323,1250142
2024-02-20,13.37297248840332,13.905700565705361,13.009521666364547,13.816082580808807,4258096
2024-02-21,13.821061134338379,13.905700234768078,13.298289884757986,13.303268767092053,3125292
2024-02-22,13.840975761413574,14.010253962852241,13.646804097844102,14.000297147774745,2436763
2024-02-23,13.671697616577148,13.895742575180808,13.5522072885301,13.79118889424891,1951061
2024-02-26,13.831019401550293,13.900721857510403,13.606974436500309,13.61195331901528,1743463
2024-02-27,13.990339279174805,13.995318161488933,13.567143778720954,13.801145549736752,2277457
2024-02-28,13.870849609375,14.343832056119188,13.870849609375,13.970424411498897,2888305
2024-02-29,14.144680976867676,14.368725935168,13.81608233777701,13.885784791637239,5340113
2024-03-01,14.289066314697266,14.398598882437456,13.870849674780533,14.239278438588178,3120109
2024-03-04,13.990339279174805,14.308980150281373,13.781230970104943,14.289065570649564,2889071
2024-03-05,13.716506958007812,13.920636392329001,13.666720032270733,13.86089170159461,1850636
2024-03-06,13.880805969238281,14.149659920360136,13.636846430048848,13.721485531369648,2633856
2024-03-07,14.204426765441895,14.234299110322107,13.77127349136755,13.990339569613466,3615152
2024-03-08,14.109829902648926,14.214383584570859,13.980381808632684,14.139702247537375,2262089
2024-03-11,14.18949031829834,14.194469200786045,13.840976141156908,13.97042423696302,2045063
2024-03-12,14.129744529724121,14.304001616465333,13.955488392607634,14.23927804405417,3342472
2024-03-13,13.865870475769043,14.199448003575057,13.801145953416905,14.12974459876316,3019057
2024-03-14,14.348811149597168,14.453365785432675,13.850934282784637,13.850934282784637,5693764
2024-03-15,14.358768463134766,14.463322146056386,14.204426905173204,14.373705110534168,6358094
2024-03-18,14.767026901245117,14.951241748667634,14.338852517783115,14.343831400105314,3791801
2024-03-19,14.801878929138184,14.826773342096772,14.56289826248428,14.757069935437483,2305811
2024-03-20,14.79192066192627,14.82677283888543,14.627621340474832,14.737154854525606,2406669
2024-03-21,15.787674903869629,15.946995348432369,14.906433576178879,14.971157150673209,6577117
2024-03-22,16.454830169677734,16.60419285079177,15.67814251856017,15.722951512819334,6170554
2024-03-25,16.489681243896484,16.604192694984366,16.290531637363028,16.45483001527189,3306940
2024-03-26,16.30048942565918,16.509596797702844,15.986826468344168,16.439894340354954,2897341
2024-03-27,16.395084381103516,16.474744598989176,16.07146367761522,16.30048846587973,3191914
2024-03-28,16.932790756225586,16.942748521090472,16.385126983403023,16.53448965787741,6055642
2024-04-02,17.326114654541016,17.3958171122937,16.85313124932699,17.07717622013885,6297523
2024-04-03,17.47547721862793,17.490414816081984,17.022409347011635,17.186709624259613,4874048
2024-04-04,18.147611618041992,18.16752714792298,17.440625501262648,17.69454375912158,5630025
2024-04-05,17.654712677001953,17.933524397234304,17.470498773959765,17.679606139696933,4897570
2024-04-08,18.23723030090332,18.23723030090332,17.565095386079147,17.58999074900746,3740579
2024-04-09,17.74433135986328,18.42144420758975,17.74433135986328,18.22727253198427,4726494
2024-04-10,17.73935317993164,18.321868198640622,17.619861897010832,18.162547754245885,4360533
2024-04-11,17.34602928161621,17.76922383835729,17.34602928161621,17.669649989182517,4212548
2024-04-12,17.550159454345703,17.92854503528025,17.39083900982068,17.589990515101714,4484317
2024-04-15,17.5700740814209,17.629818770233843,17.236495612112346,17.405773813123535,3334969
2024-04-16,17.34105110168457,17.370922496311454,16.45980887445281,16.738618686967218,4493921
2024-04-17,17.684585571289062,17.729394562825032,17.196666496369275,17.241475487905245,2505128
2024-04-18,17.769224166870117,17.853864219332795,17.495392278078096,17.77420399897058,2520999
2024-04-19,17.545181274414062,17.664670656501166,17.16181586665642,17.405774462979792,3226135
2024-04-22,17.694543838500977,17.759266462030343,17.281305138239247,17.57007462506062,2854615
2024-04-23,17.684585571289062,17.804074949218705,17.525265134549922,17.759265957682736,2948625
2024-04-24,17.70450210571289,17.87875824977276,17.26636993018441,17.42569037596758,3194209
2024-04-25,17.724414825439453,17.814032808989662,17.400796017507638,17.64475460664476,2147408
2024-04-26,18.76995849609375,18.934256876610256,17.754289219129628,17.82399167748509,4818532
2024-04-29,19.04378890991211,19.203109344930898,18.63055022584816,18.8197439546515,3287282
2024-04-30,19.218046188354492,19.38732439806381,19.018896582328505,19.15332356350204,3166473
2024-05-02,19.173236846923828,19.546644488106512,18.79485127286181,19.10353439111631,2836958
2024-05-03,19.696008682250977,19.81052012875105,19.10851385290316,19.770689069490448,4524458
2024-05-06,19.954904556274414,20.08435169833933,19.651199381555507,19.73085959957609,3376872
2024-05-07,19.91507339477539,20.144096282995452,19.700986203841605,20.074393829993642,3580267
2024-05-08,22.464202880859375,22.80275928990486,21.458491418606545,21.508280243024675,13064567
2024-05-09,23.201061248779297,23.609320127889827,21.916539919181407,21.94641321493932,6160008
2024-05-10,24.17690086364746,24.435797057240208,23.220976310439667,23.499788034135584,10570839
2024-05-13,24.087282180786133,24.216729324213926,22.832632309315418,23.848301524208296,8269581
2024-05-14,24.037494659423828,24.36609331742943,23.669066839455184,23.997665497460787,3835137
2024-05-15,25.600826263427734,25.73027530572226,24.077324344841834,24.097239874310134,6756685
2024-05-16,25.31205940246582,25.73027603693809,25.013334048949687,25.19256812150968,4036427
2024-05-17,24.893842697143555,25.292143800447956,24.794266946505086,25.112907829148607,4541935
2024-05-20,24.24660301208496,25.013333818082288,23.97774905685222,24.774351258375763,3984704
2024-05-21,23.898088455200195,24.10719581754347,23.350424687801627,23.479871831264212,6094816
2024-05-22,23.83834457397461,24.01758054734464,23.728811057081927,23.898089265348123,2573184
2024-05-23,24.465667724609375,24.575201237665645,23.7387679907346,23.748725755489666,2386028
2024-05-24,25.48133659362793,25.531123517479728,23.908045869368635,24.15698428712643,4004624
2024-05-27,25.710359573364258,26.2679810993303,25.481336684034382,25.59087019599624,4266637
2024-05-28,26.71607208251953,26.89530805499908,25.790020824208185,25.839809649479996,6069340
2024-05-29,25.690444946289062,26.86543462741963,25.45146428391073,26.54679374424852,4654259
2024-05-30,25.919469833374023,26.1783660266665,25.272228400518088,25.42159297686914,1990487
2024-05-31,24.71460723876953,26.27794028871554,24.60507372086902,25.740234262907453,12051493
2024-06-03,25.252315521240234,25.541083118997562,24.605074069121272,25.172655297798606,3200703
2024-06-04,23.8084716796875,25.15273960335577,23.121401069946025,25.033248319346566,7186495
2024-06-05,23.858257293701172,24.137069008211242,23.5595319489935,23.758683444964895,3117200
2024-06-06,23.121400833129883,24.156985619771117,22.79280217953209,23.977749645217862,4550131
2024-06-07,22.922250747680664,23.111442584193835,22.314840379797676,22.802759467396505,5260913
2024-06-10,23.400211334228516,23.400211334228516,22.533904802355423,22.683269372824494,3390356
2024-06-11,23.211017608642578,23.818427957529106,23.071612702045435,23.58940506833397,2088836
2024-06-12,23.918004989624023,24.127112360752736,23.420128125889548,23.609319966649,2792651
2024-06-13,23.290678024291992,24.04745105084918,23.16123088124576,23.99766412642742,3421313
2024-06-14,23.141315460205078,23.818428271310385,22.752972129997392,23.489829630538626,2959857
2024-06-17,23.1811466217041,23.519703028751927,22.892377139531185,23.21101801692927,1782648
2024-06-18,23.579448699951172,23.7785983069899,23.14131652566674,23.469915181567686,1814192
2024-06-19,23.987707138061523,24.35613494890543,23.529659441708915,23.698937649170826,2451019
2024-06-20,24.81418228149414,24.893842501529058,23.888131036557347,24.117153931751545,2935778
2024-06-21,23.529659271240234,24.644904259247674,23.29067860936353,24.485583817996538,0
2024-06-24,24.47562599182129,24.62498866771463,23.639192727719223,23.698937418226663,3495157
2024-06-25,24.326263427734375,24.644904310904536,24.067367235346246,24.34617895774488,2649406
2024-06-26,24.37605094909668,24.834098654282478,24.226688268867438,24.495542232829784,0
2024-06-27,24.37605094909668,24.37605094909668,24.37605094909668,24.37605094909668,0
2024-06-28,24.206771850585938,24.794266683957474,23.997664485783925,24.51545686422146,2437701
2024-07-01,24.057409286499023,24.51545697699293,23.76864170055132,24.376050167234194,1954922
2024-07-02,24.963544845581055,25.272227959436716,24.475625762631957,24.50549905723068,4304123
2024-07-03,25.83980941772461,25.919469638195554,24.435796844893275,24.844055712213056,4243270
2024-07-04,26.128576278686523,26.178365102128314,25.50125229731527,25.809935405656717,2187128
2024-07-05,26.258026123046875,26.477091255138944,26.08874791666908,26.128577077390606,2404447
2024-07-08,26.755903244018555,26.755903244018555,26.118619572873403,26.347642472242217,2515932
2024-07-09,26.5069637298584,27.313523676817354,26.427303511630964,27.04466972808123,3709744
2024-07-10,27.084501266479492,27.084501266479492,26.54679335948457,26.606538049400857,2716910
2024-07-11,27.68195152282715,27.791485035302,26.785773591372205,27.273692666283793,3374423
2024-07-12,27.632165908813477,27.711826130958993,27.054628823446095,27.482803229696817,2937310
2024-07-15,26.267982482910156,27.472845480204576,26.128577568888304,27.19403375291136,3658663
2024-07-16,26.487049102783203,26.576667088748124,25.86968096605258,25.98917224708897,2142781
2024-07-17,25.331974029541016,26.337685469429275,25.182611358106985,26.297854410780513,4113213
2024-07-18,24.74448013305664,25.35188860613263,24.644904381966473,25.102950178031957,3900704
2024-07-19,25.322017669677734,25.411635657359803,24.316306173995248,24.505499914574006,2724827
2024-07-22,25.730276107788086,26.188321904340675,25.431550753449393,25.491295444467234,2289573
2024-07-23,26.168407440185547,26.277939053688716,25.600826246217107,25.780062212812464,1446748
2024-07-24,25.61078453063965,27.203990833622946,25.481337385054825,25.8895962509178,3232449
2024-07-25,24.764394760131836,25.212482774824565,23.738767790025047,25.212482774824565,3779152
2024-07-26,25.292142868041992,25.292142868041992,24.56524314390275,24.873926250177743,1485529
2024-07-29,25.222440719604492,25.60082628355252,24.9834600635453,25.3419319972588,1396220
2024-07-30,25.302101135253906,25.87963820003845,25.142780696640887,25.531124028353936,1338703
2024-07-31,26.795732498168945,26.795732498168945,25.73027631986319,25.989172515407034,2633300
2024-08-01,26.01904296875,26.95505196499275,25.899553590059096,26.61649555995281,2726894
2024-08-02,24.07732582092285,25.38176269307534,23.469915429647855,25.38176269307534,4313344
2024-08-05,23.569490432739258,23.72881087467691,21.96632634908595,22.64343917694572,5968147
2024-08-06,24.35613441467285,24.75443741119935,23.659107969250368,24.09724012587985,3780049
2024-08-07,24.28643226623535,25.092994135045362,23.81842870844086,24.893842634271405,4028724
2024-08-08,24.28643226623535,24.28643226623535,22.842590532997292,23.5595325171345,3383326
2024-08-09,24.087282180786133,25.19256748005245,24.0275355922046,24.435796350514014,2799383
2024-08-12,24.14702796936035,24.465668859302916,23.918005067120323,24.24660372227978,1598816
2024-08-13,24.61503028869629,24.89384200285809,24.336220473783907,24.39596516280093,2383484
2024-08-14,24.74448013305664,25.043205487077653,24.226687746787366,24.83409811911284,1625862
2024-08-15,25.092994689941406,25.092994689941406,24.32626386403081,24.893843184763494,2291074
2024-08-16,25.063121795654297,25.222442242647567,24.933674644690843,25.202526711961024,1766153
2024-08-19,25.302101135253906,25.481337103505908,24.97350249320838,25.06312047733438,1408272
2024-08-20,24.415882110595703,25.541082998820553,24.415882110595703,25.38176255268694,1648649
2024-08-21,24.555286407470703,24.764395674783447,24.415881495428533,24.54532864243205,943133
2024-08-22,24.963544845581055,25.142780814674488,24.595117041777396,24.704648656807144,1338961
2024-08-23,25.640657424926758,25.720317643869176,24.774350882084725,24.774350882084725,2317751
2024-08-26,25.44150733947754,25.64065884750751,24.844056613886703,25.56099862414543,1383003
2024-08-27,25.1826114654541,25.43154988532178,24.983459969860192,25.39171882650323,1446634
2024-08-28,25.28218650817871,25.57095600050466,25.102950533528055,25.312059803703658,1484246
2024-08-29,25.491294860839844,25.551039550489822,24.814182047308638,25.33197442227361,1676763
2024-08-30,25.939382553100586,26.277938955572292,25.47137900815413,25.47137900815413,5204774
2024-09-02,26.14849281311035,26.228153034429635,25.411635291094612,25.541082438519886,1932329
2024-09-03,25.501253128051758,26.30781310158937,25.37180408213554,25.989172218179423,1572893
2024-09-04,25.61078453063965,25.959298706174973,24.774351269054655,24.893842548959423,2451856
2024-09-05,25.44150733947754,26.078791025623723,25.381762646768365,25.4912961661098,2274507
2024-09-06,23.738767623901367,25.471378780270502,23.59936271798355,25.37180303350803,4980474
2024-09-09,24.495540618896484,24.65486105387716,23.977748255584586,24.007621549361986,2128424
2024-09-10,24.81418228149414,24.81418228149414,24.336220961284653,24.59511715121049,1896603
2024-09-11,25.28218650817871,25.740234209980333,24.963545619577328,25.12286606387802,3283487
2024-09-12,26.57666778564453,26.64637024338955,25.69044566778053,25.79002142138036,4582372
2024-09-13,26.57666778564453,26.57666778564453,26.57666778564453,26.57666778564453,0
2024-09-16,28.986391067504883,29.155669273950874,28.020508754563277,28.21966025599955,4770286
2024-09-17,30.22112464904785,30.280869338218533,28.598045082707294,29.225370966372463,6162586
2024-09-18,31.057558059692383,31.535519374099938,30.19125151548543,30.27091173455336,6631571
2024-09-19,31.91390609741211,32.162844528434825,31.366242308861942,31.86411917090737,5173173
2024-09-20,32.162845611572266,32.51136170584033,31.6251395700648,31.73467309116336,11160131
2024-09-23,33.08889389038086,33.42745028901682,31.794414883301776,32.093140223627906,4047514
2024-09-24,32.93953323364258,33.73613541010638,32.262420434023646,33.457321799469945,3055705
2024-09-25,33.52702713012695,33.98507674459446,32.3719529254898,32.45161504922297,2992110
2024-09-26,33.2083854675293,34.14439640734569,32.72046826564543,34.1145212123841,3566161
2024-09-27,32.76029968261719,33.17851443163402,32.3918680625796,32.879789068264984,3370182
2024-09-30,32.92957305908203,33.1785114727724,32.02343738518904,32.14292676018077,3604445
2024-10-01,33.80583953857422,34.50286790196215,32.44165800636431,33.05902424890836,4651142
2024-10-02,33.84566879272461,34.124478603800696,33.11876527356403,33.875540187197394,2055694
2024-10-03,34.04481887817383,34.20413932404906,33.49715508288392,33.556901674524276,1559170
2024-10-04,35.19989013671875,35.309423646378775,34.05477571413381,34.1244781660086,3723468
2024-10-07,35.100318908691406,35.24968348727693,34.52277992322631,35.15010583538691,2150355
2024-10-08,35.100318908691406,35.100318908691406,35.100318908691406,35.100318908691406,0
2024-10-09,35.468746185302734,35.638026291693166,35.16006496538324,35.23972328718541,2035566
2024-10-10,35.468746185302734,35.468746185302734,35.468746185302734,35.468746185302734,0
2024-10-11,35.6778564453125,35.946706598250266,34.67214309380891,35.150104407974425,3145477
2024-10-14,35.96662139892578,36.345008856075545,35.52849115277786,35.588237740274806,2546786
2024-10-15,34.52277755737305,36.46449795342331,33.01919120261544,35.916834200306255,4001251
2024-10-16,34.86133575439453,35.409003334300635,34.75180603691227,34.90116681447842,2046236
2024-10-17,36.325096130371094,36.69352395212278,34.54269601672249,34.74184752525011,2453801
2024-10-18,36.364925384521484,36.364925384521484,35.56832318849943,36.02636897639975,2103181
2024-10-21,36.464500427246094,36.593949475364525,35.77743172292339,36.18569059914395,2442968
2024-10-22,36.325096130371094,36.51428797429783,35.438875905847226,36.3151402642693,3221826
2024-10-23,36.086116790771484,36.64373644767035,34.55265513730156,36.325095558442705,3400615
2024-10-24,36.84288787841797,37.0918263100289,35.72764476838071,36.16577504055631,2847852
2024-10-25,38.18715286254883,38.39626402633654,36.75326890249851,36.842886887407836,3155824
2024-10-28,37.78885269165039,37.99796005157088,36.9922505120732,37.8685110103587,2428914
2024-10-29,37.918304443359375,38.436093048223285,37.37063684465874,38.087580756776596,1857584
2024-10-30,37.709190368652344,38.446049754801734,37.49012714452588,37.83863940915808,1494142
2024-10-31,37.370635986328125,37.78885452495757,36.70348281559651,37.03207956877057,2540684
2024-11-01,37.370635986328125,37.370635986328125,37.370635986328125,37.370635986328125,0
2024-11-04,38.48588180541992,39.30239953089413,38.157281263010134,38.16724092711286,1926486
2024-11-05,38.78460693359375,38.83439385832773,37.25114534139441,38.17719657574214,2800608
2024-11-06,38.0975341796875,40.16870366031499,37.85855542330669,38.33651673456715,4437021
2024-11-07,38.346473693847656,39.003670990389224,36.76322514329311,37.12169708658833,3303818
2024-11-08,39.35218811035156,39.35218811035156,38.087580409560644,38.714906326944906,2465387
2024-11-11,40.507259368896484,40.746238121176795,39.70069753332819,39.83014657327097,3400619
2024-11-12,38.78460693359375,41.841570453946304,38.54562437697223,40.82590123567787,4283988
2024-11-13,46.133270263671875,46.92987245567324,43.1858364555185,43.315285498749624,11427655
2024-11-14,46.01377868652344,47.10911006231142,45.227132332716415,46.42203756153104,4448350
2024-11-15,46.01377868652344,46.01377868652344,46.01377868652344,46.01377868652344,0
2024-11-18,46.01377868652344,46.01377868652344,46.01377868652344,46.01377868652344,0
2024-11-19,45.505943298339844,46.053607054969454,44.121846310285434,45.70509479125028,2943304
2024-11-20,45.42628479003906,46.232846691068026,45.247048812032624,45.70509842165968,1822516
2024-11-21,47.069278717041016,47.069278717041016,44.7491707302615,45.28687864975104,2505927
2024-11-22,48.144691467285156,48.4932075529066,46.92987449610203,47.03940801448309,3495083
2024-11-25,48.144691467285156,48.144691467285156,48.144691467285156,48.144691467285156,0
2024-11-26,48.1546516418457,49.1006184578396,47.65677477011198,48.85168002197273,2290800
2024-11-27,48.3637580871582,48.92138154024645,47.77626323785953,48.174566246993855,1492762
2024-11-28,48.3637580871582,48.3637580871582,48.3637580871582,48.3637580871582,0
2024-11-29,50.8033561706543,50.8033561706543,49.70802477971013,50.265648240472565,2177442
2024-12-02,51.281314849853516,51.341061438497405,49.90717369903504,50.823269065746985,2611641
2024-12-03,51.022422790527344,51.36097921062741,50.20590123740445,50.76352469359839,2646057
2024-12-04,51.281314849853516,52.49613556278716,51.062247823324796,51.062247823324796,2288615
2024-12-05,52.79486083984375,53.07367065615223,51.6597022465891,51.67961777611097,2454279
2024-12-06,51.63978958129883,52.81477929876873,50.922845672741175,52.77494823751573,3617931
2024-12-09,51.420719146728516,52.59570878659402,51.082162745436776,51.65970169996337,2684228
2024-12-10,51.420719146728516,51.420719146728516,51.420719146728516,51.420719146728516,0
2024-12-11,50.84318542480469,51.08216418628146,44.928406000020175,45.705096471067,7243055
2024-12-12,48.85167694091797,51.22156796598313,48.30400937775276,50.44488131058352,4182149
2024-12-13,48.67244338989258,49.92709141845386,48.67244338989258,49.130489194089634,1964083
2024-12-16,50.88301467895508,51.14191277894376,48.403589989404125,48.423505520057034,2873498
2024-12-17,50.88301467895508,50.88301467895508,50.88301467895508,50.88301467895508,0
2024-12-18,51.002506256103516,52.45630576147377,50.185988517553156,51.06224904768103,3076495
2024-12-19,49.78768539428711,50.982590603449786,49.090657039067295,49.64828048294294,3465279
2024-12-20,50.48471450805664,50.96267583920345,49.010999454062556,49.14044470311342,4516991
2024-12-23,50.90292739868164,51.52029741933248,50.305476706082814,50.524543732668526,1213713
2024-12-27,49.867347717285156,51.30123169502058,49.807601127109066,50.78343930899138,1712425
2024-12-30,49.867347717285156,49.867347717285156,49.867347717285156,49.867347717285156,0
2025-01-02,50.62411880493164,51.002506278584846,49.030914387179635,50.106326419537496,2064526
2025-01-03,51.75927734375,51.75927734375,49.986836957052766,50.88301301615295,2077949
2025-01-06,54.28849411010742,54.56730394050116,52.018176808903426,52.27707110876918,3428974
2025-01-07,53.47197341918945,55.025346730213585,52.15757886440034,54.50755815887144,2723128
2025-01-08,53.47197341918945,53.47197341918945,53.47197341918945,53.47197341918945,0
2025-01-09,51.67961883544922,52.456305510228574,50.18598827718189,50.38513597948505,1963317
2025-01-10,49.28981018066406,52.35673352629605,48.27414090900019,51.93851497984665,3319297
2025-01-13,49.02095413208008,49.84743152529571,48.781975371547084,49.26989255675964,2132449
2025-01-14,50.62411880493164,50.96267521851631,49.1006168430501,49.439173256634774,1832676
2025-01-15,51.998260498046875,52.83469377517494,50.48471438712471,50.98259124735573,2765655
2025-01-16,50.126243591308594,52.21732493290765,49.3993438144956,50.62412046297495,3798954
2025-01-17,50.126243591308594,50.126243591308594,50.126243591308594,50.126243591308594,0
2025-01-20,50.126243591308594,50.126243591308594,50.126243591308594,50.126243591308594,0
2025-01-21,50.126243591308594,50.126243591308594,50.126243591308594,50.126243591308594,0
2025-01-22,54.90585708618164,56.658385683078684,53.013927380905,53.17324781712302,7283392
2025-01-23,58.550315856933594,58.550315856933594,55.14484008108233,55.26432945957741,4710777
2025-01-24,58.550315856933594,58.550315856933594,58.550315856933594,58.550315856933594,0
2025-01-27,48.11481857299805,52.11774891054493,46.68093460968977,50.385135797860876,16208873
2025-01-28,51.73936080932617,53.37239625280546,49.12053134012411,50.28556133388719,8922924
2025-01-29,54.28849411010742,54.766455447282,52.21732451718521,53.3723986983152,4936780
2025-01-30,56.47915267944336,56.817709098973836,54.62705013721776,54.76645505140695,4645858
2025-01-31,57.59439468383789,59.18759909893065,56.59864097478018,56.95711291780079,4924833
2025-02-03,55.244415283203125,55.82195425732316,53.77070025067127,54.06942560347521,3698670
2025-02-04,53.89019012451172,55.92152861973807,53.89019012451172,55.36390517050957,3202013
2025-02-05,55.26433181762695,56.08084956943089,53.69103910656633,54.02959552549716,2309905
2025-02-06,56.63847351074219,58.171931375792724,55.50331486059477,55.941445136537915,3318110
2025-02-07,56.85753631591797,58.33125517516926,56.24017006850125,56.51897989665738,2873010
2025-02-10,56.85753631591797,56.85753631591797,56.85753631591797,56.85753631591797,0
2025-02-11,57.05668640136719,57.833376872402866,56.3596580498219,56.578725079921576,2803639
2025-02-12,59.88462829589844,60.28293130451426,55.62280357680459,56.97702924789957,5995811
2025-02-13,62.075286865234375,62.11511792555125,59.904543458451315,61.23885359107486,3860252
2025-02-14,61.278682708740234,62.31426745315514,59.34691812810111,62.23460533504683,3639279
2025-02-17,63.329933166503906,64.28585579729291,61.676982192994174,62.7324824718855,3450722
2025-02-18,63.329933166503906,63.329933166503906,63.329933166503906,63.329933166503906,0
2025-02-19,60.40242004394531,63.54900162327798,60.342673453740005,63.27019179931779,2790822
2025-02-20,59.60581588745117,62.095200087237814,59.36683333293216,61.13927746615946,2584291
2025-02-21,59.60581588745117,59.60581588745117,59.60581588745117,59.60581588745117,0
2025-02-24,55.383819580078125,58.2117602323415,50.38513556382744,57.753714443224624,7015204
2025-02-25,51.32114791870117,55.08509578518949,50.8232710560017,54.84611701825319,6033067
2025-02-26,51.32114791870117,51.32114791870117,51.32114791870117,51.32114791870117,0
2025-02-27,55.045265197753906,57.09651925716985,54.28849403128437,55.4236526802382,3532553
2025-02-28,54.70670700073242,54.88594297090783,52.29698486603912,52.29698486603912,6168249
2025-03-03,55.2244987487793,56.37957287751165,52.97409708018828,55.124924899155374,3530862
2025-03-04,50.88301467895508,54.20883232800864,50.88301467895508,53.77070204914197,5346215
2025-03-05,55.02534866333008,56.359658794431404,53.93002109535839,54.188915390124784,6475013
2025-03-06,58.2316780090332,60.561741902555866,55.96136070711335,56.55881142914519,7094688
2025-03-07,55.42365264892578,56.87745218804533,53.55163456656007,56.75796280361745,6065148
2025-03-10,50.34531021118164,56.57872692120479,47.65677436686851,56.06093452316308,9304250
2025-03-11,52.85460662841797,54.00968073371164,50.46479630094888,51.87876468911062,4783182
2025-03-12,57.59439468383789,57.73379959534614,54.547386966661676,54.68679187816993,5473795
2025-03-13,57.6939697265625,57.6939697265625,55.144842609781776,56.57872661297093,3334610
2025-03-14,59.00836181640625,60.621485524159525,56.26008331180619,56.7579601552735,4649132
2025-03-17,59.00836181640625,59.00836181640625,59.00836181640625,59.00836181640625,0
2025-03-18,60.58165740966797,62.91172130228978,58.61006546952629,61.55749561447552,3898233
2025-03-19,62.69265365600586,62.69265365600586,60.30284699351776,60.58165682118328,3393035
2025-03-20,61.079532623291016,62.254522303046286,60.54182470913204,61.856219300299124,2908272
2025-03-21,61.5574951171875,61.93588259713742,60.362589884739705,60.42233647583675,6654427
2025-03-24,61.5574951171875,61.5574951171875,61.5574951171875,61.5574951171875,0
2025-03-25,59.386749267578125,59.984203758702975,57.53464680253916,59.64564735328189,2917226
2025-03-26,60.42233657836914,62.05537208613603,58.15201929181507,60.3028471944713,3927320
2025-03-27,57.43507385253906,59.267260816710866,56.499066739836756,58.31133817414269,3663929
2025-03-28,55.06517791748047,57.25583678006987,53.67112504019547,56.61855503062543,5820474
2025-03-31,53.61138153076172,54.12917393154794,52.19740924428799,53.94993795441044,3553142
2025-04-01,55.60288619995117,55.981273665720046,54.308407162687935,54.766452948435116,2782444
2025-04-02,56.180423736572266,56.4194063035936,54.129173479676616,55.40373704112626,2489174
2025-04-03,53.03384017944336,55.30416118938065,52.496136070444045,53.671125735644345,3827649
2025-04-04,49.28981018066406,52.874522128949096,47.80613543519943,51.77919453322286,6671214
2025-04-07,48.35380172729492,53.57154906235826,41.632464156683554,42.56847128053869,8552960
2025-04-08,51.002506256103516,52.37664364137181,50.32539342923263,50.883013075950565,4325734
2025-04-09,50.48471450805664,51.14191181319588,48.8118479497933,49.78768614236375,3649280
2025-04-10,52.75503158569336,56.24016960278087,52.27707025631266,55.68254615258723,4092443
2025-04-11,53.51180648803711,54.069426139196324,51.42072140069312,54.069426139196324,2503026
2025-04-14,56.61855697631836,56.698215298486936,54.60713401145015,55.16475746062615,2691982
2025-04-15,56.61855697631836,56.61855697631836,56.61855697631836,56.61855697631836,0
2025-04-16,57.47490692138672,57.47490692138672,55.80204033916555,56.996945583394826,1879647
2025-04-17,63.52908706665039,65.30153128491034,62.85197422794417,63.23036170804448,9703411
2025-04-22,63.54899978637695,63.5888308453625,60.661312584405415,62.13503137887977,2754819
2025-04-23,65.00279998779297,65.79940598251504,63.7282364738359,64.72399016873959,3538072
2025-04-24,66.2773666381836,66.5163530061084,63.46934518805045,64.0667921153671,2144722
2025-04-25,67.631591796875,67.89048989490078,66.17779225672699,67.27311984483872,2304494
2025-04-28,67.95023345947266,68.98581826633661,67.47227591599587,67.79091681064645,1971902
2025-04-29,67.95023345947266,67.95023345947266,67.95023345947266,67.95023345947266,0
2025-04-30,67.25320434570312,70.18072259101757,65.28160871994086,69.70275748274264,4615290
2025-05-02,72.29171752929688,72.29171752929688,69.70275941334368,70.59893926805768,4266338
2025-05-05,73.02857208251953,73.06840314181625,70.51927612280862,71.09681508711434,2402238
2025-05-06,72.61035919189453,72.88916901702555,71.01715476471871,72.29171830645937,2632407
2025-05-07,70.67860412597656,73.0285759737146,70.67860412597656,72.76968546998809,3104963
2025-05-08,73.02857208251953,73.56627998752853,70.85783632833181,73.02857208251953,3445333
2025-05-09,74.44255065917969,75.79677633386767,73.34722308032859,73.66586396866705,2990626
2025-05-12,75.29889678955078,76.39422432939607,73.50653710835104,76.13532624277883,3140831
2025-05-13,74.72135925292969,76.2149898167881,73.64594342367214,76.1751587567788,3504235
2025-05-14,74.72135925292969,74.72135925292969,74.72135925292969,74.72135925292969,0
2025-05-15,75.69719696044922,75.69719696044922,72.6302811749251,72.6501929073059,2303424
2025-05-16,75.69719696044922,75.69719696044922,75.69719696044922,75.69719696044922,0
2025-05-19,77.80819702148438,77.80819702148438,74.82093578667848,74.82093578667848,1842756
2025-05-20,78.40564727783203,79.99885174075379,78.08700638524768,78.56497152262327,2850761
2025-05-21,78.82386779785156,78.82386779785156,77.29040616371319,78.7442056772994,1581478
2025-05-22,81.33316040039062,81.33316040039062,78.70437130865498,79.06284323907326,2643805
2025-05-23,81.35307312011719,84.40008456571192,78.32598859956202,82.32891507522872,5070430
2025-05-26,82.88653564453125,83.40433182149874,82.18951109514941,83.38441249323193,1780165
2025-05-27,85.03736877441406,85.03736877441406,82.94628749246084,82.98611095569984,2130508
2025-05-28,85.35601043701172,86.41150695341499,84.4598305660099,85.61490853241182,3017434
2025-05-29,84.3602523803711,87.28777060962402,83.76280169605354,87.26785128184811,2275657
2025-05-30,85.1369400024414,85.21660212045998,83.8822882331408,84.5394893112975,4447385
2025-06-02,86.7898941040039,86.96912247268446,84.83821021239778,84.97761511936999,1884606
2025-06-03,88.54241943359375,88.76148646868734,84.93779580995633,87.30768694133661,2164560
2025-06-04,88.14411163330078,89.13986530451609,86.90937920815313,88.76148164437342,1871857
2025-06-05,88.14411163330078,88.14411163330078,88.14411163330078,88.14411163330078,0
2025-06-06,88.14411163330078,88.14411163330078,88.14411163330078,88.14411163330078,0
2025-06-09,88.14411163330078,88.14411163330078,88.14411163330078,88.14411163330078,0
2025-06-10,82.66747283935547,86.59074503860998,81.75138121421934,85.19668827162123,4991968
2025-06-11,85.19668579101562,85.29626724054255,82.34882954609967,82.56789657986212,1871502
2025-06-12,85.33609008789062,85.55515712007157,83.54373796431526,85.1170306527076,1327270
2025-06-13,84.45983123779297,84.45983123779297,82.36874992015518,83.36450365207776,1362750
2025-06-16,88.32334899902344,88.46275390744508,84.47973915940347,84.71872551412433,1723036
2025-06-17,88.26361083984375,89.10004793125736,86.41150827706875,87.42718134542827,1789308
2025-06-18,87.44709014892578,88.54241770602457,86.80980838490474,87.9250552704405,1380413
2025-06-19,86.1526107788086,87.76573458257687,85.93355133612239,86.9093857530824,779198
2025-06-20,87.04878997802734,88.32335354751876,86.35176540002362,86.43142752236638,4338119
2025-06-23,86.94921112060547,87.70598604532104,85.714478683331,86.25218658270802,1220644
2025-06-24,90.73307800292969,92.20678919414057,88.94071834118924,89.61783114706921,3021777
2025-06-25,92.00764465332031,92.48560218151535,90.47418302278189,91.54959885671761,1776994
2025-06-26,92.50552368164062,94.47711182647386,92.26654491193317,93.30212211299819,1985617
2025-06-27,95.094482421875,95.094482421875,91.94789694858159,93.58094007574529,0
2025-06-30,97.64360809326172,97.64360809326172,95.1741431032377,95.87116767372882,2332699
2025-07-01,91.98772430419922,98.6791904006766,90.95213954193505,98.57961654982384,3316016
2025-07-02,91.23095703125,93.56101705041264,90.07587908886322,92.88390422828884,2007169
2025-07-03,92.14704895019531,92.44577050407317,89.29919274063876,90.99197100360689,1745955
2025-07-04,92.16696166992188,92.82416277009622,91.35044392537063,91.64917307944951,821271
2025-07-07,94.53685760498047,94.53685760498047,92.46568810988936,92.78432898628817,1210959
2025-07-08,91.13137817382812,94.75592874610926,91.0716353809712,94.73600941715823,1824764
2025-07-09,92.00764465332031,92.2864544776004,90.6534189951045,91.68900376885765,1589551
2025-07-10,89.5979232788086,92.26654355855901,89.47843009720854,92.04747652412458,2129229
2025-07-11,91.29070281982422,91.29070281982422,88.00471245224426,88.44284652712109,1532912
2025-07-14,91.649169921875,91.649169921875,89.35893341150333,90.61358517961115,1296280
2025-07-15,92.82416534423828,93.34195394906963,90.97206277038299,92.1072214321655,1535636
2025-07-16,92.82416534423828,92.82416534423828,92.82416534423828,92.82416534423828,0
2025-07-17,95.13430786132812,95.13430786132812,91.98772257397987,92.9038217367887,1875629
2025-07-18,93.62075805664062,95.61226542527112,92.8639907263994,95.33345560918248,1871342
2025-07-21,93.62075805664062,93.62075805664062,93.62075805664062,93.62075805664062,0
2025-07-22,90.6534194946289,92.58518414063968,86.82972126300939,92.26654325442122,2906218
2025-07-23,90.6534194946289,90.6534194946289,90.6534194946289,90.6534194946289,0
2025-07-24,96.7474365234375,98.55970801696307,96.3690452421202,98.08174288156158,1937787
2025-07-25,96.4487075805664,97.9423381861746,95.37329172124896,96.42878825150602,1071654
2025-07-28,94.61651611328125,97.5241227795635,94.61651611328125,97.48429171871052,1198312
2025-07-29,97.48429107666016,97.86267475677415,95.9508294304118,96.24955858634254,1749930
2025-07-30,101.56687927246094,101.56687927246094,97.26522351303663,97.96224807708766,2312044
2025-07-31,101.56687927246094,104.4047758503801,101.31794084287158,103.30944827958649,1880160
2025-08-01,97.50420379638672,99.87410254505461,95.29362929169567,99.57537338609708,2793395
2025-08-04,98.6592788696289,99.77451815664102,97.28513389527775,97.68343689649545,1459452
2025-08-05,97.22538757324219,100.72048507642893,96.64784862230012,99.57536683838795,1994876
2025-08-06,98.2410659790039,99.15715758108267,92.26654363971069,97.46437169341746,3745976
2025-08-07,95.89108276367188,101.71624029297956,95.17413889600367,101.41751114911857,2044590
2025-08-08,95.59235382080078,96.78725520476169,94.71609331236262,95.61226555183444,1214526
2025-08-11,99.09740447998047,99.11732380821859,94.67626323584443,95.59235481285482,1027711
2025-08-12,99.09740447998047,99.09740447998047,99.09740447998047,99.09740447998047,0
2025-08-13,98.06182861328125,104.1558364507973,98.04190928478074,103.01071816595099,1774366
2025-08-14,98.06182861328125,98.06182861328125,98.06182861328125,98.06182861328125,0
2025-08-15,94.4372787475586,98.30080802643585,94.25805037185607,98.24106523453501,2004463
2025-08-18,96.40887451171875,96.6677726051254,92.62500735084484,94.59660305186814,1650005
2025-08-19,94.07881164550781,96.28937844811398,92.46568793841905,96.28937844811398,1750811
2025-08-20,91.370361328125,93.48135430286034,90.6534174510459,91.6093400881521,2011266
2025-08-21,92.60509490966797,93.18263388399701,91.58942946946682,91.60934120096186,1420803
2025-08-22,92.50552368164062,93.70042512717603,91.07163586939964,92.08730893540304,1606951
2025-08-25,91.29070281982422,92.02755845730043,89.55809344635387,90.61358997546827,1456709
2025-08-26,93.42161560058594,95.27371816509603,90.35469225752644,90.61359035713487,2479097
2025-08-27,90.89239501953125,93.64067731330697,90.13562009286885,93.60084625432496,1478647
2025-08-28,92.02755737304688,92.14705055487764,89.47843026997462,90.61358890787386,1828183
2025-08-29,90.33477783203125,92.90382422839937,89.5182600933016,91.92798224943081,1430736
2025-09-01,89.23944854736328,90.51401205668104,88.18394446864882,90.35468781951744,1711791
2025-09-02,84.04161071777344,90.25511145077826,83.92211754323579,89.3589316342397,4179855
2025-09-03,85.5750732421875,86.23226671710779,82.96619587932783,85.21660131150456,3019332
2025-09-04,88.74156951904297,89.7373231858307,85.01744533541854,85.93354448258142,2319725
2025-09-05,87.20811462402344,89.61783685849451,85.67465294836053,88.8809812159286,2495293
2025-09-08,87.20811462402344,87.20811462402344,87.20811462402344,87.20811462402344,0
2025-09-09,90.59367370605469,91.41019142479479,88.10428949074979,89.51825790176352,1978369
2025-09-10,94.73600769042969,95.13431069521161,91.46993672581416,93.10297220812193,2712838
2025-09-11,93.66059112548828,95.09447889271088,90.91231636764212,94.93515465324265,2637035
2025-09-12,92.76441955566406,94.69617659305094,91.3504435093938,94.05889482444938,1432770
2025-09-15,95.33345794677734,95.4330317982509,91.90807035470017,93.00339791490504,1690892
2025-09-16,93.64067840576172,95.85125282456669,93.28220646773941,95.59235473666217,1337809
2025-09-17,91.60934448242188,94.53686292192128,89.91656615578508,93.85975007186694,1609479
2025-09-18,94.77584075927734,95.7715944938371,93.54110825558271,93.79999875672962,1594194
2025-09-19,94.83557891845703,96.58810753280964,92.5652617301127,96.56819580177054,20145317
2025-09-22,94.83557891845703,94.83557891845703,94.83557891845703,94.83557891845703,0
2025-09-23,96.05039978027344,99.4160445089523,95.57244226461376,98.9380869932926,1524263
2025-09-24,98.2410659790039,98.99783333880914,95.97074110859415,96.42878690963354,1785091
2025-09-25,96.7474365234375,99.57537348381886,92.68475946201814,99.57537348381886,4070413
2025-09-26,98.3008041381836,98.65927606940531,96.32920851646416,96.46861342338397,1693859
2025-09-29,98.67919158935547,101.06900202359877,97.70335720344646,100.27239601318502,1681427
2025-09-30,98.67919158935547,98.67919158935547,98.67919158935547,98.67919158935547,0
2025-10-01,103.70774841308594,104.05626068545585,98.20123171864796,99.17706608128373,2742564
2025-10-02,107.98948669433594,109.88142026069686,105.84862229774117,106.09756072497292,3050256
2025-10-03,105.59968566894531,108.53715612150802,105.05201808090914,108.3877915432256,1236689
2025-10-06,105.59968566894531,105.59968566894531,105.59968566894531,105.59968566894531,0
2025-10-07,104.4545669555664,107.04352511332633,103.20987480308587,105.25116537495515,1884114
2025-10-08,104.4545669555664,104.4545669555664,104.4545669555664,104.4545669555664,0
2025-10-09,109.28396606445312,110.08057204495208,107.74054482611054,108.93545379685895,1184166
2025-10-10,105.54989624023438,109.03503432363834,105.35074853141055,108.53715745458064,1697223
2025-10-13,108.03927612304688,108.03927612304688,104.5043474599453,106.44607172726786,1262527
2025-10-14,105.69925689697266,105.69925689697266,100.07324696604894,105.54989232239988,2582557
2025-10-15,105.4503173828125,106.54564492337286,104.0064699728485,104.55413754162757,1552032
2025-10-16,104.85286712646484,105.50010095064232,103.16008128669891,105.00222410312254,1676088
2025-10-17,100.47154998779297,102.71199581587905,99.49570801776976,101.51708681603444,2052568
2025-10-20,101.51708984375,103.60817875659468,100.82006527080048,102.56263430017235,1612428
2025-10-21,99.05757904052734,101.865604103233,97.50419813986203,101.16857197176849,1677395
2025-10-22,95.3932113647461,102.76178296576978,93.99915460885038,99.3762263261635,3761445
2025-10-23,98.46012115478516,99.0177483816076,96.52836418132179,97.8029276763485,1651371
2025-10-24,103.35923767089844,104.20562680118368,99.874099701608,100.67069810781852,1650964
2025-10-27,102.56262969970703,106.04776760212427,101.51708529018278,104.9524400664784,1549611
2025-10-28,103.50859832763672,104.85287195544869,100.82006626600908,101.86561073275213,1258693
2025-10-29,106.39627838134766,107.44182277621395,104.05625877050146,104.15583261834644,1354382
2025-10-30,105.64946746826172,105.84862276913279,103.45881233766546,105.30095518798477,1271012
2025-10-31,106.84437561035156,107.39203559003126,105.20138047731675,106.54564645998236,1039281
2025-11-03,106.84437561035156,106.84437561035156,106.84437561035156,106.84437561035156,0
2025-11-04,109.0350341796875,109.58270177372718,105.74904380944561,106.5456498376855,2085551
2025-11-05,106.79458618164062,107.49161074495937,104.155837311366,106.04777089365713,1915371
2025-11-06,106.79458618164062,106.79458618164062,106.79458618164062,106.79458618164062,0
2025-11-07,106.79458618164062,106.79458618164062,106.79458618164062,106.79458618164062,0
2025-11-10,106.04776763916016,107.54139816928917,105.05201395240748,106.54564448253649,1744548
2025-11-11,107.04352569580078,108.23842712988493,105.54989510469659,106.54564883209939,1506647
2025-11-12,106.89415740966797,108.68651709562425,105.40052687037033,107.64097267931679,1802851
2025-11-13,106.89415740966797,106.89415740966797,106.89415740966797,106.89415740966797,0
2025-11-14,110.0307846069336,112.32102117148793,103.5583855124081,112.02229202063376,5173579
2025-11-17,113.76486206054688,114.31252964318239,110.5286624833322,111.52441619939825,1990358
2025-11-18,106.49585723876953,111.4746258351963,105.79883267406898,110.03078598103173,2660322
2025-11-19,108.48736572265625,111.42484378105053,107.09331657982295,107.24267356155649,1833459
2025-11-20,111.62398529052734,117.64829805457222,110.87717003533157,113.01804195295897,3331648
2025-11-21,100.37197875976562,105.94819811375304,99.92388502424106,104.55414137600668,6164090
2025-11-24,100.37197875976562,100.37197875976562,100.37197875976562,100.37197875976562,0
2025-11-25,106.39627838134766,106.94394593999145,102.463054413989,106.74479064730389,1582383
2025-11-26,106.39627838134766,106.39627838134766,106.39627838134766,106.39627838134766,0
2025-11-27,113.91422271728516,114.95975952497622,110.82738782310562,111.52441236156633,1518784
2025-11-28,114.8104019165039,115.75636487019244,113.4661283758971,113.76485751758699,1554607
2025-12-01,112.07208251953125,114.31252835544105,111.37505036793837,114.16316378031415,1570856
2025-12-02,115.55722045898438,116.60275729062792,113.21719317554864,114.51167603034297,2002799
2025-12-03,113.56571197509766,116.90148533458104,112.32101985611149,116.60275618722524,1675982
2025-12-04,116.6027603149414,116.90148947287216,114.31253129313184,116.50318646129718,1654328
2025-12-05,116.55297088623047,119.93852730911304,115.80615562877148,118.94277363250107,1839547
2025-12-08,116.9014892578125,119.29129972586792,115.55722324359323,118.54448442941298,1363272
2025-12-09,117.947021484375,119.14193046999289,116.95126779485896,118.59426290195997,1299343
2025-12-10,117.947021484375,117.947021484375,117.947021484375,117.947021484375,0
2025-12-11,122.9755859375,124.07091352361657,120.98407847292509,121.48195533906882,1754108
2025-12-12,117.74787902832031,124.31985215236183,117.10063758191512,124.31985215236183,1885977
2025-12-15,117.74787902832031,117.74787902832031,117.74787902832031,117.74787902832031,0
2025-12-16,118.89299774169922,119.73938689892401,117.49894099021233,117.69808869885412,1691462
2025-12-17,118.89299774169922,118.89299774169922,118.89299774169922,118.89299774169922,0
2025-12-18,118.89299774169922,118.89299774169922,118.89299774169922,118.89299774169922,0
2025-12-19,119.63980865478516,121.33258690712339,118.54448110344877,121.03386535512138,8110080
2025-12-22,118.7436294555664,121.23301372088227,116.65254819210067,121.03386601845615,1627649
2025-12-23,120.23725891113281,120.23725891113281,117.89723924261384,118.99256678989954,1132225
2025-12-29,120.08789825439453,121.1832258374093,118.19596464900646,121.1832258374093,1259134
2025-12-30,119.88874816894531,119.9883220205171,118.64405603180302,119.49044516566019,691887
